1000,0.302533,0.534239,17.56,16.43,1000,10,1,14.12+3.42=17.55,11.34+5.07=16.41,0
1000,0.278946,0.513940,34.07,33.20,1000,10,2,13.34+3.17=16.52,12.06+4.71=16.77,0
1000,0.272783,0.508402,50.68,49.85,1000,10,3,13.45+3.16=16.61,11.97+4.68=16.65,0
1000,0.269687,0.505429,67.40,66.72,1000,10,4,13.55+3.17=16.72,12.24+4.63=16.87,0
1000,0.268691,0.504481,84.19,83.87,1000,10,5,13.39+3.40=16.78,12.26+4.89=17.15,0
1000,0.267972,0.503781,101.00,100.84,1000,10,6,13.66+3.16=16.82,12.30+4.67=16.97,0
1000,0.267169,0.503028,117.79,117.81,1000,10,7,13.64+3.15=16.79,12.33+4.64=16.97,0
1000,0.266967,0.502888,134.69,134.87,1000,10,8,13.77+3.13=16.90,12.43+4.63=17.06,0
1000,0.266908,0.502849,151.63,151.73,1000,10,9,13.79+3.15=16.94,12.19+4.67=16.86,0
1000,0.266809,0.502765,168.56,168.64,1000,10,10,13.78+3.15=16.93,12.28+4.63=16.91,0
1000,0.260815,0.490666,17.97,16.41,1000,10,1,14.82+3.14=17.96,11.92+4.48=16.40,0
1000,0.235165,0.466701,33.08,31.51,1000,10,2,11.72+3.39=15.11,10.47+4.63=15.10,0
1000,0.228605,0.460271,48.22,46.67,1000,10,3,11.77+3.37=15.14,10.57+4.59=15.16,0
1000,0.225876,0.457541,63.53,61.60,1000,10,4,12.20+3.12=15.31,10.61+4.32=14.93,0
1000,0.224222,0.455876,78.87,76.53,1000,10,5,12.21+3.13=15.34,10.60+4.33=14.93,0
1000,0.223538,0.455224,94.14,91.42,1000,10,6,12.12+3.15=15.27,10.54+4.35=14.89,0
1000,0.223219,0.454916,109.52,106.27,1000,10,7,12.24+3.13=15.37,10.53+4.32=14.85,0
1000,0.222974,0.454659,124.62,121.28,1000,10,8,11.96+3.15=15.11,10.65+4.35=15.00,0
1000,0.222804,0.454523,139.92,136.24,1000,10,9,12.18+3.12=15.30,10.67+4.29=14.96,0
1000,0.222697,0.454426,155.08,151.25,1000,10,10,12.03+3.13=15.16,10.69+4.32=15.01,0
1000,0.248975,0.477477,17.77,16.07,1000,10,1,14.63+3.12=17.75,11.67+4.39=16.06,0
1000,0.221114,0.450561,32.71,30.63,1000,10,2,11.83+3.11=14.94,10.31+4.25=14.56,0
1000,0.215474,0.444980,47.27,45.05,1000,10,3,11.48+3.08=14.56,10.26+4.16=14.42,0
1000,0.213047,0.442532,62.01,59.76,1000,10,4,11.39+3.35=14.74,10.26+4.45=14.71,0
1000,0.211894,0.441351,76.80,74.39,1000,10,5,11.69+3.10=14.79,10.50+4.13=14.63,0
1000,0.211121,0.440628,91.69,88.82,1000,10,6,11.78+3.12=14.89,10.24+4.19=14.43,0
1000,0.210836,0.440367,106.57,103.29,1000,10,7,11.79+3.09=14.88,10.29+4.18=14.47,0
1000,0.210651,0.440164,121.36,117.74,1000,10,8,11.67+3.12=14.79,10.25+4.20=14.45,0
1000,0.210567,0.440077,136.13,132.16,1000,10,9,11.45+3.33=14.78,10.03+4.39=14.42,0
1000,0.210552,0.440068,150.90,146.63,1000,10,10,11.41+3.35=14.77,10.04+4.43=14.47,0
1000,0.247925,0.476004,17.81,15.94,1000,10,1,14.66+3.13=17.79,11.61+4.32=15.93,0
999,0.217488,0.446777,32.72,30.40,1000,10,2,11.80+3.11=14.91,10.30+4.16=14.46,0
999,0.212264,0.441531,47.79,45.19,1000,10,3,11.97+3.11=15.08,10.70+4.09=14.79,0
999,0.210263,0.439640,62.94,60.15,1000,10,4,12.02+3.13=15.15,10.83+4.13=14.96,0
999,0.209145,0.438547,78.10,74.80,1000,10,5,12.05+3.12=15.16,10.55+4.10=14.65,0
999,0.208540,0.437951,93.08,89.40,1000,10,6,11.89+3.08=14.97,10.52+4.08=14.60,0
999,0.208165,0.437544,108.15,104.24,1000,10,7,11.98+3.09=15.07,10.73+4.11=14.84,0
999,0.207979,0.437366,123.13,118.66,1000,10,8,11.87+3.11=14.98,10.30+4.12=14.42,0
999,0.207869,0.437264,138.26,133.12,1000,10,9,11.97+3.16=15.13,10.31+4.15=14.46,0
999,0.207818,0.437214,153.32,147.92,1000,10,10,11.97+3.09=15.06,10.70+4.10=14.80,0
1000,0.252542,0.480610,17.70,16.46,1000,10,1,13.87+3.82=17.69,11.51+4.94=16.45,0
984,0.217798,0.447693,32.41,30.56,1000,10,2,11.34+3.37=14.71,9.73+4.37=14.10,0
984,0.213296,0.443213,46.86,45.18,1000,10,3,11.12+3.33=14.45,10.30+4.32=14.62,0
984,0.211194,0.441276,61.15,59.53,1000,10,4,11.18+3.11=14.29,10.29+4.06=14.35,0
984,0.210072,0.440246,75.57,73.85,1000,10,5,11.34+3.08=14.42,10.28+4.04=14.32,0
984,0.209908,0.440115,89.99,88.38,1000,10,6,11.10+3.32=14.42,10.24+4.29=14.53,0
984,0.209752,0.439944,104.50,102.77,1000,10,7,11.16+3.35=14.51,10.05+4.34=14.39,0
984,0.209600,0.439805,118.85,117.06,1000,10,8,11.25+3.11=14.35,10.21+4.08=14.29,0
984,0.209536,0.439738,133.25,131.32,1000,10,9,11.31+3.09=14.40,10.21+4.05=14.26,0
984,0.209536,0.439738,147.50,145.41,1000,10,10,11.12+3.13=14.26,10.01+4.08=14.09,0
1000,0.262764,0.491247,17.59,16.13,1000,10,1,14.19+3.39=17.58,11.60+4.52=16.12,0
957,0.222236,0.453303,31.09,29.22,1000,10,2,10.41+3.09=13.50,9.02+4.07=13.09,0
957,0.217480,0.448748,44.81,42.77,1000,10,3,10.44+3.29=13.72,9.32+4.23=13.55,0
957,0.215778,0.447107,58.41,56.17,1000,10,4,10.50+3.10=13.60,9.35+4.05=13.40,0
957,0.215034,0.446446,72.24,69.48,1000,10,5,10.72+3.11=13.83,9.25+4.06=13.31,0
957,0.214639,0.446048,85.80,82.87,1000,10,6,10.48+3.08=13.56,9.35+4.04=13.39,0
957,0.214448,0.445885,99.42,96.30,1000,10,7,10.52+3.10=13.62,9.36+4.07=13.43,0
957,0.214298,0.445758,113.17,109.68,1000,10,8,10.66+3.10=13.76,9.33+4.05=13.38,0
957,0.214247,0.445717,126.95,123.13,1000,10,9,10.68+3.09=13.77,9.42+4.03=13.45,0
957,0.214247,0.445717,140.73,136.49,1000,10,10,10.69+3.09=13.79,9.30+4.06=13.36,0
1000,0.282241,0.510808,17.42,15.90,1000,10,1,14.07+3.34=17.41,11.51+4.38=15.89,0
870,0.233152,0.466276,31.16,29.20,1000,10,2,10.63+3.10=13.73,9.24+4.06=13.30,0
870,0.227935,0.461621,44.70,42.40,1000,10,3,10.12+3.42=13.54,8.85+4.35=13.20,0
870,0.225949,0.459829,58.11,55.94,1000,10,4,9.80+3.62=13.42,9.00+4.54=13.54,0
869,0.225032,0.459015,71.67,68.98,1000,10,5,10.16+3.40=13.56,8.72+4.32=13.04,0
869,0.224623,0.458625,84.95,81.98,1000,10,6,9.88+3.39=13.27,8.62+4.38=13.00,0
869,0.224618,0.458648,98.10,95.04,1000,10,7,9.77+3.38=13.15,8.75+4.31=13.06,0
869,0.224535,0.458572,111.45,107.85,1000,10,8,9.99+3.37=13.36,8.55+4.26=12.81,0
869,0.224499,0.458535,124.81,120.78,1000,10,9,10.00+3.36=13.36,8.64+4.29=12.93,0
869,0.224411,0.458448,138.29,134.34,1000,10,10,9.80+3.68=13.48,8.95+4.61=13.56,0
1000,0.319197,0.545748,17.56,15.96,1000,10,1,13.88+3.67=17.55,11.34+4.60=15.94,0
750,0.259295,0.493657,31.34,29.42,1000,10,2,10.67+3.11=13.78,9.44+4.02=13.46,0
747,0.252407,0.487924,43.25,40.73,1000,10,3,8.80+3.11=11.91,7.30+4.01=11.31,0
746,0.250416,0.486339,54.76,51.90,1000,10,4,8.39+3.12=11.50,7.15+4.02=11.17,0
745,0.249273,0.485377,66.27,63.36,1000,10,5,8.41+3.10=11.51,7.49+3.97=11.46,0
745,0.249037,0.485183,77.65,74.72,1000,10,6,8.28+3.11=11.38,7.36+4.00=11.36,0
745,0.248172,0.484396,89.01,86.06,1000,10,7,8.27+3.09=11.36,7.34+4.00=11.34,0
745,0.248030,0.484337,100.43,97.46,1000,10,8,8.32+3.10=11.42,7.36+4.04=11.40,0
745,0.248162,0.484448,111.79,108.76,1000,10,9,8.24+3.12=11.35,7.27+4.03=11.30,0
745,0.248205,0.484580,123.15,120.06,1000,10,10,8.25+3.12=11.37,7.27+4.03=11.30,0
1000,0.394545,0.610322,17.78,16.11,1000,10,1,14.06+3.71=17.76,11.60+4.49=16.09,0
536,0.311188,0.544441,29.81,27.73,1000,10,2,8.86+3.17=12.03,7.57+4.05=11.62,0
534,0.305392,0.540098,38.45,36.76,1000,10,3,5.21+3.43=8.64,4.77+4.26=9.03,0
531,0.301091,0.536350,47.25,45.62,1000,10,4,5.63+3.17=8.80,4.85+4.01=8.86,0
528,0.299392,0.535330,55.92,54.31,1000,10,5,5.54+3.13=8.67,4.70+3.99=8.69,0
527,0.299585,0.535467,64.59,63.20,1000,10,6,5.29+3.38=8.67,4.67+4.22=8.89,0
526,0.299178,0.535241,72.88,71.72,1000,10,7,5.13+3.16=8.28,4.50+4.02=8.52,0
526,0.299101,0.535101,81.40,80.29,1000,10,8,5.37+3.15=8.52,4.56+4.01=8.57,0
524,0.301057,0.536719,89.91,88.86,1000,10,9,5.34+3.17=8.51,4.54+4.03=8.57,0
523,0.298678,0.534880,98.41,97.39,1000,10,10,5.32+3.17=8.50,4.47+4.06=8.53,0
1000,0.254875,0.485031,17.69,16.07,1000,10,1,14.55+3.13=17.68,11.62+4.44=16.06,0
1000,0.229857,0.461233,32.62,30.70,1000,10,2,11.78+3.15=14.92,10.25+4.38=14.63,0
1000,0.223767,0.455179,47.61,45.39,1000,10,3,11.86+3.13=14.99,10.38+4.31=14.69,0
1000,0.221087,0.452519,62.70,60.05,1000,10,4,11.98+3.11=15.09,10.41+4.25=14.66,0
1000,0.219667,0.451073,77.56,74.78,1000,10,5,11.75+3.10=14.86,10.48+4.25=14.73,0
1000,0.219194,0.450598,92.49,89.60,1000,10,6,11.78+3.16=14.93,10.52+4.30=14.82,0
1000,0.219030,0.450432,107.52,104.27,1000,10,7,11.89+3.14=15.03,10.39+4.28=14.67,0
1000,0.218961,0.450363,122.62,119.04,1000,10,8,11.95+3.14=15.10,10.48+4.29=14.77,0
1000,0.218889,0.450291,137.67,133.83,1000,10,9,11.90+3.14=15.04,10.49+4.30=14.79,0
1000,0.218866,0.450267,152.69,148.61,1000,10,10,11.88+3.14=15.03,10.47+4.31=14.78,0
1000,0.251449,0.480978,18.05,15.98,1000,10,1,14.89+3.15=18.04,11.57+4.40=15.97,0
1000,0.225438,0.456256,33.06,30.62,1000,10,2,11.87+3.13=15.01,10.34+4.30=14.64,0
1000,0.219584,0.450494,47.87,45.10,1000,10,3,11.67+3.14=14.81,10.18+4.30=14.48,0
1000,0.217142,0.447967,62.92,59.54,1000,10,4,11.96+3.09=15.05,10.24+4.20=14.44,0
1000,0.215840,0.446601,77.96,73.92,1000,10,5,11.94+3.10=15.04,10.14+4.24=14.38,0
1000,0.215386,0.446119,92.97,88.48,1000,10,6,11.92+3.10=15.01,10.33+4.23=14.56,0
1000,0.214985,0.445660,107.82,102.88,1000,10,7,11.74+3.11=14.84,10.16+4.24=14.40,0
1000,0.214874,0.445530,122.72,117.35,1000,10,8,11.81+3.09=14.90,10.26+4.21=14.47,0
1000,0.214790,0.445418,137.46,131.59,1000,10,9,11.63+3.12=14.75,10.01+4.23=14.24,0
1000,0.214783,0.445410,152.45,146.12,1000,10,10,11.63+3.35=14.98,10.05+4.48=14.53,0
1000,0.246083,0.474248,17.75,15.97,1000,10,1,14.61+3.13=17.74,11.66+4.30=15.96,0
1000,0.217106,0.446419,32.65,30.33,1000,10,2,11.78+3.12=14.90,10.15+4.21=14.36,0
1000,0.211696,0.440998,47.55,45.02,1000,10,3,11.81+3.08=14.90,10.55+4.14=14.69,0
1000,0.209195,0.438412,62.45,59.34,1000,10,4,11.79+3.10=14.90,10.17+4.15=14.32,0
1000,0.208102,0.437314,77.29,73.89,1000,10,5,11.75+3.10=14.85,10.39+4.16=14.55,0
1000,0.207575,0.436759,92.14,88.51,1000,10,6,11.52+3.33=14.85,10.23+4.39=14.62,0
1000,0.207260,0.436460,107.09,102.90,1000,10,7,11.83+3.12=14.95,10.22+4.17=14.39,0
1000,0.207015,0.436203,122.01,117.35,1000,10,8,11.78+3.13=14.92,10.30+4.15=14.45,0
1000,0.206825,0.435998,136.89,131.98,1000,10,9,11.81+3.08=14.89,10.51+4.12=14.63,0
1000,0.206725,0.435900,151.90,146.54,1000,10,10,11.91+3.09=15.00,10.42+4.14=14.56,0
1000,0.247660,0.475192,17.66,15.72,1000,10,1,14.57+3.08=17.65,11.47+4.23=15.70,0
999,0.214734,0.443874,32.50,30.03,1000,10,2,11.78+3.06=14.84,10.22+4.09=14.31,0
999,0.210029,0.439232,47.41,44.13,1000,10,3,11.85+3.06=14.91,10.02+4.08=14.10,0
999,0.207730,0.436927,62.38,58.61,1000,10,4,11.88+3.09=14.97,10.38+4.10=14.48,0
999,0.206625,0.435871,77.34,72.68,1000,10,5,11.92+3.05=14.96,10.04+4.03=14.07,0
999,0.206273,0.435507,92.23,87.06,1000,10,6,11.54+3.35=14.89,10.03+4.35=14.38,0
999,0.206062,0.435289,107.19,101.46,1000,10,7,11.85+3.11=14.96,10.31+4.09=14.40,0
999,0.205960,0.435180,122.06,115.91,1000,10,8,11.56+3.31=14.87,10.14+4.31=14.45,0
999,0.205877,0.435099,137.01,130.04,1000,10,9,11.87+3.08=14.95,10.08+4.05=14.13,0
999,0.205852,0.435074,151.78,144.39,1000,10,10,11.67+3.10=14.77,10.29+4.06=14.35,0
1000,0.254330,0.481924,17.47,16.01,1000,10,1,14.05+3.41=17.46,11.49+4.50=15.99,0
978,0.216242,0.446044,32.06,29.56,1000,10,2,11.47+3.13=14.60,9.46+4.09=13.55,0
978,0.211969,0.441920,45.82,43.07,1000,10,3,10.41+3.35=13.76,9.21+4.30=13.51,0
978,0.209938,0.439938,59.66,56.54,1000,10,4,10.71+3.13=13.84,9.38+4.09=13.47,0
978,0.209028,0.439068,73.43,69.86,1000,10,5,10.65+3.11=13.76,9.24+4.08=13.32,0
978,0.208803,0.438866,87.21,83.96,1000,10,6,10.20+3.57=13.78,9.55+4.55=14.10,0
978,0.208645,0.438709,100.95,97.39,1000,10,7,10.43+3.31=13.74,9.18+4.25=13.43,0
978,0.208575,0.438650,114.69,111.46,1000,10,8,10.14+3.61=13.74,9.47+4.60=14.07,0
978,0.208553,0.438628,128.45,124.69,1000,10,9,10.68+3.08=13.76,9.19+4.04=13.23,0
978,0.208549,0.438625,142.25,138.37,1000,10,10,10.45+3.36=13.80,9.35+4.33=13.68,0
1000,0.267566,0.495772,17.63,15.97,1000,10,1,14.15+3.47=17.62,11.53+4.44=15.97,0
932,0.221812,0.453353,31.21,29.07,1000,10,2,10.45+3.12=13.58,9.01+4.09=13.10,0
932,0.217572,0.449094,44.95,42.33,1000,10,3,10.62+3.13=13.74,9.20+4.06=13.26,0
932,0.216093,0.447802,58.72,55.76,1000,10,4,10.40+3.37=13.77,9.14+4.29=13.43,0
932,0.215419,0.447186,72.67,69.36,1000,10,5,10.86+3.10=13.95,9.57+4.03=13.60,0
932,0.215247,0.447042,86.44,82.85,1000,10,6,10.42+3.36=13.77,9.20+4.29=13.49,0
932,0.215221,0.447027,100.01,96.05,1000,10,7,10.45+3.12=13.57,9.14+4.06=13.20,0
932,0.215215,0.447022,113.68,109.81,1000,10,8,10.30+3.37=13.66,9.47+4.29=13.76,0
932,0.215214,0.447021,127.38,123.19,1000,10,9,10.59+3.12=13.70,9.35+4.03=13.38,0
932,0.215214,0.447021,141.08,136.41,1000,10,10,10.60+3.11=13.70,9.19+4.03=13.22,0
1000,0.289874,0.517884,17.74,15.91,1000,10,1,14.14+3.59=17.73,11.39+4.51=15.90,0
831,0.237044,0.470604,31.64,29.37,1000,10,2,10.51+3.38=13.90,9.19+4.27=13.46,0
831,0.231806,0.465930,44.19,41.38,1000,10,3,9.45+3.11=12.56,7.97+4.04=12.01,0
831,0.229180,0.463632,56.78,53.71,1000,10,4,9.21+3.37=12.58,8.05+4.28=12.33,0
830,0.228319,0.462795,68.94,65.61,1000,10,5,9.05+3.12=12.16,7.86+4.04=11.90,0
830,0.228077,0.462592,81.04,77.56,1000,10,6,8.98+3.13=12.10,7.88+4.07=11.95,0
830,0.227862,0.462407,93.28,89.51,1000,10,7,9.10+3.14=12.24,7.89+4.06=11.95,0
830,0.227913,0.462464,105.47,101.52,1000,10,8,8.83+3.36=12.19,7.75+4.26=12.01,0
830,0.227834,0.462397,117.68,113.35,1000,10,9,9.09+3.12=12.20,7.79+4.04=11.83,0
830,0.227821,0.462387,130.00,125.26,1000,10,10,9.19+3.14=12.33,7.88+4.03=11.91,0
1000,0.328901,0.554195,17.47,15.79,1000,10,1,14.12+3.34=17.46,11.53+4.25=15.78,0
714,0.263783,0.498081,30.93,28.67,1000,10,2,10.39+3.08=13.47,8.91+3.97=12.88,0
711,0.259681,0.495036,41.76,39.63,1000,10,3,7.77+3.06=10.83,6.97+3.99=10.96,0
709,0.256756,0.492865,52.50,50.64,1000,10,4,7.45+3.29=10.74,6.83+4.18=11.01,0
708,0.255279,0.491666,63.32,61.73,1000,10,5,7.53+3.29=10.82,6.91+4.18=11.09,0
708,0.254657,0.491158,74.18,72.63,1000,10,6,7.77+3.09=10.86,6.87+4.03=10.90,0
708,0.254461,0.491005,84.82,83.49,1000,10,7,7.55+3.08=10.64,6.92+3.94=10.86,0
708,0.254489,0.491031,95.56,94.32,1000,10,8,7.65+3.09=10.74,6.85+3.98=10.83,0
708,0.254490,0.491034,106.41,105.43,1000,10,9,7.54+3.31=10.85,6.90+4.21=11.11,0
708,0.254467,0.491008,117.21,116.52,1000,10,10,7.49+3.31=10.80,6.90+4.19=11.09,0
1000,0.405356,0.618641,17.73,15.72,1000,10,1,14.35+3.37=17.72,11.52+4.19=15.71,0
497,0.316406,0.548909,29.90,27.64,1000,10,2,8.75+3.41=12.16,7.66+4.26=11.92,0
490,0.310793,0.544398,37.94,36.09,1000,10,3,4.90+3.15=8.05,4.45+4.00=8.45,0
488,0.308628,0.542893,46.17,44.96,1000,10,4,4.82+3.41=8.22,4.59+4.28=8.87,0
488,0.307043,0.541919,54.42,53.85,1000,10,5,4.86+3.39=8.25,4.63+4.26=8.89,0
487,0.306987,0.542017,62.53,62.60,1000,10,6,4.76+3.35=8.11,4.55+4.20=8.75,0
487,0.306468,0.541613,70.54,71.21,1000,10,7,4.91+3.09=8.00,4.65+3.96=8.61,0
487,0.307250,0.542258,78.43,79.73,1000,10,8,4.80+3.09=7.90,4.58+3.94=8.52,0
487,0.307883,0.542643,86.52,88.42,1000,10,9,4.80+3.28=8.09,4.55+4.14=8.69,0
486,0.307052,0.542098,94.78,97.28,1000,10,10,4.80+3.46=8.26,4.56+4.30=8.86,0
1000,0.245340,0.473863,17.31,15.79,1000,10,1,14.16+3.14=17.30,11.44+4.33=15.77,0
1000,0.217275,0.446740,32.09,29.78,1000,10,2,11.66+3.12=14.78,9.79+4.20=13.99,0
1000,0.212250,0.441652,46.79,43.57,1000,10,3,11.59+3.12=14.71,9.63+4.16=13.79,0
1000,0.210077,0.439411,61.34,57.63,1000,10,4,11.42+3.14=14.55,9.90+4.16=14.06,0
1000,0.209413,0.438703,76.10,71.41,1000,10,5,11.63+3.13=14.76,9.64+4.14=13.78,0
1000,0.209015,0.438268,90.75,85.70,1000,10,6,11.54+3.11=14.65,10.14+4.15=14.29,0
1000,0.208638,0.437925,105.54,99.67,1000,10,7,11.67+3.12=14.79,9.84+4.13=13.97,0
1000,0.208522,0.437811,120.35,113.70,1000,10,8,11.68+3.12=14.81,9.86+4.17=14.03,0
1000,0.208422,0.437696,134.89,127.71,1000,10,9,11.46+3.08=14.55,9.88+4.13=14.01,0
1000,0.208384,0.437658,149.73,141.77,1000,10,10,11.74+3.10=14.84,9.92+4.14=14.06,0
1000,0.245390,0.473863,17.62,16.18,1000,10,1,14.16+3.45=17.61,11.55+4.62=16.17,0
1000,0.217229,0.446684,32.54,31.15,1000,10,2,11.21+3.71=14.92,10.18+4.79=14.97,0
1000,0.212162,0.441572,47.43,46.16,1000,10,3,11.17+3.72=14.89,10.25+4.76=15.01,0
1000,0.210103,0.439460,62.40,60.75,1000,10,4,11.59+3.38=14.98,10.18+4.41=14.59,0
1000,0.209143,0.438535,77.37,75.35,1000,10,5,11.53+3.44=14.96,10.15+4.45=14.60,0
1000,0.208692,0.438047,92.23,90.10,1000,10,6,11.35+3.51=14.87,10.19+4.56=14.75,0
1000,0.208372,0.437704,107.17,105.06,1000,10,7,11.17+3.77=14.94,10.13+4.83=14.96,0
1000,0.208286,0.437614,121.91,119.42,1000,10,8,11.59+3.15=14.74,10.21+4.15=14.36,0
1000,0.208259,0.437587,136.86,134.03,1000,10,9,11.59+3.36=14.95,10.23+4.38=14.61,0
1000,0.208263,0.437585,151.80,148.86,1000,10,10,11.30+3.64=14.94,10.17+4.66=14.83,0
1000,0.245760,0.473788,17.75,16.39,1000,10,1,13.95+3.79=17.74,11.48+4.90=16.38,0
1000,0.215465,0.444711,32.80,31.11,1000,10,2,11.67+3.38=15.04,10.29+4.43=14.72,0
1000,0.210045,0.439295,47.86,46.12,1000,10,3,11.30+3.76=15.06,10.23+4.78=15.01,0
1000,0.207886,0.437161,62.85,60.99,1000,10,4,11.27+3.73=15.00,10.18+4.69=14.87,0
1000,0.206947,0.436249,77.97,76.23,1000,10,5,11.09+4.03=15.12,10.18+5.06=15.24,0
1000,0.206674,0.435956,92.77,91.14,1000,10,6,11.07+3.72=14.80,10.24+4.67=14.91,0
1000,0.206535,0.435797,107.77,106.28,1000,10,7,11.04+3.96=15.00,10.18+4.96=15.14,0
1000,0.206434,0.435696,122.69,121.18,1000,10,8,11.19+3.73=14.92,10.17+4.73=14.90,0
1000,0.206376,0.435637,137.68,136.14,1000,10,9,11.25+3.73=14.99,10.21+4.75=14.96,0
1000,0.206372,0.435633,152.73,151.04,1000,10,10,11.39+3.66=15.05,10.25+4.65=14.90,0
1000,0.249106,0.476447,17.52,16.01,1000,10,1,14.01+3.50=17.51,11.38+4.61=15.99,0
996,0.214528,0.443739,32.20,30.02,1000,10,2,11.32+3.36=14.68,9.65+4.36=14.01,0
996,0.209543,0.438711,46.99,44.18,1000,10,3,11.71+3.08=14.79,10.08+4.08=14.16,0
996,0.207726,0.436894,61.69,58.37,1000,10,4,11.61+3.09=14.71,10.08+4.11=14.19,0
996,0.207153,0.436372,76.54,72.57,1000,10,5,11.74+3.11=14.85,10.12+4.08=14.20,0
996,0.207008,0.436242,91.43,86.75,1000,10,6,11.77+3.12=14.89,10.07+4.11=14.18,0
996,0.206893,0.436113,106.07,100.87,1000,10,7,11.51+3.13=14.64,9.99+4.13=14.12,0
996,0.206796,0.436011,120.78,115.20,1000,10,8,11.33+3.37=14.71,9.98+4.35=14.33,0
996,0.206766,0.435966,135.54,129.65,1000,10,9,11.39+3.37=14.77,10.13+4.32=14.45,0
996,0.206762,0.435962,150.45,144.08,1000,10,10,11.80+3.11=14.90,10.33+4.10=14.43,0
1000,0.256985,0.484281,17.59,15.63,1000,10,1,14.47+3.11=17.58,11.45+4.16=15.61,0
971,0.216696,0.446749,31.05,28.74,1000,10,2,10.36+3.10=13.46,9.03+4.08=13.11,0
971,0.212517,0.442673,44.62,42.09,1000,10,3,10.48+3.09=13.57,9.32+4.03=13.35,0
971,0.210962,0.441147,58.18,55.46,1000,10,4,10.48+3.08=13.56,9.32+4.05=13.37,0
971,0.210316,0.440581,71.81,68.86,1000,10,5,10.53+3.10=13.63,9.33+4.07=13.40,0
971,0.210200,0.440517,85.20,82.17,1000,10,6,10.30+3.09=13.39,9.28+4.03=13.31,0
971,0.210035,0.440355,98.81,95.50,1000,10,7,10.53+3.09=13.61,9.31+4.02=13.33,0
971,0.209884,0.440220,112.48,108.78,1000,10,8,10.58+3.09=13.67,9.24+4.04=13.28,0
971,0.209768,0.440109,126.35,122.13,1000,10,9,10.78+3.09=13.87,9.31+4.04=13.35,0
971,0.209749,0.440090,140.08,135.60,1000,10,10,10.62+3.11=13.73,9.43+4.04=13.47,0
1000,0.271889,0.499855,17.75,15.79,1000,10,1,14.60+3.14=17.74,11.67+4.10=15.77,0
916,0.224126,0.455877,31.69,29.37,1000,10,2,10.83+3.11=13.94,9.53+4.05=13.58,0
916,0.219571,0.451538,45.67,42.97,1000,10,3,10.88+3.10=13.98,9.60+4.00=13.60,0
916,0.217864,0.449904,59.64,56.84,1000,10,4,10.84+3.12=13.97,9.84+4.03=13.87,0
916,0.217440,0.449512,73.61,70.54,1000,10,5,10.84+3.13=13.97,9.64+4.06=13.70,0
916,0.216922,0.449037,87.68,84.57,1000,10,6,10.91+3.16=14.07,9.94+4.09=14.03,0
916,0.216827,0.448975,101.75,98.56,1000,10,7,10.96+3.12=14.08,9.94+4.05=13.99,0
916,0.216820,0.448977,115.74,112.40,1000,10,8,10.87+3.12=13.99,9.82+4.02=13.84,0
916,0.216815,0.448973,129.73,126.27,1000,10,9,10.86+3.12=13.98,9.81+4.06=13.87,0
916,0.216815,0.448973,143.69,140.15,1000,10,10,10.85+3.12=13.97,9.85+4.03=13.88,0
1000,0.294799,0.522400,17.95,15.93,1000,10,1,14.85+3.09=17.94,11.77+4.15=15.92,0
810,0.240571,0.474211,31.64,29.18,1000,10,2,10.63+3.06=13.69,9.22+4.03=13.25,0
810,0.235785,0.470077,43.24,40.49,1000,10,3,8.54+3.07=11.61,7.35+3.96=11.31,0
810,0.233605,0.468166,54.80,51.81,1000,10,4,8.48+3.08=11.56,7.31+4.01=11.32,0
810,0.232149,0.466811,66.19,63.02,1000,10,5,8.32+3.07=11.39,7.24+3.97=11.21,0
810,0.231749,0.466494,77.70,74.26,1000,10,6,8.44+3.07=11.51,7.22+4.02=11.24,0
810,0.231595,0.466399,89.29,85.56,1000,10,7,8.49+3.10=11.59,7.29+4.01=11.30,0
809,0.231442,0.466267,100.93,96.88,1000,10,8,8.54+3.10=11.64,7.30+4.02=11.32,0
809,0.231380,0.466221,112.43,108.18,1000,10,9,8.40+3.10=11.50,7.27+4.03=11.30,0
809,0.231342,0.466193,123.96,119.37,1000,10,10,8.46+3.08=11.54,7.22+3.97=11.19,0
1000,0.335471,0.559859,17.70,16.02,1000,10,1,14.24+3.45=17.69,11.64+4.37=16.01,0
684,0.270502,0.504197,30.99,28.71,1000,10,2,10.15+3.13=13.28,8.66+4.03=12.69,0
682,0.265502,0.500709,41.50,39.44,1000,10,3,7.40+3.12=10.51,6.71+4.02=10.73,0
677,0.262758,0.498712,52.01,49.96,1000,10,4,7.40+3.11=10.51,6.49+4.03=10.52,0
675,0.261248,0.497458,62.26,60.39,1000,10,5,7.13+3.12=10.25,6.41+4.02=10.43,0
674,0.260297,0.496646,72.44,70.65,1000,10,6,7.06+3.12=10.18,6.27+3.99=10.26,0
674,0.259949,0.496365,82.69,81.21,1000,10,7,6.91+3.34=10.25,6.35+4.21=10.56,0
674,0.259912,0.496335,92.86,91.63,1000,10,8,7.06+3.11=10.17,6.40+4.02=10.42,0
674,0.259934,0.496354,103.15,101.99,1000,10,9,7.18+3.11=10.29,6.37+3.99=10.36,0
674,0.259911,0.496335,113.50,112.38,1000,10,10,7.25+3.11=10.35,6.44+3.95=10.39,0
1000,0.416126,0.626947,17.50,15.69,1000,10,1,14.14+3.35=17.49,11.56+4.12=15.68,0
476,0.324155,0.555365,29.74,27.44,1000,10,2,8.84+3.40=12.23,7.54+4.21=11.75,0
467,0.317275,0.549928,37.80,36.10,1000,10,3,4.73+3.33=8.06,4.50+4.16=8.66,0
462,0.315101,0.548261,45.65,44.35,1000,10,4,4.73+3.12=7.84,4.29+3.96=8.25,0
459,0.314620,0.548774,53.49,52.77,1000,10,5,4.50+3.34=7.84,4.25+4.17=8.42,0
458,0.312401,0.546892,60.66,60.58,1000,10,6,4.04+3.13=7.17,3.81+4.00=7.81,0
458,0.312862,0.547327,68.00,68.53,1000,10,7,3.98+3.36=7.34,3.75+4.20=7.95,0
456,0.312549,0.547167,75.10,76.26,1000,10,8,3.73+3.37=7.09,3.52+4.21=7.73,0
456,0.312585,0.547217,81.84,83.61,1000,10,9,3.60+3.15=6.74,3.35+4.00=7.35,0
456,0.313438,0.548178,88.54,90.87,1000,10,10,3.58+3.12=6.70,3.34+3.92=7.26,0
1000,0.247225,0.475085,17.71,15.48,1000,10,1,14.57+3.12=17.70,11.21+4.26=15.47,0
996,0.215371,0.444790,32.27,29.53,1000,10,2,11.46+3.10=14.56,9.93+4.12=14.05,0
996,0.210206,0.439756,47.01,43.62,1000,10,3,11.65+3.09=14.75,9.96+4.13=14.09,0
996,0.208444,0.438048,61.75,57.71,1000,10,4,11.61+3.12=14.73,10.00+4.09=14.09,0
996,0.207815,0.437378,76.54,71.81,1000,10,5,11.68+3.11=14.79,9.99+4.11=14.10,0
996,0.207598,0.437177,91.30,85.83,1000,10,6,11.68+3.09=14.76,9.97+4.05=14.02,0
996,0.207534,0.437121,106.02,100.16,1000,10,7,11.39+3.33=14.72,10.01+4.32=14.33,0
996,0.207517,0.437106,120.76,114.46,1000,10,8,11.61+3.13=14.74,10.23+4.07=14.30,0
996,0.207496,0.437088,135.50,128.72,1000,10,9,11.65+3.10=14.75,10.18+4.08=14.26,0
996,0.207496,0.437088,150.28,142.76,1000,10,10,11.69+3.09=14.78,9.97+4.07=14.04,0
1000,0.247410,0.475252,17.78,15.69,1000,10,1,14.65+3.11=17.77,11.46+4.22=15.68,0
996,0.215501,0.444937,32.54,30.03,1000,10,2,11.18+3.59=14.76,9.75+4.59=14.34,0
996,0.210507,0.440061,47.30,44.04,1000,10,3,11.66+3.11=14.76,9.92+4.09=14.01,0
996,0.208548,0.438151,62.02,58.23,1000,10,4,11.61+3.11=14.72,10.09+4.10=14.19,0
996,0.207877,0.437411,76.79,72.35,1000,10,5,11.67+3.10=14.77,10.03+4.09=14.12,0
996,0.207644,0.437185,91.51,86.46,1000,10,6,11.62+3.10=14.72,10.03+4.08=14.11,0
996,0.207568,0.437118,106.34,100.56,1000,10,7,11.74+3.10=14.83,10.04+4.06=14.10,0
996,0.207539,0.437093,121.17,114.68,1000,10,8,11.73+3.09=14.82,10.02+4.10=14.12,0
996,0.207520,0.437077,135.64,128.60,1000,10,9,11.37+3.11=14.48,9.84+4.08=13.92,0
996,0.207514,0.437071,150.49,142.67,1000,10,10,11.74+3.10=14.85,10.00+4.07=14.07,0
1000,0.248036,0.475789,18.01,16.56,1000,10,1,14.38+3.61=18.00,11.83+4.72=16.55,0
996,0.215500,0.444989,32.73,30.75,1000,10,2,11.38+3.34=14.72,9.84+4.35=14.19,0
996,0.210575,0.440171,47.61,45.18,1000,10,3,11.54+3.34=14.88,10.11+4.32=14.43,0
996,0.208430,0.438079,62.34,59.42,1000,10,4,11.65+3.08=14.73,10.20+4.04=14.24,0
996,0.207792,0.437421,77.12,73.85,1000,10,5,11.40+3.38=14.78,10.07+4.36=14.43,0
996,0.207535,0.437182,91.92,88.27,1000,10,6,11.69+3.12=14.81,10.32+4.10=14.42,0
996,0.207380,0.437050,107.06,102.71,1000,10,7,11.74+3.40=15.14,10.07+4.37=14.44,0
996,0.207355,0.437029,122.12,117.28,1000,10,8,11.62+3.44=15.06,10.17+4.40=14.57,0
996,0.207355,0.437029,137.15,131.58,1000,10,9,11.59+3.44=15.03,9.90+4.40=14.30,0
996,0.207355,0.437029,152.17,146.16,1000,10,10,11.62+3.40=15.02,10.19+4.39=14.58,0
1000,0.251399,0.478758,17.49,15.41,1000,10,1,14.32+3.15=17.47,11.24+4.17=15.41,0
994,0.215675,0.445270,32.23,29.60,1000,10,2,11.58+3.17=14.75,10.04+4.15=14.19,0
994,0.210523,0.440136,46.49,43.18,1000,10,3,11.12+3.13=14.26,9.47+4.11=13.58,0
994,0.208546,0.438163,60.52,56.67,1000,10,4,10.89+3.14=14.03,9.39+4.10=13.49,0
994,0.207583,0.437253,74.40,70.11,1000,10,5,10.73+3.16=13.88,9.30+4.14=13.44,0
994,0.207270,0.436941,88.54,83.81,1000,10,6,10.98+3.16=14.13,9.59+4.11=13.70,0
994,0.207214,0.436887,102.66,97.47,1000,10,7,10.99+3.14=14.13,9.56+4.10=13.66,0
994,0.207188,0.436861,116.68,111.11,1000,10,8,10.86+3.15=14.02,9.49+4.15=13.64,0
994,0.207188,0.436861,130.81,124.61,1000,10,9,10.98+3.15=14.13,9.39+4.11=13.50,0
994,0.207188,0.436861,144.86,138.16,1000,10,10,10.89+3.15=14.05,9.42+4.13=13.55,0
1000,0.260356,0.487494,17.62,15.65,1000,10,1,14.49+3.12=17.61,11.48+4.16=15.64,0
967,0.218235,0.448547,31.16,28.83,1000,10,2,10.41+3.12=13.53,9.12+4.06=13.18,0
967,0.214174,0.444632,44.85,42.18,1000,10,3,10.60+3.10=13.70,9.29+4.06=13.35,0
967,0.212526,0.443028,58.60,55.89,1000,10,4,10.40+3.34=13.75,9.40+4.31=13.71,0
967,0.211956,0.442475,72.34,69.18,1000,10,5,10.64+3.10=13.74,9.22+4.07=13.29,0
967,0.211846,0.442368,86.05,82.53,1000,10,6,10.59+3.11=13.70,9.26+4.09=13.35,0
967,0.211818,0.442340,99.76,95.84,1000,10,7,10.59+3.12=13.71,9.26+4.05=13.31,0
967,0.211766,0.442295,113.50,109.16,1000,10,8,10.61+3.13=13.74,9.23+4.09=13.32,0
967,0.211766,0.442295,127.23,122.66,1000,10,9,10.62+3.11=13.73,9.44+4.06=13.50,0
967,0.211766,0.442295,140.72,135.89,1000,10,10,10.39+3.09=13.49,9.21+4.02=13.23,0
1000,0.276741,0.504430,17.58,15.72,1000,10,1,14.44+3.13=17.57,11.56+4.14=15.70,0
899,0.226466,0.458461,31.65,29.21,1000,10,2,10.96+3.11=14.08,9.45+4.04=13.49,0
899,0.222078,0.454404,45.28,42.72,1000,10,3,10.26+3.37=13.63,9.24+4.27=13.51,0
899,0.220495,0.452857,58.81,56.08,1000,10,4,10.18+3.34=13.52,9.10+4.26=13.36,0
899,0.219895,0.452327,72.53,69.66,1000,10,5,10.32+3.40=13.73,9.24+4.34=13.58,0
899,0.219694,0.452171,86.11,83.47,1000,10,6,9.95+3.63=13.57,9.26+4.55=13.81,0
899,0.219660,0.452119,99.65,96.61,1000,10,7,10.16+3.39=13.55,8.85+4.29=13.14,0
899,0.219653,0.452113,113.31,110.13,1000,10,8,10.26+3.40=13.66,9.21+4.31=13.52,0
899,0.219649,0.452110,126.93,123.63,1000,10,9,10.31+3.31=13.62,9.24+4.26=13.50,0
899,0.219649,0.452110,140.43,137.13,1000,10,10,10.20+3.30=13.49,9.27+4.23=13.50,0
1000,0.300484,0.527562,17.54,15.28,1000,10,1,14.41+3.13=17.53,11.10+4.17=15.27,0
793,0.244486,0.478368,31.22,28.75,1000,10,2,10.34+3.34=13.68,9.21+4.26=13.47,0
793,0.238329,0.473036,42.69,40.29,1000,10,3,8.11+3.36=11.47,7.26+4.28=11.54,0
793,0.236662,0.471527,54.18,51.75,1000,10,4,8.14+3.35=11.49,7.21+4.25=11.46,0
793,0.235848,0.470797,65.64,63.00,1000,10,5,8.36+3.11=11.46,7.25+4.00=11.25,0
793,0.235749,0.470756,76.91,74.20,1000,10,6,8.18+3.09=11.27,7.24+3.96=11.20,0
793,0.235494,0.470524,88.67,85.72,1000,10,7,8.38+3.37=11.75,7.26+4.26=11.52,0
792,0.235522,0.470555,100.28,97.40,1000,10,8,8.02+3.59=11.61,7.20+4.48=11.68,0
792,0.235406,0.470452,111.80,108.88,1000,10,9,8.20+3.32=11.52,7.24+4.24=11.48,0
792,0.235479,0.470524,123.29,120.33,1000,10,10,8.17+3.32=11.50,7.23+4.22=11.45,0
1000,0.344318,0.567399,17.84,15.64,1000,10,1,14.40+3.44=17.83,11.38+4.25=15.63,0
667,0.275720,0.509292,31.26,28.45,1000,10,2,10.29+3.12=13.42,8.83+3.98=12.81,0
665,0.270250,0.505218,41.48,38.69,1000,10,3,7.15+3.07=10.22,6.29+3.95=10.24,0
663,0.267349,0.503065,51.65,49.00,1000,10,4,7.10+3.07=10.17,6.37+3.94=10.31,0
662,0.267154,0.503368,62.01,59.60,1000,10,5,7.07+3.29=10.36,6.43+4.17=10.60,0
662,0.266201,0.502608,72.32,69.98,1000,10,6,7.20+3.11=10.31,6.40+3.98=10.38,0
661,0.265843,0.502336,82.63,80.41,1000,10,7,7.22+3.10=10.31,6.46+3.97=10.43,0
661,0.265756,0.502259,92.93,90.99,1000,10,8,7.01+3.29=10.30,6.41+4.17=10.58,0
661,0.265720,0.502228,103.29,101.59,1000,10,9,7.06+3.30=10.36,6.42+4.18=10.60,0
661,0.265695,0.502211,113.68,112.28,1000,10,10,7.07+3.31=10.38,6.47+4.22=10.69,0
1000,0.427631,0.635433,17.88,15.61,1000,10,1,14.47+3.40=17.87,11.48+4.12=15.60,0
462,0.329824,0.560136,29.94,27.39,1000,10,2,8.62+3.43=12.05,7.54+4.24=11.78,0
445,0.325026,0.556395,37.90,35.99,1000,10,3,4.48+3.48=7.96,4.27+4.33=8.60,0
440,0.319876,0.552750,44.93,43.61,1000,10,4,3.58+3.45=7.03,3.33+4.29=7.62,0
439,0.321243,0.554516,51.66,50.78,1000,10,5,3.58+3.15=6.73,3.18+3.99=7.17,0
435,0.319017,0.552579,58.14,57.88,1000,10,6,3.35+3.14=6.49,3.15+3.95=7.10,0
434,0.318898,0.552672,64.80,64.99,1000,10,7,3.54+3.11=6.65,3.15+3.96=7.11,0
434,0.318550,0.552382,71.52,72.18,1000,10,8,3.59+3.13=6.72,3.21+3.98=7.19,0
434,0.318536,0.552344,78.07,79.33,1000,10,9,3.41+3.15=6.55,3.18+3.97=7.15,0
434,0.318388,0.552222,84.79,86.45,1000,10,10,3.60+3.12=6.72,3.16+3.96=7.12,0
1000,0.257095,0.484673,17.54,15.46,1000,10,1,14.38+3.14=17.53,11.27+4.18=15.45,0
978,0.217554,0.447777,31.10,28.62,1000,10,2,10.46+3.10=13.56,9.11+4.05=13.16,0
978,0.213471,0.443843,44.60,42.04,1000,10,3,10.41+3.09=13.51,9.40+4.02=13.42,0
978,0.212098,0.442562,58.35,55.50,1000,10,4,10.64+3.11=13.75,9.40+4.06=13.46,0
978,0.211348,0.441788,72.06,69.15,1000,10,5,10.41+3.31=13.71,9.42+4.23=13.65,0
978,0.211182,0.441635,85.74,82.41,1000,10,6,10.59+3.09=13.68,9.25+4.01=13.26,0
978,0.211171,0.441628,99.45,96.03,1000,10,7,10.40+3.31=13.70,9.37+4.25=13.62,0
978,0.211159,0.441612,113.19,109.44,1000,10,8,10.61+3.13=13.74,9.32+4.09=13.41,0
978,0.211130,0.441581,127.03,123.06,1000,10,9,10.70+3.15=13.85,9.53+4.09=13.62,0
978,0.211137,0.441593,140.83,136.43,1000,10,10,10.68+3.12=13.80,9.34+4.03=13.37,0
1000,0.257148,0.484721,17.39,15.47,1000,10,1,14.25+3.13=17.38,11.28+4.18=15.46,0
978,0.217482,0.447713,31.07,29.03,1000,10,2,10.31+3.37=13.68,9.19+4.37=13.56,0
978,0.213387,0.443783,44.57,42.50,1000,10,3,10.38+3.12=13.49,9.38+4.09=13.47,0
978,0.212096,0.442576,58.34,55.97,1000,10,4,10.65+3.12=13.77,9.42+4.05=13.47,0
978,0.211321,0.441794,72.32,69.34,1000,10,5,10.86+3.12=13.98,9.32+4.05=13.37,0
978,0.211093,0.441590,86.18,82.87,1000,10,6,10.73+3.13=13.86,9.43+4.10=13.53,0
978,0.211044,0.441549,100.17,96.29,1000,10,7,10.88+3.11=13.99,9.39+4.03=13.42,0
978,0.211033,0.441534,113.92,109.85,1000,10,8,10.64+3.10=13.75,9.51+4.05=13.56,0
978,0.211003,0.441503,127.87,123.26,1000,10,9,10.83+3.13=13.96,9.32+4.08=13.40,0
978,0.211010,0.441515,141.62,136.98,1000,10,10,10.45+3.30=13.74,9.45+4.27=13.72,0
1000,0.257434,0.485003,17.75,16.24,1000,10,1,13.94+3.80=17.74,11.38+4.85=16.23,0
975,0.217926,0.448194,31.67,29.50,1000,10,2,10.82+3.11=13.92,9.19+4.07=13.26,0
975,0.213837,0.444313,45.50,43.05,1000,10,3,10.73+3.10=13.82,9.49+4.06=13.55,0
975,0.212224,0.442764,59.33,56.55,1000,10,4,10.72+3.12=13.83,9.44+4.06=13.50,0
975,0.211364,0.441910,73.38,70.22,1000,10,5,10.70+3.34=14.05,9.39+4.28=13.67,0
975,0.211077,0.441663,87.19,83.72,1000,10,6,10.70+3.11=13.81,9.44+4.06=13.50,0
975,0.210983,0.441595,101.21,97.41,1000,10,7,10.71+3.31=14.02,9.44+4.25=13.69,0
975,0.210960,0.441573,115.03,110.93,1000,10,8,10.67+3.15=13.82,9.42+4.10=13.52,0
975,0.210960,0.441572,128.75,124.28,1000,10,9,10.62+3.10=13.72,9.31+4.04=13.35,0
975,0.210960,0.441572,142.76,137.80,1000,10,10,10.92+3.09=14.01,9.50+4.02=13.52,0
1000,0.258820,0.486313,17.69,16.20,1000,10,1,14.06+3.62=17.67,11.54+4.65=16.19,0
971,0.218541,0.448909,31.49,29.62,1000,10,2,10.45+3.36=13.81,9.12+4.30=13.42,0
971,0.214112,0.444667,45.17,43.31,1000,10,3,10.30+3.38=13.68,9.34+4.35=13.69,0
971,0.212461,0.443070,58.70,56.87,1000,10,4,10.37+3.16=13.52,9.44+4.12=13.56,0
971,0.211459,0.442058,72.38,70.50,1000,10,5,10.31+3.37=13.68,9.34+4.29=13.63,0
971,0.211251,0.441873,86.19,84.05,1000,10,6,10.68+3.13=13.81,9.48+4.07=13.55,0
971,0.211155,0.441804,99.94,97.34,1000,10,7,10.62+3.14=13.75,9.24+4.05=13.29,0
971,0.211002,0.441682,113.41,110.78,1000,10,8,10.35+3.12=13.47,9.39+4.05=13.44,0
971,0.210993,0.441675,126.90,124.19,1000,10,9,10.35+3.13=13.49,9.37+4.04=13.41,0
971,0.210993,0.441675,140.66,137.87,1000,10,10,10.36+3.40=13.76,9.35+4.33=13.68,0
1000,0.265522,0.492657,17.76,15.79,1000,10,1,14.35+3.40=17.75,11.39+4.39=15.78,0
945,0.221189,0.451855,31.74,29.44,1000,10,2,10.61+3.37=13.98,9.34+4.31=13.65,0
945,0.216610,0.447578,45.91,43.36,1000,10,3,10.82+3.35=14.17,9.63+4.29=13.92,0
945,0.214998,0.446037,60.07,57.26,1000,10,4,10.77+3.39=14.16,9.57+4.33=13.90,0
945,0.214545,0.445583,73.96,71.02,1000,10,5,10.49+3.40=13.89,9.40+4.36=13.76,0
945,0.214419,0.445479,88.24,84.98,1000,10,6,10.92+3.36=14.28,9.68+4.28=13.96,0
945,0.214364,0.445435,102.42,98.83,1000,10,7,10.75+3.43=14.18,9.51+4.34=13.85,0
945,0.214336,0.445416,116.44,112.61,1000,10,8,10.74+3.29=14.03,9.58+4.20=13.78,0
945,0.214336,0.445416,130.55,126.46,1000,10,9,10.75+3.36=14.11,9.55+4.30=13.85,0
945,0.214336,0.445416,144.54,140.19,1000,10,10,10.86+3.13=13.99,9.67+4.06=13.73,0
1000,0.281703,0.509030,17.63,15.70,1000,10,1,14.27+3.35=17.62,11.34+4.35=15.69,0
876,0.229874,0.462088,31.37,29.06,1000,10,2,10.41+3.33=13.74,9.10+4.26=13.36,0
876,0.225013,0.457710,44.90,42.67,1000,10,3,9.96+3.56=13.53,9.14+4.47=13.61,0
876,0.223338,0.456045,58.36,56.22,1000,10,4,9.85+3.61=13.46,9.00+4.55=13.55,0
876,0.222767,0.455570,71.76,69.72,1000,10,5,9.81+3.58=13.40,9.00+4.50=13.50,0
876,0.222552,0.455384,85.07,82.63,1000,10,6,10.25+3.06=13.31,8.94+3.97=12.91,0
876,0.222528,0.455367,98.32,95.98,1000,10,7,9.91+3.35=13.26,9.08+4.27=13.35,0
876,0.222512,0.455355,111.78,109.51,1000,10,8,9.90+3.56=13.46,9.06+4.47=13.53,0
876,0.222512,0.455355,125.31,123.08,1000,10,9,9.93+3.59=13.53,9.06+4.51=13.57,0
876,0.222512,0.455355,138.92,136.32,1000,10,10,10.23+3.38=13.61,8.95+4.29=13.24,0
1000,0.306459,0.532723,17.32,15.73,1000,10,1,14.17+3.14=17.31,11.59+4.13=15.72,0
770,0.247990,0.481674,30.75,28.80,1000,10,2,10.30+3.14=13.44,8.99+4.08=13.07,0
768,0.242870,0.477479,42.45,40.20,1000,10,3,8.58+3.12=11.70,7.36+4.04=11.40,0
768,0.241148,0.475939,53.93,51.51,1000,10,4,8.35+3.13=11.48,7.28+4.03=11.31,0
767,0.239953,0.474887,65.39,62.81,1000,10,5,8.34+3.12=11.46,7.29+4.01=11.30,0
766,0.239768,0.474744,76.80,74.01,1000,10,6,8.30+3.11=11.40,7.21+3.99=11.20,0
766,0.239697,0.474670,88.37,85.34,1000,10,7,8.45+3.13=11.58,7.32+4.01=11.33,0
766,0.239675,0.474672,100.00,96.74,1000,10,8,8.50+3.13=11.63,7.34+4.06=11.40,0
766,0.239704,0.474693,111.79,108.36,1000,10,9,8.42+3.37=11.79,7.36+4.26=11.62,0
766,0.239687,0.474683,123.62,119.69,1000,10,10,8.72+3.10=11.83,7.32+4.01=11.33,0
1000,0.350044,0.572272,17.43,15.43,1000,10,1,14.29+3.13=17.42,11.36+4.06=15.42,0
653,0.280071,0.513556,30.43,28.17,1000,10,2,9.67+3.33=13.00,8.53+4.21=12.74,0
650,0.274964,0.509970,40.79,38.76,1000,10,3,7.07+3.29=10.36,6.43+4.16=10.59,0
649,0.273155,0.508788,51.10,49.31,1000,10,4,7.23+3.08=10.31,6.61+3.94=10.55,0
647,0.272084,0.507908,61.54,59.68,1000,10,5,7.36+3.09=10.45,6.43+3.94=10.37,0
647,0.270517,0.506566,71.88,69.97,1000,10,6,7.25+3.09=10.34,6.35+3.94=10.29,0
647,0.270079,0.506179,82.11,80.30,1000,10,7,7.13+3.10=10.23,6.36+3.97=10.33,0
647,0.269926,0.506066,92.46,90.87,1000,10,8,7.23+3.12=10.35,6.59+3.98=10.57,0
646,0.269781,0.505949,102.81,101.49,1000,10,9,7.06+3.29=10.34,6.46+4.16=10.62,0
646,0.269810,0.505978,113.38,112.32,1000,10,10,7.24+3.33=10.57,6.63+4.20=10.83,0
1000,0.438696,0.643950,17.60,15.77,1000,10,1,13.96+3.63=17.58,11.38+4.38=15.76,0
438,0.338785,0.567514,29.75,27.37,1000,10,2,9.00+3.15=12.15,7.60+4.00=11.60,0
424,0.332767,0.563336,36.58,34.57,1000,10,3,3.67+3.16=6.83,3.22+3.98=7.20,0
420,0.326300,0.558759,43.28,41.84,1000,10,4,3.32+3.38=6.70,3.06+4.21=7.27,0
419,0.327561,0.560462,49.85,49.00,1000,10,5,3.25+3.32=6.57,3.01+4.15=7.16,0
416,0.326294,0.559339,56.45,56.22,1000,10,6,3.18+3.43=6.60,2.96+4.26=7.22,0
414,0.324563,0.558027,62.92,63.30,1000,10,7,3.05+3.42=6.47,2.83+4.25=7.08,0
413,0.325242,0.558570,69.52,70.49,1000,10,8,3.23+3.36=6.59,2.99+4.20=7.19,0
412,0.325404,0.558869,76.01,77.62,1000,10,9,3.11+3.38=6.49,2.90+4.23=7.13,0
412,0.325560,0.558986,82.47,84.70,1000,10,10,3.10+3.37=6.47,2.88+4.20=7.08,0
1000,0.275877,0.503691,17.76,15.74,1000,10,1,14.59+3.15=17.75,11.58+4.15=15.73,0
906,0.228477,0.460600,31.62,29.13,1000,10,2,10.72+3.14=13.86,9.31+4.08=13.39,0
906,0.223946,0.456354,45.48,42.99,1000,10,3,10.70+3.16=13.86,9.77+4.09=13.86,0
906,0.222316,0.454904,59.37,56.58,1000,10,4,10.76+3.13=13.89,9.56+4.03=13.59,0
906,0.221838,0.454528,73.18,70.31,1000,10,5,10.68+3.14=13.81,9.69+4.04=13.73,0
906,0.221583,0.454263,87.01,84.04,1000,10,6,10.70+3.13=13.83,9.67+4.06=13.73,0
906,0.221449,0.454105,100.88,97.59,1000,10,7,10.74+3.13=13.87,9.51+4.04=13.55,0
906,0.221433,0.454084,114.72,111.31,1000,10,8,10.69+3.14=13.83,9.65+4.07=13.72,0
906,0.221430,0.454081,128.57,124.94,1000,10,9,10.71+3.14=13.86,9.57+4.06=13.63,0
906,0.221430,0.454081,142.40,138.70,1000,10,10,10.69+3.14=13.83,9.69+4.07=13.76,0
1000,0.276079,0.503858,17.64,16.33,1000,10,1,13.90+3.73=17.63,11.56+4.75=16.31,0
904,0.228481,0.460602,31.41,29.85,1000,10,2,10.24+3.53=13.77,9.04+4.48=13.52,0
904,0.224056,0.456465,45.17,43.45,1000,10,3,10.25+3.51=13.75,9.17+4.43=13.60,0
904,0.222288,0.454861,58.88,57.08,1000,10,4,10.30+3.41=13.71,9.27+4.36=13.63,0
904,0.221999,0.454678,72.62,70.72,1000,10,5,10.18+3.56=13.74,9.15+4.48=13.63,0
904,0.221735,0.454404,86.44,84.45,1000,10,6,10.28+3.55=13.83,9.29+4.44=13.73,0
904,0.221626,0.454268,100.26,98.16,1000,10,7,10.19+3.63=13.82,9.14+4.57=13.71,0
904,0.221581,0.454223,113.94,111.79,1000,10,8,10.33+3.36=13.68,9.35+4.28=13.63,0
904,0.221577,0.454219,127.69,125.04,1000,10,9,10.62+3.13=13.74,9.17+4.08=13.25,0
904,0.221577,0.454219,141.15,138.17,1000,10,10,10.34+3.13=13.47,9.08+4.05=13.13,0
1000,0.276376,0.504138,17.73,15.82,1000,10,1,14.61+3.11=17.72,11.67+4.13=15.80,0
904,0.228774,0.460931,31.72,29.18,1000,10,2,10.89+3.09=13.98,9.35+4.01=13.36,0
904,0.224687,0.457173,45.39,42.85,1000,10,3,10.57+3.11=13.67,9.64+4.03=13.67,0
904,0.222698,0.455388,59.06,56.23,1000,10,4,10.57+3.10=13.67,9.36+4.02=13.38,0
904,0.222492,0.455245,72.69,69.83,1000,10,5,10.55+3.08=13.63,9.63+3.97=13.60,0
904,0.222264,0.455011,86.43,83.57,1000,10,6,10.65+3.09=13.74,9.71+4.03=13.74,0
904,0.222151,0.454871,100.11,97.11,1000,10,7,10.60+3.08=13.68,9.54+4.00=13.54,0
904,0.222134,0.454850,113.81,110.59,1000,10,8,10.61+3.09=13.70,9.46+4.02=13.48,0
904,0.222131,0.454847,127.64,124.00,1000,10,9,10.75+3.08=13.83,9.40+4.01=13.41,0
904,0.222131,0.454847,141.48,137.52,1000,10,10,10.74+3.10=13.84,9.49+4.03=13.52,0
1000,0.277388,0.504940,17.58,15.90,1000,10,1,14.20+3.37=17.57,11.47+4.42=15.89,0
902,0.229233,0.461390,31.39,29.33,1000,10,2,10.45+3.36=13.81,9.15+4.28=13.43,0
902,0.225176,0.457711,45.26,43.15,1000,10,3,10.14+3.73=13.87,9.19+4.63=13.82,0
902,0.223139,0.455856,59.06,57.03,1000,10,4,10.09+3.70=13.80,9.27+4.61=13.88,0
902,0.222640,0.455435,72.60,70.26,1000,10,5,10.03+3.51=13.54,8.83+4.40=13.23,0
902,0.222554,0.455401,86.24,84.05,1000,10,6,9.97+3.68=13.65,9.18+4.61=13.79,0
902,0.222442,0.455292,99.94,97.45,1000,10,7,10.16+3.53=13.69,8.96+4.44=13.40,0
902,0.222437,0.455287,113.47,110.67,1000,10,8,10.09+3.45=13.54,8.88+4.34=13.22,0
902,0.222437,0.455287,127.15,124.44,1000,10,9,10.00+3.68=13.68,9.18+4.59=13.77,0
902,0.222437,0.455287,140.93,137.96,1000,10,10,10.04+3.74=13.78,8.83+4.69=13.52,0
1000,0.279887,0.507244,17.70,15.79,1000,10,1,14.30+3.38=17.69,11.36+4.43=15.79,0
897,0.230384,0.462724,31.33,29.20,1000,10,2,10.24+3.39=13.63,9.08+4.33=13.41,0
897,0.226309,0.459064,44.59,41.92,1000,10,3,10.14+3.12=13.26,8.68+4.04=12.72,0
897,0.224268,0.457179,57.85,54.66,1000,10,4,10.13+3.14=13.26,8.72+4.02=12.74,0
897,0.223721,0.456717,71.34,67.77,1000,10,5,10.16+3.32=13.49,8.88+4.23=13.11,0
897,0.223760,0.456744,84.58,80.49,1000,10,6,10.14+3.10=13.24,8.69+4.03=12.72,0
897,0.223661,0.456663,97.84,93.83,1000,10,7,9.94+3.32=13.26,9.09+4.25=13.34,0
897,0.223620,0.456626,111.32,106.60,1000,10,8,10.35+3.13=13.49,8.72+4.05=12.77,0
897,0.223620,0.456626,124.82,119.81,1000,10,9,10.16+3.33=13.49,8.97+4.24=13.21,0
897,0.223620,0.456626,138.26,133.18,1000,10,10,10.11+3.33=13.44,9.09+4.28=13.37,0
1000,0.289865,0.516677,17.65,15.77,1000,10,1,14.53+3.11=17.64,11.64+4.12=15.76,0
853,0.236807,0.469771,31.53,29.27,1000,10,2,10.79+3.08=13.88,9.48+4.02=13.50,0
850,0.230909,0.464262,44.29,41.55,1000,10,3,9.66+3.09=12.76,8.25+4.03=12.28,0
850,0.229429,0.462996,57.44,54.20,1000,10,4,10.04+3.12=13.16,8.63+4.02=12.65,0
850,0.228812,0.462391,70.51,67.20,1000,10,5,9.74+3.32=13.06,8.75+4.25=13.00,0
850,0.228501,0.462130,83.74,79.89,1000,10,6,10.13+3.10=13.23,8.69+4.00=12.69,0
850,0.228429,0.462042,96.88,92.54,1000,10,7,10.05+3.09=13.15,8.62+4.03=12.65,0
850,0.228407,0.462017,109.92,105.31,1000,10,8,9.72+3.32=13.04,8.55+4.22=12.77,0
850,0.228406,0.462016,123.07,118.12,1000,10,9,10.07+3.09=13.16,8.82+3.99=12.81,0
850,0.228406,0.462016,135.96,130.80,1000,10,10,9.80+3.08=12.89,8.67+4.01=12.68,0
1000,0.316328,0.541364,17.71,15.69,1000,10,1,14.57+3.13=17.70,11.63+4.05=15.68,0
731,0.253762,0.487543,31.36,29.19,1000,10,2,10.03+3.62=13.65,8.93+4.57=13.50,0
731,0.249032,0.483739,42.63,40.94,1000,10,3,7.64+3.63=11.27,7.21+4.54=11.75,0
731,0.246423,0.481410,53.75,52.38,1000,10,4,7.78+3.34=11.12,7.19+4.25=11.44,0
730,0.245753,0.480925,64.92,63.49,1000,10,5,8.06+3.11=11.17,7.10+4.01=11.11,0
730,0.245582,0.480845,76.23,74.72,1000,10,6,8.12+3.19=11.30,7.17+4.06=11.23,0
730,0.245320,0.480589,87.56,86.28,1000,10,7,8.01+3.32=11.33,7.36+4.20=11.56,0
730,0.245281,0.480556,98.89,97.49,1000,10,8,8.23+3.10=11.33,7.22+3.99=11.21,0
730,0.245287,0.480565,110.16,108.86,1000,10,9,7.94+3.33=11.27,7.14+4.23=11.37,0
730,0.245260,0.480540,121.19,119.95,1000,10,10,7.91+3.12=11.03,7.09+4.00=11.09,0
1000,0.359102,0.579357,17.38,15.51,1000,10,1,14.26+3.11=17.37,11.50+4.00=15.50,0
626,0.286571,0.519050,29.37,27.53,1000,10,2,8.62+3.37=11.99,7.76+4.26=12.02,0
622,0.281359,0.515563,39.59,37.69,1000,10,3,7.13+3.09=10.22,6.21+3.95=10.16,0
614,0.276804,0.511896,48.73,47.10,1000,10,4,6.07+3.07=9.14,5.44+3.97=9.41,0
611,0.276681,0.512031,57.71,56.30,1000,10,5,5.90+3.08=8.98,5.23+3.97=9.20,0
611,0.275992,0.511508,66.52,65.35,1000,10,6,5.72+3.09=8.81,5.09+3.96=9.05,0
611,0.275372,0.510996,75.38,74.41,1000,10,7,5.78+3.08=8.87,5.11+3.95=9.06,0
611,0.275197,0.510866,84.19,83.44,1000,10,8,5.73+3.07=8.80,5.09+3.94=9.03,0
611,0.275066,0.510760,93.03,92.47,1000,10,9,5.76+3.08=8.84,5.08+3.95=9.03,0
611,0.275196,0.510876,102.05,101.76,1000,10,10,5.71+3.32=9.02,5.07+4.22=9.29,0
1000,0.453548,0.655463,17.46,15.35,1000,10,1,14.34+3.11=17.45,11.52+3.82=15.34,0
418,0.345840,0.573432,29.57,27.17,1000,10,2,8.49+3.63=12.11,7.37+4.45=11.82,0
402,0.336384,0.567036,36.17,34.35,1000,10,3,3.22+3.38=6.59,2.97+4.21=7.18,0
397,0.331441,0.563268,42.78,41.59,1000,10,4,3.13+3.49=6.62,2.92+4.32=7.24,0
393,0.332261,0.564441,49.41,48.84,1000,10,5,3.15+3.47=6.62,2.94+4.31=7.25,0
390,0.332648,0.565045,56.03,56.09,1000,10,6,3.12+3.51=6.63,2.91+4.34=7.25,0
390,0.330682,0.563356,62.71,63.42,1000,10,7,3.13+3.54=6.67,2.93+4.40=7.33,0
390,0.331566,0.564318,69.35,70.67,1000,10,8,3.14+3.50=6.64,2.93+4.32=7.25,0
389,0.331811,0.564557,76.00,77.97,1000,10,9,3.13+3.53=6.66,2.93+4.37=7.30,0
389,0.331777,0.564528,82.63,85.17,1000,10,10,3.09+3.54=6.63,2.85+4.35=7.20,0
1000,0.306850,0.533040,17.77,15.78,1000,10,1,14.64+3.12=17.76,11.68+4.09=15.77,0
787,0.249297,0.483001,31.77,29.35,1000,10,2,10.61+3.38=14.00,9.25+4.32=13.57,0
787,0.242877,0.477526,43.38,40.66,1000,10,3,8.49+3.11=11.61,7.29+4.02=11.31,0
787,0.240891,0.475789,54.90,51.82,1000,10,4,8.44+3.08=11.52,7.20+3.96=11.16,0
785,0.239792,0.474748,66.49,63.06,1000,10,5,8.49+3.10=11.59,7.22+4.02=11.24,0
785,0.239691,0.474722,77.95,74.50,1000,10,6,8.37+3.10=11.47,7.41+4.03=11.44,0
785,0.239445,0.474510,89.33,85.72,1000,10,7,8.28+3.10=11.38,7.25+3.97=11.22,0
785,0.239230,0.474344,100.97,96.91,1000,10,8,8.55+3.09=11.64,7.21+3.98=11.19,0
785,0.239200,0.474322,112.54,108.11,1000,10,9,8.48+3.09=11.57,7.18+4.02=11.20,0
785,0.239183,0.474310,124.18,119.38,1000,10,10,8.56+3.08=11.63,7.28+3.99=11.27,0
1000,0.306872,0.533055,17.71,15.69,1000,10,1,14.59+3.10=17.69,11.55+4.13=15.68,0
786,0.249334,0.483029,31.36,28.83,1000,10,2,10.54+3.12=13.66,9.12+4.02=13.14,0
786,0.243001,0.477633,43.10,40.36,1000,10,3,8.63+3.10=11.73,7.49+4.04=11.53,0
786,0.240959,0.475847,54.67,51.90,1000,10,4,8.45+3.12=11.57,7.55+3.99=11.54,0
784,0.239847,0.474796,66.31,63.38,1000,10,5,8.57+3.07=11.64,7.48+4.00=11.48,0
784,0.239746,0.474770,77.72,74.68,1000,10,6,8.34+3.07=11.41,7.32+3.98=11.30,0
784,0.239499,0.474559,89.22,85.80,1000,10,7,8.45+3.06=11.51,7.16+3.96=11.12,0
784,0.239284,0.474392,100.73,97.07,1000,10,8,8.43+3.07=11.50,7.30+3.97=11.27,0
784,0.239255,0.474370,112.30,108.25,1000,10,9,8.49+3.08=11.57,7.22+3.96=11.18,0
784,0.239238,0.474358,123.85,119.53,1000,10,10,8.49+3.07=11.56,7.28+4.00=11.28,0
1000,0.307108,0.533252,17.55,15.76,1000,10,1,14.20+3.35=17.54,11.47+4.27=15.74,0
786,0.249564,0.483310,31.32,29.26,1000,10,2,10.12+3.64=13.76,8.95+4.55=13.50,0
785,0.243590,0.478193,42.96,40.95,1000,10,3,8.24+3.41=11.65,7.37+4.32=11.69,0
785,0.241547,0.476412,54.39,52.18,1000,10,4,8.30+3.12=11.42,7.18+4.05=11.23,0
783,0.240374,0.475305,65.91,63.94,1000,10,5,7.89+3.64=11.52,7.20+4.56=11.76,0
783,0.240156,0.475162,77.34,75.14,1000,10,6,8.36+3.07=11.43,7.24+3.96=11.20,0
783,0.239860,0.474909,88.76,86.63,1000,10,7,8.07+3.35=11.42,7.24+4.25=11.49,0
783,0.239648,0.474740,100.44,98.10,1000,10,8,8.33+3.35=11.68,7.20+4.27=11.47,0
783,0.239638,0.474732,112.14,110.04,1000,10,9,7.85+3.85=11.70,7.22+4.72=11.94,0
783,0.239617,0.474717,123.61,121.22,1000,10,10,8.38+3.09=11.47,7.22+3.96=11.18,0
1000,0.307967,0.533964,17.69,15.87,1000,10,1,14.58+3.10=17.68,11.75+4.11=15.86,0
784,0.250515,0.484211,31.22,28.87,1000,10,2,10.44+3.09=13.52,8.99+4.01=13.00,0
783,0.244078,0.478612,42.82,40.26,1000,10,3,8.52+3.09=11.61,7.40+3.99=11.39,0
781,0.242131,0.476977,54.42,51.68,1000,10,4,8.50+3.09=11.60,7.41+4.01=11.42,0
781,0.241088,0.476036,66.02,63.10,1000,10,5,8.49+3.10=11.59,7.41+4.01=11.42,0
781,0.240776,0.475746,77.49,74.59,1000,10,6,8.39+3.08=11.47,7.50+3.99=11.49,0
781,0.240622,0.475623,89.09,86.10,1000,10,7,8.51+3.09=11.60,7.52+3.99=11.51,0
781,0.240568,0.475580,100.68,97.56,1000,10,8,8.48+3.10=11.58,7.49+3.97=11.46,0
781,0.240494,0.475520,112.30,108.96,1000,10,9,8.53+3.09=11.62,7.38+4.02=11.40,0
781,0.240484,0.475513,123.86,120.20,1000,10,10,8.47+3.10=11.57,7.25+3.99=11.24,0
1000,0.310887,0.536384,17.65,16.06,1000,10,1,13.94+3.69=17.64,11.44+4.62=16.06,0
774,0.251074,0.484776,31.10,29.12,1000,10,2,10.36+3.09=13.45,9.09+3.97=13.06,0
773,0.245051,0.479555,42.80,40.60,1000,10,3,8.62+3.08=11.70,7.48+4.00=11.48,0
770,0.243330,0.478099,54.30,51.87,1000,10,4,8.45+3.06=11.50,7.31+3.96=11.27,0
770,0.241936,0.476796,66.14,63.40,1000,10,5,8.77+3.07=11.84,7.56+3.97=11.53,0
769,0.241583,0.476478,77.97,74.85,1000,10,6,8.76+3.07=11.83,7.47+3.98=11.45,0
769,0.241658,0.476574,89.67,86.21,1000,10,7,8.62+3.08=11.70,7.38+3.98=11.36,0
769,0.241632,0.476553,101.43,97.49,1000,10,8,8.68+3.08=11.76,7.31+3.97=11.28,0
769,0.241527,0.476474,112.82,108.70,1000,10,9,8.31+3.07=11.39,7.22+3.99=11.21,0
769,0.241543,0.476485,124.32,119.89,1000,10,10,8.44+3.07=11.50,7.23+3.96=11.19,0
1000,0.315628,0.540436,17.68,15.75,1000,10,1,14.28+3.40=17.67,11.39+4.34=15.73,0
757,0.255480,0.488960,31.03,28.90,1000,10,2,10.00+3.34=13.34,8.91+4.24=13.15,0
753,0.249618,0.483929,42.41,40.07,1000,10,3,8.31+3.08=11.39,7.21+3.96=11.17,0
751,0.247233,0.481813,53.85,51.46,1000,10,4,8.12+3.32=11.43,7.18+4.21=11.39,0
751,0.246239,0.480895,65.31,62.94,1000,10,5,8.11+3.36=11.47,7.21+4.27=11.48,0
751,0.245870,0.480557,76.68,74.12,1000,10,6,8.26+3.11=11.37,7.14+4.04=11.18,0
751,0.245491,0.480236,88.33,85.47,1000,10,7,8.33+3.32=11.65,7.12+4.23=11.35,0
751,0.245589,0.480334,99.77,96.71,1000,10,8,8.32+3.11=11.43,7.22+4.02=11.24,0
751,0.245442,0.480201,111.32,108.14,1000,10,9,8.22+3.33=11.55,7.22+4.21=11.43,0
751,0.245557,0.480311,122.93,119.51,1000,10,10,8.29+3.32=11.61,7.16+4.21=11.37,0
1000,0.331230,0.553979,17.72,16.19,1000,10,1,14.15+3.55=17.71,11.66+4.52=16.18,0
698,0.265638,0.498933,30.90,28.83,1000,10,2,10.10+3.08=13.18,8.65+3.99=12.64,0
696,0.261708,0.495855,41.57,39.80,1000,10,3,7.28+3.39=10.67,6.70+4.27=10.97,0
692,0.259848,0.494452,52.02,50.54,1000,10,4,7.08+3.37=10.45,6.48+4.26=10.74,0
691,0.258907,0.493681,62.42,61.18,1000,10,5,7.18+3.21=10.40,6.51+4.13=10.64,0
691,0.258144,0.493071,72.88,71.96,1000,10,6,7.09+3.37=10.46,6.51+4.27=10.78,0
691,0.258053,0.492954,83.17,82.47,1000,10,7,7.16+3.13=10.29,6.50+4.01=10.51,0
690,0.257970,0.492910,93.61,93.18,1000,10,8,7.14+3.30=10.44,6.53+4.18=10.71,0
690,0.257786,0.492747,104.01,103.87,1000,10,9,7.30+3.10=10.41,6.69+4.00=10.69,0
690,0.257923,0.492873,114.57,114.58,1000,10,10,7.43+3.12=10.55,6.69+4.02=10.71,0
1000,0.376432,0.593146,17.61,15.75,1000,10,1,14.23+3.37=17.60,11.49+4.26=15.75,0
573,0.299717,0.531209,29.89,27.61,1000,10,2,8.88+3.40=12.28,7.58+4.28=11.86,0
564,0.291856,0.525317,38.67,36.61,1000,10,3,5.36+3.41=8.77,4.74+4.26=9.00,0
558,0.291257,0.525500,47.77,45.95,1000,10,4,5.66+3.45=9.11,5.03+4.31=9.34,0
555,0.291125,0.525878,56.82,55.24,1000,10,5,5.59+3.46=9.05,4.96+4.33=9.29,0
555,0.291434,0.526397,65.78,64.43,1000,10,6,5.52+3.43=8.96,4.87+4.32=9.19,0
554,0.290979,0.526009,74.64,73.35,1000,10,7,5.72+3.14=8.87,4.89+4.03=8.92,0
554,0.291144,0.526138,83.57,82.55,1000,10,8,5.57+3.35=8.92,4.98+4.22=9.20,0
553,0.291027,0.526058,92.54,91.76,1000,10,9,5.65+3.32=8.97,4.98+4.23=9.21,0
553,0.291027,0.526058,101.40,100.67,1000,10,10,5.72+3.14=8.86,4.90+4.01=8.91,0
1000,0.467241,0.665180,17.75,15.42,1000,10,1,14.61+3.12=17.73,11.65+3.75=15.40,0
386,0.360648,0.584812,29.90,26.96,1000,10,2,8.98+3.18=12.16,7.56+3.98=11.54,0
376,0.351457,0.580042,36.52,33.99,1000,10,3,3.41+3.21=6.62,3.00+4.03=7.03,0
365,0.348309,0.577456,42.93,40.82,1000,10,4,3.20+3.21=6.41,2.79+4.04=6.83,0
361,0.344358,0.575470,49.33,47.60,1000,10,5,3.20+3.20=6.40,2.77+4.01=6.78,0
361,0.341778,0.573087,55.71,54.37,1000,10,6,3.19+3.20=6.39,2.76+4.01=6.77,0
358,0.342309,0.573745,62.17,61.42,1000,10,7,3.06+3.40=6.46,2.84+4.21=7.05,0
356,0.342646,0.574159,68.63,68.26,1000,10,8,3.28+3.18=6.46,2.84+4.00=6.84,0
356,0.342291,0.573882,75.03,75.10,1000,10,9,3.21+3.18=6.40,2.82+4.02=6.84,0
356,0.342379,0.573959,81.26,81.94,1000,10,10,3.04+3.19=6.23,2.80+4.04=6.84,0
1000,0.362544,0.582563,17.74,15.81,1000,10,1,14.62+3.11=17.73,11.81+3.99=15.80,0
600,0.286895,0.520678,30.06,27.62,1000,10,2,9.20+3.13=12.32,7.80+4.01=11.81,0
595,0.284104,0.518679,39.13,36.80,1000,10,3,5.92+3.14=9.06,5.15+4.03=9.18,0
589,0.281738,0.517184,47.83,45.83,1000,10,4,5.56+3.14=8.70,5.01+4.02=9.03,0
587,0.282264,0.518242,56.71,54.88,1000,10,5,5.76+3.12=8.88,5.08+3.97=9.05,0
587,0.281199,0.517321,65.66,63.94,1000,10,6,5.82+3.13=8.95,5.07+3.99=9.06,0
587,0.280767,0.516992,74.52,72.88,1000,10,7,5.73+3.13=8.86,4.96+3.98=8.94,0
587,0.280817,0.517015,83.44,81.83,1000,10,8,5.78+3.15=8.93,4.98+3.97=8.95,0
587,0.280246,0.516538,92.30,90.99,1000,10,9,5.52+3.34=8.86,4.93+4.23=9.16,0
587,0.280887,0.517115,101.19,100.01,1000,10,10,5.74+3.14=8.88,5.00+4.02=9.02,0
1000,0.362727,0.582718,17.55,15.28,1000,10,1,14.43+3.11=17.54,11.18+4.09=15.27,0
601,0.286885,0.520672,29.85,27.19,1000,10,2,8.94+3.36=12.30,7.63+4.28=11.91,0
596,0.284103,0.518678,38.84,36.42,1000,10,3,5.56+3.42=8.98,4.93+4.30=9.23,0
590,0.281735,0.517182,47.89,45.63,1000,10,4,5.64+3.41=9.05,4.94+4.27=9.21,0
588,0.282262,0.518240,56.81,54.79,1000,10,5,5.50+3.42=8.92,4.88+4.28=9.16,0
588,0.281196,0.517319,65.69,63.92,1000,10,6,5.47+3.41=8.88,4.85+4.28=9.13,0
588,0.280764,0.516990,74.62,73.30,1000,10,7,5.29+3.64=8.93,4.88+4.50=9.38,0
588,0.280815,0.517014,83.52,82.45,1000,10,8,5.49+3.41=8.90,4.88+4.27=9.15,0
588,0.280244,0.516537,92.36,91.57,1000,10,9,5.44+3.41=8.85,4.86+4.26=9.12,0
588,0.280885,0.517113,101.36,100.84,1000,10,10,5.57+3.43=9.00,4.95+4.32=9.27,0
1000,0.363037,0.583008,17.30,15.70,1000,10,1,13.93+3.35=17.29,11.45+4.23=15.68,0
601,0.287386,0.521133,29.46,27.60,1000,10,2,8.78+3.39=12.16,7.63+4.27=11.90,0
596,0.283762,0.518342,38.45,36.63,1000,10,3,5.82+3.17=8.99,4.97+4.06=9.03,0
590,0.282043,0.517452,47.32,45.60,1000,10,4,5.75+3.12=8.87,4.98+3.99=8.97,0
588,0.283304,0.519182,56.17,54.47,1000,10,5,5.72+3.13=8.85,4.86+4.01=8.87,0
588,0.282253,0.518257,64.86,63.40,1000,10,6,5.53+3.16=8.69,4.90+4.03=8.93,0
588,0.281659,0.517829,73.50,72.26,1000,10,7,5.50+3.14=8.64,4.87+3.99=8.86,0
588,0.281811,0.517941,82.32,81.32,1000,10,8,5.46+3.35=8.82,4.85+4.21=9.06,0
588,0.281416,0.517620,91.20,90.45,1000,10,9,5.51+3.37=8.88,4.88+4.25=9.13,0
588,0.281488,0.517667,100.07,99.35,1000,10,10,5.73+3.14=8.87,4.91+3.99=8.90,0
1000,0.363344,0.583240,17.76,15.69,1000,10,1,14.65+3.10=17.75,11.74+3.94=15.68,0
601,0.287451,0.521204,30.12,27.45,1000,10,2,9.27+3.09=12.36,7.78+3.98=11.76,0
596,0.283683,0.518304,39.13,36.47,1000,10,3,5.88+3.12=9.01,5.04+3.98=9.02,0
590,0.281441,0.516892,48.10,45.47,1000,10,4,5.85+3.11=8.97,5.04+3.96=9.00,0
588,0.282489,0.518399,56.92,54.60,1000,10,5,5.45+3.38=8.83,4.88+4.25=9.13,0
588,0.281122,0.517201,65.80,63.73,1000,10,6,5.50+3.37=8.87,4.87+4.26=9.13,0
588,0.280696,0.516876,74.51,72.63,1000,10,7,5.56+3.15=8.71,4.88+4.02=8.90,0
588,0.280738,0.516892,83.35,81.73,1000,10,8,5.49+3.36=8.84,4.87+4.23=9.10,0
588,0.280145,0.516398,92.24,90.82,1000,10,9,5.53+3.36=8.89,4.87+4.22=9.09,0
588,0.280852,0.517022,101.23,99.87,1000,10,10,5.88+3.11=8.99,5.06+3.99=9.05,0
1000,0.364510,0.584137,17.59,15.53,1000,10,1,14.22+3.36=17.58,11.31+4.20=15.51,0
602,0.287390,0.521129,29.91,27.58,1000,10,2,8.79+3.53=12.32,7.65+4.40=12.05,0
595,0.284533,0.519051,39.08,36.97,1000,10,3,5.77+3.41=9.17,5.13+4.26=9.39,0
589,0.282220,0.517559,47.98,46.06,1000,10,4,5.49+3.40=8.89,4.87+4.22=9.09,0
587,0.282799,0.518679,56.72,55.05,1000,10,5,5.36+3.38=8.74,4.74+4.25=8.99,0
587,0.281879,0.517894,65.54,64.11,1000,10,6,5.42+3.40=8.82,4.78+4.28=9.06,0
587,0.281414,0.517531,74.40,73.39,1000,10,7,5.19+3.67=8.86,4.74+4.54=9.28,0
587,0.281478,0.517583,83.25,82.46,1000,10,8,5.43+3.42=8.85,4.77+4.30=9.07,0
587,0.281051,0.517241,92.09,91.54,1000,10,9,5.41+3.43=8.84,4.78+4.30=9.08,0
587,0.281086,0.517258,100.84,100.50,1000,10,10,5.39+3.36=8.74,4.74+4.22=8.96,0
1000,0.366240,0.585469,17.51,15.47,1000,10,1,14.04+3.46=17.50,11.10+4.36=15.46,0
599,0.290446,0.523808,29.81,27.72,1000,10,2,8.71+3.58=12.29,7.78+4.47=12.25,0
592,0.287159,0.521698,38.59,36.73,1000,10,3,5.66+3.12=8.78,5.02+3.99=9.01,0
587,0.283918,0.519315,47.43,45.65,1000,10,4,5.73+3.11=8.85,4.91+4.01=8.92,0
585,0.284440,0.520278,56.18,54.65,1000,10,5,5.58+3.17=8.75,4.95+4.05=9.00,0
585,0.283860,0.519783,64.83,63.48,1000,10,6,5.51+3.13=8.65,4.84+3.99=8.83,0
585,0.283408,0.519452,73.65,72.60,1000,10,7,5.44+3.37=8.82,4.88+4.24=9.12,0
585,0.283645,0.519657,82.29,81.66,1000,10,8,5.24+3.40=8.64,4.79+4.27=9.06,0
584,0.283319,0.519391,90.93,90.71,1000,10,9,5.27+3.38=8.65,4.79+4.26=9.05,0
584,0.283696,0.519710,99.79,99.62,1000,10,10,5.73+3.13=8.86,4.92+3.99=8.91,0
1000,0.373367,0.590968,17.40,15.60,1000,10,1,14.00+3.38=17.38,11.38+4.21=15.59,0
584,0.292163,0.525390,29.51,27.46,1000,10,2,8.69+3.42=12.11,7.58+4.28=11.86,0
581,0.288295,0.522755,38.20,36.40,1000,10,3,5.28+3.42=8.70,4.67+4.27=8.94,0
574,0.285577,0.520870,47.02,45.43,1000,10,4,5.41+3.41=8.81,4.76+4.27=9.03,0
572,0.284794,0.520224,55.82,54.51,1000,10,5,5.38+3.42=8.80,4.79+4.29=9.08,0
571,0.284875,0.520410,64.66,63.66,1000,10,6,5.41+3.44=8.85,4.83+4.32=9.15,0
570,0.284708,0.520284,73.52,72.72,1000,10,7,5.47+3.38=8.86,4.83+4.23=9.06,0
570,0.284670,0.520261,82.52,81.94,1000,10,8,5.56+3.44=9.00,4.93+4.29=9.22,0
570,0.284829,0.520432,91.41,91.14,1000,10,9,5.48+3.41=8.89,4.90+4.30=9.20,0
570,0.284806,0.520416,100.40,100.35,1000,10,10,5.60+3.39=8.99,4.94+4.27=9.21,0
1000,0.397900,0.610133,17.78,15.87,1000,10,1,14.40+3.37=17.77,11.70+4.16=15.86,0
517,0.311422,0.542606,30.18,28.08,1000,10,2,8.55+3.84=12.40,7.56+4.65=12.21,0
508,0.303416,0.536125,38.20,36.33,1000,10,3,4.90+3.12=8.02,4.29+3.96=8.25,0
497,0.303566,0.536770,46.48,44.62,1000,10,4,5.17+3.12=8.29,4.37+3.92=8.29,0
493,0.303188,0.537023,54.45,53.23,1000,10,5,4.65+3.31=7.96,4.41+4.20=8.61,0
492,0.303166,0.537079,62.49,61.88,1000,10,6,4.75+3.29=8.04,4.50+4.15=8.65,0
491,0.304158,0.537822,70.36,70.42,1000,10,7,4.76+3.11=7.87,4.56+3.98=8.54,0
490,0.303593,0.537494,78.39,79.05,1000,10,8,4.70+3.33=8.03,4.43+4.20=8.63,0
490,0.302516,0.536672,86.28,87.58,1000,10,9,4.79+3.10=7.89,4.54+3.99=8.53,0
489,0.303510,0.537437,94.41,96.10,1000,10,10,5.04+3.09=8.13,4.56+3.96=8.52,0
1000,0.493933,0.685324,17.56,15.25,1000,10,1,14.45+3.09=17.55,11.50+3.74=15.24,0
360,0.376906,0.598840,29.55,26.51,1000,10,2,8.77+3.22=11.99,7.25+4.01=11.26,0
348,0.372291,0.596729,36.00,33.34,1000,10,3,3.24+3.21=6.46,2.79+4.04=6.83,0
340,0.364566,0.592134,42.46,40.38,1000,10,4,2.96+3.51=6.46,2.73+4.31=7.04,0
334,0.358802,0.587853,48.83,47.37,1000,10,5,2.89+3.48=6.37,2.66+4.33=6.99,0
333,0.362427,0.590527,55.15,54.30,1000,10,6,2.89+3.43=6.32,2.67+4.26=6.93,0
330,0.358716,0.588413,61.50,61.22,1000,10,7,2.87+3.48=6.35,2.66+4.26=6.92,0
330,0.358550,0.588301,67.81,67.91,1000,10,8,3.11+3.20=6.31,2.67+4.02=6.69,0
330,0.358410,0.588187,74.17,74.90,1000,10,9,2.86+3.49=6.36,2.66+4.33=6.99,0
330,0.358485,0.588254,80.56,81.88,1000,10,10,2.89+3.50=6.39,2.64+4.34=6.98,0
1000,0.467922,0.666376,17.73,15.55,1000,10,1,14.41+3.31=17.72,11.47+4.08=15.55,0
383,0.359770,0.584912,29.71,27.25,1000,10,2,8.45+3.53=11.98,7.33+4.37=11.70,0
370,0.346029,0.575406,36.15,34.08,1000,10,3,3.28+3.16=6.44,2.85+3.98=6.83,0
367,0.345733,0.574971,42.48,41.01,1000,10,4,3.00+3.33=6.33,2.78+4.15=6.93,0
365,0.343368,0.573889,48.82,47.96,1000,10,5,2.94+3.39=6.33,2.73+4.22=6.95,0
362,0.340569,0.571748,55.18,54.78,1000,10,6,3.19+3.17=6.36,2.83+3.99=6.82,0
362,0.342114,0.573080,61.61,61.66,1000,10,7,3.23+3.20=6.43,2.84+4.04=6.88,0
362,0.341120,0.572361,68.05,68.50,1000,10,8,3.29+3.15=6.44,2.86+3.98=6.84,0
362,0.340463,0.571829,74.47,75.38,1000,10,9,3.28+3.15=6.43,2.88+4.00=6.88,0
362,0.341146,0.572381,80.88,82.19,1000,10,10,3.24+3.16=6.40,2.83+3.98=6.81,0
1000,0.467960,0.666401,17.59,15.33,1000,10,1,14.23+3.35=17.58,11.36+3.96=15.32,0
383,0.359770,0.584912,29.58,26.66,1000,10,2,8.81+3.18=11.99,7.36+3.97=11.33,0
370,0.346029,0.575406,36.09,33.70,1000,10,3,3.32+3.19=6.51,3.01+4.03=7.04,0
367,0.345733,0.574971,42.56,40.65,1000,10,4,3.29+3.18=6.47,2.95+4.00=6.95,0
365,0.343368,0.573889,48.95,47.53,1000,10,5,3.19+3.20=6.39,2.85+4.03=6.88,0
362,0.340569,0.571748,55.44,54.49,1000,10,6,3.30+3.19=6.49,2.96+4.00=6.96,0
362,0.342114,0.573080,61.98,61.52,1000,10,7,3.35+3.19=6.54,3.03+4.00=7.03,0
362,0.341120,0.572361,68.53,68.55,1000,10,8,3.38+3.17=6.55,3.05+3.98=7.03,0
362,0.340463,0.571829,75.07,75.56,1000,10,9,3.37+3.17=6.54,3.01+4.00=7.01,0
362,0.341146,0.572381,81.54,82.57,1000,10,10,3.32+3.16=6.47,3.01+4.00=7.01,0
1000,0.468272,0.666605,17.43,15.50,1000,10,1,14.08+3.34=17.42,11.42+4.08=15.50,0
382,0.359986,0.585052,29.20,26.76,1000,10,2,8.61+3.15=11.77,7.31+3.95=11.26,0
369,0.346433,0.575662,35.69,33.83,1000,10,3,3.35+3.15=6.50,3.10+3.97=7.07,0
366,0.345924,0.575105,42.05,40.67,1000,10,4,3.20+3.15=6.36,2.86+3.98=6.84,0
363,0.343561,0.574034,48.55,47.62,1000,10,5,3.31+3.19=6.50,2.94+4.01=6.95,0
359,0.341664,0.572680,54.91,54.52,1000,10,6,3.22+3.14=6.36,2.94+3.96=6.90,0
359,0.341650,0.572752,61.25,61.34,1000,10,7,3.20+3.14=6.34,2.87+3.95=6.82,0
359,0.341407,0.572571,67.64,68.22,1000,10,8,3.26+3.13=6.39,2.93+3.95=6.88,0
358,0.341496,0.572648,73.86,75.04,1000,10,9,3.09+3.13=6.21,2.85+3.97=6.82,0
357,0.341391,0.572572,80.37,82.11,1000,10,10,3.34+3.18=6.52,3.06+4.01=7.07,0
1000,0.468845,0.666990,17.61,15.30,1000,10,1,14.51+3.09=17.60,11.49+3.80=15.29,0
382,0.360176,0.585103,29.65,26.70,1000,10,2,8.61+3.44=12.04,7.16+4.24=11.40,0
370,0.347352,0.576401,36.17,33.61,1000,10,3,3.33+3.19=6.52,2.89+4.02=6.91,0
365,0.347152,0.575882,42.69,40.72,1000,10,4,3.08+3.44=6.52,2.84+4.27=7.11,0
362,0.343641,0.574089,49.08,47.57,1000,10,5,3.22+3.17=6.39,2.84+4.01=6.85,0
360,0.341940,0.572890,55.57,54.70,1000,10,6,3.08+3.40=6.49,2.87+4.26=7.13,0
360,0.341749,0.572823,61.95,61.68,1000,10,7,3.01+3.37=6.38,2.78+4.20=6.98,0
360,0.341502,0.572638,68.36,68.47,1000,10,8,3.25+3.16=6.41,2.81+3.98=6.79,0
359,0.341590,0.572715,74.86,75.39,1000,10,9,3.26+3.23=6.50,2.84+4.08=6.92,0
358,0.341486,0.572639,81.25,82.17,1000,10,10,3.19+3.20=6.39,2.76+4.02=6.78,0
1000,0.469606,0.667607,17.48,15.90,1000,10,1,13.87+3.60=17.47,11.54+4.34=15.88,0
380,0.359273,0.584327,29.55,27.70,1000,10,2,8.45+3.63=12.07,7.36+4.44=11.80,0
369,0.346521,0.575713,36.12,34.72,1000,10,3,3.40+3.17=6.57,3.03+3.99=7.02,0
365,0.345681,0.574857,42.50,41.56,1000,10,4,3.23+3.15=6.38,2.87+3.97=6.84,0
362,0.344083,0.574118,48.97,48.47,1000,10,5,3.30+3.18=6.47,2.93+3.98=6.91,0
359,0.341818,0.572436,55.60,55.55,1000,10,6,3.46+3.17=6.63,3.06+4.02=7.08,0
359,0.341891,0.572565,62.05,62.44,1000,10,7,3.30+3.16=6.45,2.92+3.97=6.89,0
359,0.341527,0.572305,68.54,69.42,1000,10,8,3.31+3.18=6.49,2.98+4.00=6.98,0
359,0.341695,0.572433,75.01,76.35,1000,10,9,3.31+3.16=6.47,2.95+3.98=6.93,0
358,0.341558,0.572336,81.45,83.30,1000,10,10,3.26+3.18=6.44,2.94+4.01=6.95,0
1000,0.471657,0.668997,17.61,15.20,1000,10,1,14.50+3.10=17.60,11.34+3.86=15.20,0
376,0.362006,0.586231,29.59,26.79,1000,10,2,8.55+3.43=11.98,7.34+4.25=11.59,0
363,0.349318,0.577984,35.99,33.60,1000,10,3,3.18+3.23=6.41,2.77+4.04=6.81,0
361,0.348664,0.577122,42.39,40.39,1000,10,4,3.22+3.18=6.40,2.81+3.98=6.79,0
356,0.345936,0.575853,48.83,47.44,1000,10,5,3.03+3.40=6.43,2.82+4.23=7.05,0
353,0.345339,0.575410,55.28,54.46,1000,10,6,3.00+3.46=6.45,2.76+4.26=7.02,0
353,0.345733,0.575778,61.68,61.46,1000,10,7,2.98+3.42=6.40,2.77+4.23=7.00,0
353,0.345372,0.575521,68.13,68.50,1000,10,8,2.99+3.46=6.44,2.77+4.27=7.04,0
353,0.345503,0.575614,74.56,75.53,1000,10,9,3.01+3.42=6.43,2.78+4.25=7.03,0
352,0.345264,0.575444,80.98,82.33,1000,10,10,3.24+3.19=6.43,2.80+4.00=6.80,0
1000,0.474012,0.670712,17.49,15.07,1000,10,1,14.36+3.12=17.48,11.22+3.84=15.06,0
370,0.365329,0.588810,29.53,26.40,1000,10,2,8.81+3.22=12.04,7.32+4.01=11.33,0
356,0.351159,0.579407,36.02,33.31,1000,10,3,3.23+3.27=6.49,2.82+4.09=6.91,0
354,0.346801,0.575937,42.48,40.24,1000,10,4,3.22+3.24=6.46,2.85+4.08=6.93,0
351,0.343155,0.573527,48.94,47.11,1000,10,5,3.21+3.25=6.46,2.81+4.06=6.87,0
347,0.343486,0.573778,55.37,53.97,1000,10,6,3.19+3.23=6.43,2.79+4.07=6.86,0
347,0.343756,0.574069,61.71,60.74,1000,10,7,3.13+3.22=6.35,2.74+4.03=6.77,0
347,0.343351,0.573779,68.09,67.72,1000,10,8,2.93+3.44=6.38,2.72+4.26=6.98,0
347,0.343508,0.573893,74.45,74.51,1000,10,9,3.14+3.23=6.36,2.74+4.05=6.79,0
345,0.343358,0.573778,80.86,81.51,1000,10,10,2.95+3.46=6.41,2.73+4.27=7.00,0
1000,0.480638,0.675384,17.53,15.65,1000,10,1,14.40+3.11=17.52,11.73+3.90=15.63,0
352,0.375759,0.597127,29.60,27.27,1000,10,2,8.89+3.18=12.07,7.63+3.99=11.62,0
336,0.365960,0.591781,35.99,34.04,1000,10,3,3.17+3.22=6.39,2.75+4.02=6.77,0
332,0.361627,0.588689,42.28,40.69,1000,10,4,3.06+3.23=6.29,2.63+4.02=6.65,0
329,0.359618,0.587800,48.66,47.45,1000,10,5,3.13+3.25=6.37,2.71+4.05=6.76,0
323,0.360656,0.589194,54.91,54.15,1000,10,6,3.02+3.24=6.26,2.65+4.05=6.70,0
322,0.359382,0.588157,61.12,60.76,1000,10,7,2.99+3.22=6.21,2.60+4.01=6.61,0
322,0.359160,0.588003,67.42,67.45,1000,10,8,3.01+3.29=6.29,2.60+4.09=6.69,0
322,0.359326,0.588141,73.69,74.13,1000,10,9,3.02+3.25=6.27,2.61+4.07=6.68,0
322,0.359206,0.588040,80.00,80.81,1000,10,10,3.03+3.28=6.31,2.60+4.08=6.68,0
1000,0.529503,0.711230,17.39,15.10,1000,10,1,14.30+3.08=17.38,11.45+3.65=15.10,0
296,0.405625,0.621128,29.13,25.72,1000,10,2,8.50+3.24=11.73,6.63+3.99=10.62,0
281,0.392610,0.613671,35.24,32.24,1000,10,3,2.86+3.25=6.11,2.46+4.06=6.52,0
272,0.389283,0.612005,41.34,38.73,1000,10,4,2.80+3.30=6.10,2.39+4.10=6.49,0
267,0.386838,0.610862,47.38,45.16,1000,10,5,2.78+3.27=6.04,2.36+4.07=6.43,0
262,0.385098,0.609979,53.11,51.66,1000,10,6,2.46+3.27=5.73,2.43+4.07=6.50,0
261,0.385909,0.610459,58.84,58.14,1000,10,7,2.42+3.30=5.73,2.37+4.11=6.48,0
260,0.384194,0.609262,64.46,64.54,1000,10,8,2.39+3.23=5.62,2.36+4.04=6.40,0
260,0.384232,0.609304,70.16,71.00,1000,10,9,2.40+3.30=5.70,2.37+4.09=6.46,0
260,0.383709,0.608914,75.83,77.43,1000,10,10,2.37+3.30=5.67,2.35+4.08=6.43,0
