10,0.488649,0.694424,37.19,51.05,10,10,9,0.10,0.10,0,0.01,0.01,4.11,5.66,41.08,56.65
10,0.459254,0.664997,39.70,52.51,10,10,10,0.10,0.20,0,0.01,0.01,3.97,5.25,39.70,52.51
10,0.475688,0.677702,28.53,34.15,10,10,7,0.10,0.30,0,0.01,0.01,3.98,4.85,39.84,48.54
10,0.482187,0.683997,20.98,24.02,10,10,5,0.10,0.40,0,0.01,0.01,3.98,4.75,39.77,47.53
10,0.484642,0.685253,20.89,23.52,10,10,5,0.10,0.50,0,0.01,0.01,3.97,4.65,39.66,46.51
10,0.502989,0.696584,13.36,14.25,10,10,3,0.10,0.60,0,0.01,0.01,3.98,4.61,39.80,46.09
9,0.522408,0.716569,24.19,27.08,10,10,6,0.10,0.70,0,0.01,0.00,3.89,4.46,38.91,44.58
7,0.583675,0.759331,9.40,9.02,10,10,2,0.10,0.80,0,0.01,0.00,3.72,4.11,37.24,41.13
6,0.621306,0.777067,12.78,12.76,10,10,3,0.10,0.90,0,0.01,0.02,3.68,4.05,36.84,40.52
10,0.477924,0.684537,17.26,20.40,10,10,4,0.20,0.10,0,0.01,0.00,4.00,4.99,40.06,49.93
10,0.474561,0.676993,17.35,20.06,10,10,4,0.20,0.20,0,0.01,0.01,4.00,4.91,40.02,49.07
10,0.474158,0.676494,17.24,19.66,10,10,4,0.20,0.30,0,0.01,0.01,4.00,4.83,39.98,48.36
10,0.485816,0.685617,21.00,23.61,10,10,5,0.20,0.40,0,0.01,0.01,3.98,4.67,39.85,46.70
10,0.492056,0.690941,17.17,18.94,10,10,4,0.20,0.50,0,0.01,0.00,3.98,4.66,39.84,46.62
9,0.512315,0.704142,16.72,18.21,10,10,4,0.20,0.60,0,0.01,0.01,3.85,4.43,38.56,44.30
9,0.523166,0.714970,16.70,17.98,10,10,4,0.20,0.70,0,0.01,0.01,3.85,4.39,38.48,43.88
5,0.602076,0.767255,9.29,8.87,10,10,2,0.20,0.80,0,0.01,0.01,3.62,3.98,36.23,39.81
6,0.626453,0.773870,16.08,16.47,10,10,4,0.20,0.90,0,0.01,0.01,3.64,3.98,36.39,39.79
10,0.474937,0.676660,17.30,19.76,10,10,4,0.30,0.10,0,0.01,0.01,4.00,4.83,39.96,48.31
10,0.474937,0.676660,17.25,19.72,10,10,4,0.30,0.20,0,0.01,0.01,3.99,4.84,39.89,48.38
10,0.480650,0.681237,17.27,19.51,10,10,4,0.30,0.30,0,0.01,0.01,3.99,4.76,39.91,47.62
10,0.497497,0.693061,17.19,18.85,10,10,4,0.30,0.40,0,0.01,0.01,3.97,4.59,39.69,45.87
10,0.502898,0.696934,13.31,14.02,10,10,3,0.30,0.50,0,0.01,0.01,3.94,4.54,39.44,45.38
9,0.513931,0.705620,16.89,18.21,10,10,4,0.30,0.60,0,0.01,0.01,3.89,4.45,38.91,44.54
6,0.555113,0.742231,12.87,13.40,10,10,3,0.30,0.70,0,0.01,0.02,3.70,4.22,37.05,42.23
6,0.592983,0.762401,12.84,12.85,10,10,3,0.30,0.80,0,0.01,0.00,3.69,4.04,36.90,40.35
6,0.626703,0.773754,12.71,12.45,10,10,3,0.30,0.90,0,0.01,0.01,3.65,3.97,36.54,39.75
10,0.486210,0.684327,21.04,23.51,10,10,5,0.40,0.10,0,0.01,0.00,3.99,4.64,39.96,46.39
10,0.486210,0.684327,21.03,23.60,10,10,5,0.40,0.20,0,0.01,0.01,3.99,4.64,39.91,46.43
10,0.486210,0.684327,21.08,23.61,10,10,5,0.40,0.30,0,0.01,0.01,4.00,4.65,40.03,46.53
10,0.497131,0.693297,17.21,18.88,10,10,4,0.40,0.40,0,0.01,0.01,3.99,4.61,39.86,46.09
9,0.505190,0.698946,16.91,18.38,10,10,4,0.40,0.50,0,0.01,0.01,3.91,4.50,39.14,45.00
9,0.528661,0.720509,16.57,17.70,10,10,4,0.40,0.60,0,0.01,0.00,3.81,4.33,38.12,43.31
6,0.567498,0.754702,12.89,13.33,10,10,3,0.40,0.70,0,0.01,0.01,3.69,4.17,36.94,41.72
6,0.592983,0.762401,12.74,12.82,10,10,3,0.40,0.80,0,0.01,0.01,3.64,4.01,36.38,40.06
6,0.693423,0.810467,12.58,12.53,10,10,3,0.40,0.90,0,0.01,0.01,3.60,3.95,35.99,39.52
10,0.497131,0.693297,17.10,18.60,10,10,4,0.50,0.10,0,0.01,0.01,3.96,4.56,39.59,45.62
10,0.507731,0.700211,13.20,13.91,10,10,3,0.50,0.20,0,0.01,0.02,3.93,4.50,39.29,45.01
10,0.516169,0.709928,13.16,13.98,10,10,3,0.50,0.30,0,0.01,0.01,3.91,4.48,39.13,44.83
10,0.516169,0.709928,13.29,13.78,10,10,3,0.50,0.40,0,0.01,0.02,3.94,4.47,39.40,44.70
9,0.530009,0.722088,13.18,13.87,10,10,3,0.50,0.50,0,0.01,0.01,3.86,4.40,38.61,44.00
9,0.540881,0.729018,13.13,13.75,10,10,3,0.50,0.60,0,0.01,0.01,3.84,4.34,38.44,43.45
6,0.568419,0.752660,9.44,9.29,10,10,2,0.50,0.70,0,0.01,0.01,3.69,4.17,36.90,41.66
6,0.598350,0.765252,9.42,8.96,10,10,2,0.50,0.80,0,0.01,0.01,3.67,4.01,36.73,40.16
6,0.686604,0.798150,26.08,27.82,10,10,7,0.50,0.90,0,0.01,0.02,3.63,3.94,36.26,39.46
9,0.531014,0.721777,9.53,9.46,10,10,2,0.60,0.10,0,0.01,0.00,3.85,4.36,38.49,43.60
9,0.531014,0.721777,9.44,9.41,10,10,2,0.60,0.20,0,0.01,0.01,3.83,4.36,38.36,43.57
9,0.531014,0.721777,9.55,9.61,10,10,2,0.60,0.30,0,0.01,0.01,3.86,4.38,38.61,43.82
9,0.531014,0.721777,9.47,9.37,10,10,2,0.60,0.40,0,0.01,0.01,3.83,4.36,38.33,43.57
9,0.539081,0.728229,13.02,13.70,10,10,3,0.60,0.50,0,0.01,0.02,3.82,4.32,38.23,43.24
8,0.543322,0.731155,12.99,13.54,10,10,3,0.60,0.60,0,0.01,0.01,3.74,4.24,37.44,42.39
5,0.606756,0.770561,16.22,16.76,10,10,4,0.60,0.70,0,0.01,0.01,3.65,4.01,36.49,40.06
10,0.673381,0.823579,5.83,4.77,10,10,1,0.60,0.80,0,0.01,0.01,3.54,3.79,35.42,37.90
6,0.686604,0.798150,25.92,27.58,10,10,7,0.60,0.90,0,0.01,0.02,3.60,3.91,35.99,39.08
8,0.561896,0.745603,16.46,17.47,10,10,4,0.70,0.10,0,0.01,0.02,3.75,4.19,37.50,41.90
8,0.561896,0.745603,16.47,17.45,10,10,4,0.70,0.20,0,0.01,0.01,3.76,4.20,37.57,41.98
8,0.561896,0.745603,16.61,17.68,10,10,4,0.70,0.30,0,0.01,0.02,3.77,4.22,37.70,42.21
8,0.561896,0.745603,16.54,17.47,10,10,4,0.70,0.40,0,0.01,0.01,3.76,4.20,37.64,42.02
8,0.561896,0.745603,16.50,17.42,10,10,4,0.70,0.50,0,0.01,0.01,3.75,4.19,37.54,41.91
8,0.563235,0.744767,13.03,13.35,10,10,3,0.70,0.60,0,0.01,0.00,3.77,4.20,37.69,41.95
5,0.606928,0.770162,16.11,16.52,10,10,4,0.70,0.70,0,0.01,0.01,3.64,3.98,36.44,39.79
5,0.705735,0.852198,9.30,8.60,10,10,2,0.70,0.80,0,0.01,0.00,3.55,3.80,35.51,38.05
6,0.686604,0.798150,26.03,27.82,10,10,7,0.70,0.90,0,0.01,0.01,3.61,3.93,36.07,39.31
6,0.655624,0.795492,9.31,8.72,10,10,2,0.80,0.10,0,0.01,0.01,3.62,3.95,36.21,39.48
6,0.655624,0.795492,9.25,8.61,10,10,2,0.80,0.20,0,0.01,0.01,3.62,3.94,36.18,39.36
6,0.655624,0.795492,9.28,8.64,10,10,2,0.80,0.30,0,0.01,0.01,3.62,3.95,36.25,39.47
6,0.655624,0.795492,9.25,8.58,10,10,2,0.80,0.40,0,0.01,0.01,3.61,3.92,36.10,39.23
6,0.655624,0.795492,9.23,8.61,10,10,2,0.80,0.50,0,0.01,0.02,3.61,3.93,36.10,39.31
6,0.655624,0.795492,9.38,8.70,10,10,2,0.80,0.60,0,0.01,0.01,3.64,3.96,36.41,39.56
6,0.655624,0.795492,9.41,8.74,10,10,2,0.80,0.70,0,0.01,0.01,3.63,3.94,36.33,39.43
5,0.705735,0.852198,9.25,8.54,10,10,2,0.80,0.80,0,0.01,0.02,3.55,3.80,35.55,38.01
6,0.728816,0.818329,15.89,16.17,10,10,4,0.80,0.90,0,0.01,0.01,3.59,3.88,35.87,38.80
6,0.730558,0.819423,15.90,16.20,10,10,4,0.90,0.10,0,0.01,0.01,3.59,3.88,35.94,38.81
6,0.730558,0.819423,15.90,16.11,10,10,4,0.90,0.20,0,0.01,0.01,3.59,3.88,35.95,38.79
6,0.730558,0.819423,15.85,16.04,10,10,4,0.90,0.30,0,0.01,0.00,3.59,3.87,35.89,38.70
6,0.730558,0.819423,15.87,16.08,10,10,4,0.90,0.40,0,0.01,0.01,3.59,3.87,35.91,38.73
6,0.739641,0.827018,22.58,23.74,10,10,6,0.90,0.50,0,0.01,0.00,3.58,3.87,35.82,38.71
6,0.739641,0.827018,22.56,23.76,10,10,6,0.90,0.60,0,0.01,0.01,3.58,3.87,35.83,38.70
6,0.739641,0.827018,22.51,23.59,10,10,6,0.90,0.70,0,0.01,0.01,3.58,3.86,35.81,38.61
5,0.728093,0.842946,9.27,8.62,10,10,2,0.90,0.80,0,0.01,0.01,3.57,3.86,35.76,38.59
6,0.728011,0.842920,9.27,8.63,10,10,2,0.90,0.90,0,0.01,0.01,3.57,3.83,35.70,38.35

100,0.373158,0.600490,53.06,68.26,100,10,10,0.10,0.10,0,0.01,0.01,5.30,6.83,53.06,68.26
100,0.325679,0.555544,53.08,65.38,100,10,10,0.10,0.20,0,0.01,0.01,5.31,6.54,53.08,65.38
100,0.320138,0.550449,43.72,52.10,100,10,8,0.10,0.30,0,0.01,0.02,5.42,6.50,54.17,65.00
100,0.316777,0.547341,43.72,51.19,100,10,8,0.10,0.40,0,0.01,0.00,5.41,6.37,54.10,63.73
99,0.319534,0.550687,44.10,51.10,100,10,8,0.10,0.50,0,0.01,0.01,5.46,6.37,54.65,63.71
98,0.327081,0.557349,55.14,63.82,100,10,10,0.10,0.60,0,0.01,0.01,5.51,6.38,55.14,63.82
90,0.355366,0.584128,22.89,25.06,100,10,4,0.10,0.70,0,0.01,0.01,5.45,6.17,54.47,61.75
83,0.384764,0.609708,34.18,37.58,100,10,6,0.10,0.80,0,0.01,0.00,5.58,6.24,55.85,62.39
59,0.449386,0.661948,42.64,47.08,100,10,8,0.10,0.90,0,0.01,0.01,5.27,5.86,52.69,58.59
100,0.319979,0.550290,54.78,66.19,100,10,10,0.20,0.10,0,0.01,0.01,5.48,6.62,54.79,66.19
100,0.318337,0.548710,54.31,65.60,100,10,10,0.20,0.20,0,0.01,0.01,5.43,6.56,54.31,65.60
100,0.316135,0.546332,48.90,57.73,100,10,9,0.20,0.30,0,0.01,0.02,5.41,6.41,54.11,64.08
100,0.317800,0.548301,33.36,38.40,100,10,6,0.20,0.40,0,0.01,0.01,5.44,6.36,54.43,63.59
98,0.322089,0.552924,33.68,38.27,100,10,6,0.20,0.50,0,0.01,0.01,5.52,6.36,55.20,63.65
97,0.332438,0.562679,33.62,38.06,100,10,6,0.20,0.60,0,0.01,0.01,5.48,6.29,54.78,62.96
87,0.362796,0.590797,33.82,37.53,100,10,6,0.20,0.70,0,0.01,0.02,5.51,6.22,55.15,62.19
78,0.393249,0.616634,33.39,36.71,100,10,6,0.20,0.80,0,0.01,0.01,5.41,6.04,54.11,60.44
55,0.458288,0.668351,42.22,46.53,100,10,8,0.20,0.90,0,0.01,0.01,5.22,5.79,52.18,57.95
100,0.318229,0.548063,38.92,45.34,100,10,7,0.30,0.10,0,0.01,0.00,5.49,6.45,54.87,64.52
100,0.317764,0.547536,44.34,51.87,100,10,8,0.30,0.20,0,0.01,0.01,5.49,6.47,54.95,64.68
100,0.317666,0.547974,38.55,44.71,100,10,7,0.30,0.30,0,0.01,0.01,5.42,6.34,54.17,63.45
100,0.319163,0.549306,28.70,32.44,100,10,5,0.30,0.40,0,0.01,0.01,5.56,6.44,55.63,64.38
99,0.327693,0.557589,28.66,32.00,100,10,5,0.30,0.50,0,0.01,0.01,5.51,6.31,55.14,63.14
93,0.343755,0.573292,39.24,44.05,100,10,7,0.30,0.60,0,0.01,0.01,5.53,6.28,55.26,62.77
86,0.366847,0.594754,34.01,37.57,100,10,6,0.30,0.70,0,0.01,0.01,5.52,6.21,55.24,62.09
76,0.397104,0.620390,49.70,55.30,100,10,9,0.30,0.80,0,0.01,0.01,5.50,6.13,54.99,61.35
49,0.471299,0.678261,42.27,46.42,100,10,8,0.30,0.90,0,0.01,0.02,5.22,5.77,52.16,57.71
100,0.321354,0.551387,39.00,44.78,100,10,7,0.40,0.10,0,0.01,0.02,5.50,6.37,54.98,63.74
100,0.320694,0.550824,34.10,38.89,100,10,6,0.40,0.20,0,0.01,0.01,5.56,6.44,55.59,64.41
100,0.319728,0.549933,33.90,38.71,100,10,6,0.40,0.30,0,0.01,0.01,5.51,6.40,55.15,63.97
100,0.322002,0.552052,33.51,38.20,100,10,6,0.40,0.40,0,0.01,0.00,5.47,6.35,54.74,63.47
97,0.329381,0.559005,28.60,31.98,100,10,5,0.40,0.50,0,0.01,0.01,5.51,6.32,55.13,63.24
90,0.343245,0.573162,28.16,31.39,100,10,5,0.40,0.60,0,0.01,0.01,5.46,6.23,54.57,62.29
85,0.378062,0.604031,23.25,25.12,100,10,4,0.40,0.70,0,0.01,0.01,5.54,6.21,55.42,62.09
70,0.415553,0.634903,43.64,48.22,100,10,8,0.40,0.80,0,0.01,0.01,5.40,6.01,54.02,60.08
48,0.477773,0.684026,36.88,40.28,100,10,7,0.40,0.90,0,0.01,0.01,5.15,5.71,51.54,57.09
99,0.329457,0.559683,39.06,44.49,100,10,7,0.50,0.10,0,0.01,0.01,5.50,6.33,55.00,63.33
99,0.329966,0.560094,39.45,44.88,100,10,7,0.50,0.20,0,0.01,0.01,5.56,6.39,55.60,63.91
99,0.329270,0.559619,49.56,56.73,100,10,9,0.50,0.30,0,0.01,0.01,5.49,6.30,54.88,62.99
98,0.331504,0.561914,33.54,37.97,100,10,6,0.50,0.40,0,0.01,0.01,5.47,6.29,54.69,62.92
94,0.345467,0.574548,33.48,37.43,100,10,6,0.50,0.50,0,0.01,0.01,5.46,6.20,54.59,62.01
88,0.359315,0.587497,38.68,43.23,100,10,7,0.50,0.60,0,0.01,0.01,5.44,6.14,54.36,61.42
81,0.386322,0.611439,34.00,37.46,100,10,6,0.50,0.70,0,0.01,0.02,5.53,6.20,55.35,62.00
71,0.420497,0.639577,33.16,36.28,100,10,6,0.50,0.80,0,0.01,0.01,5.40,6.00,53.96,60.04
50,0.477686,0.683686,17.21,17.84,100,10,3,0.50,0.90,0,0.01,0.01,5.14,5.69,51.44,56.93
91,0.359107,0.587018,33.41,37.21,100,10,6,0.60,0.10,0,0.01,0.02,5.44,6.16,54.43,61.64
91,0.359089,0.587005,33.34,37.17,100,10,6,0.60,0.20,0,0.01,0.00,5.43,6.15,54.28,61.46
91,0.359291,0.587093,38.82,43.45,100,10,7,0.60,0.30,0,0.01,0.00,5.48,6.20,54.76,61.96
91,0.359307,0.586987,22.58,24.55,100,10,4,0.60,0.40,0,0.01,0.00,5.38,6.07,53.82,60.73
84,0.365513,0.592339,28.40,31.30,100,10,5,0.60,0.50,0,0.01,0.01,5.47,6.18,54.74,61.85
83,0.377548,0.603233,38.62,42.99,100,10,7,0.60,0.60,0,0.01,0.01,5.41,6.09,54.14,60.93
74,0.398879,0.621315,33.04,36.32,100,10,6,0.60,0.70,0,0.01,0.01,5.35,5.99,53.56,59.93
67,0.432968,0.648678,38.47,42.26,100,10,7,0.60,0.80,0,0.01,0.01,5.42,6.01,54.18,60.15
50,0.495058,0.696941,12.31,12.26,100,10,2,0.60,0.90,0,0.01,0.00,5.11,5.66,51.07,56.58
79,0.383236,0.609035,33.71,37.01,100,10,6,0.70,0.10,0,0.01,0.01,5.49,6.13,54.89,61.34
79,0.383236,0.609035,33.13,36.60,100,10,6,0.70,0.20,0,0.01,0.01,5.38,6.04,53.81,60.46
79,0.382302,0.608364,38.20,42.47,100,10,7,0.70,0.30,0,0.01,0.02,5.36,6.02,53.58,60.20
78,0.385064,0.610628,33.04,36.58,100,10,6,0.70,0.40,0,0.01,0.01,5.35,6.03,53.52,60.26
74,0.388094,0.612838,43.58,48.46,100,10,8,0.70,0.50,0,0.01,0.00,5.40,6.04,53.96,60.44
76,0.393086,0.617362,22.88,24.75,100,10,4,0.70,0.60,0,0.01,0.01,5.39,6.05,53.92,60.47
68,0.412837,0.633212,33.21,36.48,100,10,6,0.70,0.70,0,0.01,0.01,5.38,6.01,53.76,60.07
57,0.459410,0.668291,43.22,47.45,100,10,8,0.70,0.80,0,0.01,0.00,5.33,5.90,53.32,59.02
41,0.505573,0.704560,12.54,12.24,100,10,2,0.70,0.90,0,0.01,0.01,4.79,5.26,47.94,52.66
62,0.436901,0.651899,32.59,35.39,100,10,6,0.80,0.10,0,0.01,0.01,5.27,5.84,52.70,58.38
62,0.436901,0.651899,32.80,35.81,100,10,6,0.80,0.20,0,0.01,0.01,5.34,5.92,53.40,59.25
62,0.436901,0.651899,32.68,35.70,100,10,6,0.80,0.30,0,0.01,0.01,5.30,5.89,53.04,58.93
62,0.437403,0.652263,37.46,41.13,100,10,7,0.80,0.40,0,0.01,0.01,5.24,5.83,52.43,58.31
61,0.438227,0.652817,32.64,35.63,100,10,6,0.80,0.50,0,0.01,0.00,5.27,5.87,52.74,58.66
61,0.441113,0.655199,27.65,29.95,100,10,5,0.80,0.60,0,0.01,0.01,5.26,5.85,52.56,58.47
56,0.453359,0.663789,22.45,23.94,100,10,4,0.80,0.70,0,0.01,0.01,5.24,5.82,52.39,58.21
51,0.475015,0.682425,32.09,34.79,100,10,6,0.80,0.80,0,0.01,0.01,5.19,5.74,51.89,57.40
33,0.524594,0.724555,20.72,21.68,100,10,4,0.80,0.90,0,0.01,0.00,4.64,5.09,46.36,50.91
42,0.515149,0.708673,12.13,11.91,100,10,2,0.90,0.10,0,0.01,0.01,4.70,5.16,47.01,51.58
42,0.515149,0.708673,12.43,12.19,100,10,2,0.90,0.20,0,0.01,0.01,4.83,5.28,48.27,52.83
42,0.515149,0.708673,12.25,12.04,100,10,2,0.90,0.30,0,0.01,0.01,4.73,5.19,47.29,51.93
42,0.515149,0.708673,12.25,12.03,100,10,2,0.90,0.40,0,0.01,0.01,4.74,5.21,47.39,52.06
43,0.515041,0.708594,12.34,12.12,100,10,2,0.90,0.50,0,0.01,0.01,4.77,5.23,47.72,52.27
43,0.516136,0.709251,12.25,12.01,100,10,2,0.90,0.60,0,0.01,0.01,4.79,5.25,47.89,52.49
40,0.532876,0.725788,37.84,41.14,100,10,8,0.90,0.70,0,0.01,0.01,4.63,5.08,46.32,50.83
40,0.530844,0.723814,20.86,21.85,100,10,4,0.90,0.80,0,0.01,0.01,4.66,5.12,46.57,51.18
30,0.541234,0.731374,33.01,35.54,100,10,7,0.90,0.90,0,0.01,0.01,4.55,4.98,45.49,49.83

1000,0.266809,0.502765,168.56,168.64,1000,10,10,0.10,0.10,0,0.01,0.02,16.86,16.86,168.56,168.64
1000,0.222697,0.454426,155.08,151.25,1000,10,10,0.10,0.20,0,0.01,0.01,15.51,15.12,155.08,151.25
1000,0.210552,0.440068,150.90,146.63,1000,10,10,0.10,0.30,0,0.01,0.01,15.09,14.66,150.90,146.63
999,0.207818,0.437214,153.32,147.92,1000,10,10,0.10,0.40,0,0.01,0.01,15.33,14.79,153.32,147.92
984,0.209536,0.439738,147.50,145.41,1000,10,10,0.10,0.50,0,0.01,0.01,14.75,14.54,147.51,145.41
957,0.214247,0.445717,126.95,123.13,1000,10,9,0.10,0.60,0,0.01,0.01,14.07,13.65,140.73,136.49
869,0.224411,0.458448,138.29,134.34,1000,10,10,0.10,0.70,0,0.01,0.01,13.83,13.43,138.29,134.34
745,0.248030,0.484337,100.43,97.46,1000,10,8,0.10,0.80,0,0.01,0.02,12.31,12.00,123.15,120.06
523,0.298678,0.534880,98.41,97.39,1000,10,10,0.10,0.90,0,0.01,0.02,9.84,9.74,98.41,97.39
1000,0.218866,0.450267,152.69,148.61,1000,10,10,0.20,0.10,0,0.01,0.01,15.27,14.86,152.69,148.61
1000,0.214783,0.445410,152.45,146.12,1000,10,10,0.20,0.20,0,0.01,0.01,15.24,14.61,152.45,146.12
1000,0.206725,0.435900,151.90,146.54,1000,10,10,0.20,0.30,0,0.01,0.01,15.19,14.65,151.90,146.54
999,0.205852,0.435074,151.78,144.39,1000,10,10,0.20,0.40,0,0.01,0.02,15.18,14.44,151.79,144.39
978,0.208549,0.438625,142.25,138.37,1000,10,10,0.20,0.50,0,0.01,0.02,14.22,13.83,142.25,138.37
932,0.215214,0.447021,127.38,123.19,1000,10,9,0.20,0.60,0,0.01,0.00,14.11,13.64,141.08,136.41
830,0.227821,0.462387,130.00,125.26,1000,10,10,0.20,0.70,0,0.01,0.01,13.00,12.53,130.00,125.26
708,0.254461,0.491005,84.82,83.49,1000,10,7,0.20,0.80,0,0.01,0.01,11.72,11.65,117.21,116.52
487,0.306468,0.541613,70.54,71.21,1000,10,7,0.20,0.90,0,0.01,0.01,9.48,9.73,94.79,97.28
1000,0.208384,0.437658,149.73,141.77,1000,10,10,0.30,0.10,0,0.01,0.02,14.97,14.18,149.74,141.77
1000,0.208259,0.437587,136.86,134.03,1000,10,9,0.30,0.20,0,0.01,0.01,15.18,14.89,151.80,148.87
1000,0.206372,0.435633,152.73,151.04,1000,10,10,0.30,0.30,0,0.01,0.01,15.27,15.10,152.73,151.04
996,0.206762,0.435962,150.45,144.08,1000,10,10,0.30,0.40,0,0.01,0.02,15.04,14.41,150.45,144.08
971,0.209749,0.440090,140.08,135.60,1000,10,10,0.30,0.50,0,0.01,0.02,14.01,13.56,140.08,135.60
916,0.216815,0.448973,129.73,126.27,1000,10,9,0.30,0.60,0,0.01,0.02,14.37,14.01,143.69,140.15
809,0.231342,0.466193,123.96,119.37,1000,10,10,0.30,0.70,0,0.01,0.01,12.40,11.94,123.96,119.37
674,0.259911,0.496335,113.50,112.38,1000,10,10,0.30,0.80,0,0.01,0.01,11.35,11.24,113.50,112.38
458,0.312401,0.546892,60.66,60.58,1000,10,6,0.30,0.90,0,0.01,0.01,8.85,9.09,88.54,90.87
996,0.207496,0.437088,135.50,128.72,1000,10,9,0.40,0.10,0,0.01,0.01,15.03,14.28,150.29,142.76
996,0.207514,0.437071,150.49,142.67,1000,10,10,0.40,0.20,0,0.01,0.01,15.05,14.27,150.49,142.67
996,0.207355,0.437029,122.12,117.28,1000,10,8,0.40,0.30,0,0.01,0.01,15.22,14.62,152.17,146.16
994,0.207188,0.436861,116.68,111.11,1000,10,8,0.40,0.40,0,0.01,0.00,14.48,13.82,144.86,138.16
967,0.211766,0.442295,113.50,109.16,1000,10,8,0.40,0.50,0,0.01,0.01,14.07,13.59,140.72,135.89
899,0.219649,0.452110,126.93,123.63,1000,10,9,0.40,0.60,0,0.01,0.02,14.04,13.71,140.43,137.13
792,0.235406,0.470452,111.80,108.88,1000,10,9,0.40,0.70,0,0.01,0.01,12.33,12.03,123.29,120.33
661,0.265695,0.502211,113.68,112.28,1000,10,10,0.40,0.80,0,0.01,0.01,11.37,11.23,113.68,112.28
434,0.318388,0.552222,84.79,86.45,1000,10,10,0.40,0.90,0,0.01,0.01,8.48,8.64,84.79,86.45
978,0.211130,0.441581,127.03,123.06,1000,10,9,0.50,0.10,0,0.01,0.01,14.08,13.64,140.83,136.43
978,0.211003,0.441503,127.87,123.26,1000,10,9,0.50,0.20,0,0.01,0.01,14.16,13.70,141.62,136.98
975,0.210960,0.441572,128.75,124.28,1000,10,9,0.50,0.30,0,0.01,0.01,14.28,13.78,142.76,137.80
971,0.210993,0.441675,126.90,124.19,1000,10,9,0.50,0.40,0,0.01,0.01,14.06,13.79,140.66,137.87
945,0.214336,0.445416,116.44,112.61,1000,10,8,0.50,0.50,0,0.01,0.01,14.45,14.02,144.54,140.20
876,0.222512,0.455355,111.78,109.51,1000,10,8,0.50,0.60,0,0.01,0.01,13.89,13.63,138.92,136.32
766,0.239675,0.474672,100.00,96.74,1000,10,8,0.50,0.70,0,0.01,0.01,12.36,11.97,123.62,119.69
646,0.269781,0.505949,102.81,101.49,1000,10,9,0.50,0.80,0,0.01,0.01,11.34,11.23,113.38,112.32
414,0.324563,0.558027,62.92,63.30,1000,10,7,0.50,0.90,0,0.01,0.01,8.25,8.47,82.47,84.70
906,0.221430,0.454081,128.57,124.94,1000,10,9,0.60,0.10,0,0.01,0.01,14.24,13.87,142.40,138.70
904,0.221577,0.454219,127.69,125.04,1000,10,9,0.60,0.20,0,0.01,0.02,14.11,13.81,141.15,138.17
904,0.222131,0.454847,127.64,124.00,1000,10,9,0.60,0.30,0,0.01,0.02,14.15,13.75,141.48,137.52
902,0.222437,0.455287,113.47,110.67,1000,10,8,0.60,0.40,0,0.01,0.01,14.09,13.80,140.93,137.96
897,0.223620,0.456626,111.32,106.60,1000,10,8,0.60,0.50,0,0.01,0.00,13.82,13.32,138.26,133.18
850,0.228406,0.462016,123.07,118.12,1000,10,9,0.60,0.60,0,0.01,0.01,13.60,13.08,135.96,130.80
730,0.245260,0.480540,121.19,119.95,1000,10,10,0.60,0.70,0,0.01,0.01,12.12,11.99,121.19,119.95
611,0.275066,0.510760,93.03,92.47,1000,10,9,0.60,0.80,0,0.01,0.01,10.20,10.18,102.05,101.77
390,0.330682,0.563356,62.71,63.42,1000,10,7,0.60,0.90,0,0.01,0.01,8.26,8.52,82.64,85.17
785,0.239183,0.474310,124.18,119.38,1000,10,10,0.70,0.10,0,0.01,0.01,12.42,11.94,124.18,119.38
784,0.239238,0.474358,123.85,119.53,1000,10,10,0.70,0.20,0,0.01,0.01,12.38,11.95,123.86,119.53
783,0.239617,0.474717,123.61,121.22,1000,10,10,0.70,0.30,0,0.01,0.02,12.36,12.12,123.61,121.22
781,0.240484,0.475513,123.86,120.20,1000,10,10,0.70,0.40,0,0.01,0.01,12.39,12.02,123.86,120.20
769,0.241527,0.476474,112.82,108.70,1000,10,9,0.70,0.50,0,0.01,0.00,12.43,11.99,124.32,119.89
751,0.245442,0.480201,111.32,108.14,1000,10,9,0.70,0.60,0,0.01,0.02,12.29,11.95,122.93,119.51
690,0.257786,0.492747,104.01,103.87,1000,10,9,0.70,0.70,0,0.01,0.01,11.46,11.46,114.57,114.58
554,0.290979,0.526009,74.64,73.35,1000,10,7,0.70,0.80,0,0.01,0.00,10.14,10.07,101.41,100.67
361,0.341778,0.573087,55.71,54.37,1000,10,6,0.70,0.90,0,0.01,0.02,8.12,8.19,81.26,81.94
587,0.280246,0.516538,92.30,90.99,1000,10,9,0.80,0.10,0,0.01,0.01,10.12,10.00,101.19,100.01
588,0.280244,0.516537,92.36,91.57,1000,10,9,0.80,0.20,0,0.01,0.01,10.14,10.08,101.37,100.85
588,0.281416,0.517620,91.20,90.45,1000,10,9,0.80,0.30,0,0.01,0.02,10.01,9.93,100.08,99.35
588,0.280145,0.516398,92.24,90.82,1000,10,9,0.80,0.40,0,0.01,0.01,10.12,9.99,101.23,99.87
587,0.281051,0.517241,92.09,91.54,1000,10,9,0.80,0.50,0,0.01,0.02,10.08,10.05,100.84,100.50
584,0.283319,0.519391,90.93,90.71,1000,10,9,0.80,0.60,0,0.01,0.01,9.98,9.96,99.79,99.62
570,0.284670,0.520261,82.52,81.94,1000,10,8,0.80,0.70,0,0.01,0.01,10.04,10.03,100.40,100.35
490,0.302516,0.536672,86.28,87.58,1000,10,9,0.80,0.80,0,0.01,0.01,9.44,9.61,94.41,96.10
330,0.358410,0.588187,74.17,74.90,1000,10,9,0.80,0.90,0,0.01,0.01,8.06,8.19,80.56,81.88
362,0.340463,0.571829,74.47,75.38,1000,10,9,0.90,0.10,0,0.01,0.00,8.09,8.22,80.88,82.20
362,0.340463,0.571829,75.07,75.56,1000,10,9,0.90,0.20,0,0.01,0.01,8.15,8.26,81.54,82.57
357,0.341391,0.572572,80.37,82.11,1000,10,10,0.90,0.30,0,0.01,0.00,8.04,8.21,80.37,82.11
358,0.341486,0.572639,81.25,82.17,1000,10,10,0.90,0.40,0,0.01,0.01,8.12,8.22,81.25,82.17
359,0.341527,0.572305,68.54,69.42,1000,10,8,0.90,0.50,0,0.01,0.02,8.14,8.33,81.45,83.30
352,0.345264,0.575444,80.98,82.33,1000,10,10,0.90,0.60,0,0.01,0.00,8.10,8.23,80.98,82.33
351,0.343155,0.573527,48.94,47.11,1000,10,5,0.90,0.70,0,0.01,0.01,8.09,8.15,80.86,81.51
322,0.359160,0.588003,67.42,67.45,1000,10,8,0.90,0.80,0,0.01,0.02,8.00,8.08,80.00,80.81
260,0.383709,0.608914,75.83,77.43,1000,10,10,0.90,0.90,0,0.01,0.00,7.58,7.74,75.83,77.43
