1000,0.399310,0.622420,10.32,10.03,1000,10,1,8.67+1.65=10.32,7.17+2.86=10.03,0
1000,0.370293,0.599567,19.13,19.95,1000,10,2,7.29+1.52=8.81,7.24+2.68=9.92,0
1000,0.365458,0.595597,28.20,30.09,1000,10,3,7.40+1.67=9.07,7.35+2.79=10.14,0
1000,0.363450,0.593890,37.33,40.31,1000,10,4,7.58+1.56=9.14,7.57+2.65=10.22,0
1000,0.362554,0.593152,46.48,50.53,1000,10,5,7.62+1.52=9.14,7.61+2.61=10.22,0
1000,0.362256,0.592912,55.61,60.71,1000,10,6,7.61+1.52=9.13,7.56+2.62=10.18,0
1000,0.362112,0.592785,64.78,70.96,1000,10,7,7.66+1.50=9.17,7.62+2.63=10.25,0
1000,0.362139,0.592823,73.92,81.15,1000,10,8,7.53+1.61=9.14,7.50+2.69=10.19,0
1000,0.362106,0.592797,83.12,91.44,1000,10,9,7.68+1.51=9.20,7.65+2.64=10.29,0
1000,0.362055,0.592749,92.26,101.69,1000,10,10,7.63+1.51=9.14,7.61+2.64=10.25,0
1000,0.341992,0.571533,10.63,10.13,1000,10,1,8.96+1.66=10.63,7.41+2.71=10.12,0
1000,0.314774,0.548188,18.42,18.84,1000,10,2,6.15+1.64=7.79,6.13+2.58=8.71,0
1000,0.310166,0.544027,26.21,27.49,1000,10,3,6.20+1.59=7.79,6.15+2.50=8.65,0
1000,0.308375,0.542416,34.01,36.15,1000,10,4,5.97+1.83=7.80,5.94+2.72=8.66,0
1000,0.307743,0.541873,41.78,44.79,1000,10,5,5.96+1.81=7.77,5.93+2.71=8.64,0
1000,0.307327,0.541490,49.60,53.47,1000,10,6,5.97+1.85=7.82,5.95+2.73=8.68,0
1000,0.307138,0.541314,57.42,62.15,1000,10,7,6.16+1.67=7.82,6.13+2.55=8.68,0
1000,0.307064,0.541247,65.24,70.82,1000,10,8,6.21+1.61=7.82,6.17+2.50=8.67,0
1000,0.307037,0.541222,73.04,79.49,1000,10,9,6.16+1.64=7.80,6.12+2.55=8.67,0
1000,0.307021,0.541200,80.84,88.13,1000,10,10,6.18+1.62=7.80,6.14+2.50=8.64,0
1000,0.333200,0.562652,10.54,9.89,1000,10,1,8.84+1.69=10.53,7.29+2.59=9.88,0
1000,0.306043,0.539221,18.08,18.20,1000,10,2,5.88+1.67=7.54,5.85+2.46=8.31,0
1000,0.301817,0.535330,25.60,26.45,1000,10,3,5.86+1.66=7.52,5.82+2.43=8.25,0
1000,0.300180,0.533793,33.12,34.73,1000,10,4,5.87+1.66=7.52,5.83+2.45=8.28,0
1000,0.299472,0.533117,40.63,43.04,1000,10,5,5.85+1.65=7.51,5.83+2.48=8.31,0
1000,0.299162,0.532852,48.15,51.34,1000,10,6,5.82+1.71=7.52,5.80+2.50=8.30,0
1000,0.298994,0.532707,55.68,59.63,1000,10,7,5.83+1.70=7.53,5.79+2.50=8.29,0
1000,0.298941,0.532660,63.19,67.93,1000,10,8,5.82+1.69=7.52,5.80+2.50=8.30,0
1000,0.298916,0.532638,70.78,76.28,1000,10,9,5.81+1.78=7.59,5.79+2.56=8.35,0
1000,0.298897,0.532622,78.35,84.57,1000,10,10,5.85+1.72=7.57,5.81+2.48=8.29,0
1000,0.338653,0.566627,10.59,9.93,1000,10,1,8.77+1.81=10.58,7.24+2.69=9.93,0
1000,0.308129,0.540577,17.61,17.67,1000,10,2,5.41+1.61=7.02,5.37+2.37=7.74,0
1000,0.304468,0.537231,24.76,25.56,1000,10,3,5.57+1.58=7.16,5.54+2.35=7.89,0
1000,0.303115,0.535977,31.98,33.48,1000,10,4,5.60+1.61=7.21,5.56+2.36=7.92,0
1000,0.302621,0.535497,39.18,41.39,1000,10,5,5.55+1.66=7.20,5.52+2.39=7.91,0
1000,0.302434,0.535328,46.32,49.25,1000,10,6,5.61+1.53=7.14,5.56+2.30=7.86,0
1000,0.302347,0.535244,53.50,57.12,1000,10,7,5.61+1.57=7.18,5.57+2.30=7.87,0
1000,0.302248,0.535136,60.68,64.99,1000,10,8,5.61+1.57=7.17,5.57+2.30=7.87,0
1000,0.302170,0.535077,67.86,72.92,1000,10,9,5.42+1.77=7.19,5.40+2.53=7.93,0
1000,0.302148,0.535060,74.97,80.74,1000,10,10,5.57+1.53=7.10,5.54+2.28=7.82,0
1000,0.352209,0.577837,10.40,9.70,1000,10,1,8.79+1.61=10.40,7.30+2.40=9.70,0
998,0.315879,0.547205,17.44,17.45,1000,10,2,5.33+1.70=7.04,5.31+2.44=7.75,0
998,0.312565,0.544257,24.39,25.11,1000,10,3,5.36+1.59=6.96,5.34+2.32=7.66,0
998,0.311225,0.543106,31.33,32.74,1000,10,4,5.35+1.59=6.94,5.33+2.30=7.63,0
998,0.310854,0.542763,38.29,40.34,1000,10,5,5.40+1.56=6.96,5.35+2.25=7.60,0
998,0.310714,0.542657,45.26,47.96,1000,10,6,5.36+1.61=6.96,5.34+2.28=7.62,0
998,0.310612,0.542561,52.19,55.60,1000,10,7,5.21+1.73=6.94,5.19+2.45=7.64,0
998,0.310585,0.542532,59.17,63.26,1000,10,8,5.31+1.67=6.98,5.29+2.37=7.66,0
998,0.310573,0.542521,66.19,70.97,1000,10,9,5.33+1.69=7.01,5.29+2.42=7.71,0
998,0.310573,0.542521,73.16,78.64,1000,10,10,5.30+1.67=6.97,5.28+2.39=7.67,0
1000,0.376755,0.598536,10.62,9.84,1000,10,1,8.80+1.81=10.61,7.26+2.58=9.84,0
983,0.333310,0.562692,17.08,16.99,1000,10,2,4.99+1.48=6.47,4.96+2.19=7.15,0
983,0.329068,0.559083,23.72,24.30,1000,10,3,5.16+1.47=6.63,5.15+2.16=7.31,0
983,0.327888,0.558126,30.40,31.62,1000,10,4,5.21+1.48=6.68,5.17+2.15=7.32,0
983,0.327578,0.557847,37.11,38.98,1000,10,5,5.24+1.47=6.71,5.22+2.14=7.36,0
983,0.327317,0.557644,43.82,46.30,1000,10,6,5.24+1.47=6.71,5.20+2.12=7.32,0
983,0.327292,0.557624,50.52,53.63,1000,10,7,5.23+1.47=6.70,5.19+2.14=7.33,0
983,0.327281,0.557616,57.21,60.93,1000,10,8,5.22+1.47=6.69,5.19+2.11=7.30,0
983,0.327281,0.557616,63.81,68.15,1000,10,9,5.12+1.47=6.60,5.09+2.13=7.22,0
983,0.327281,0.557616,70.37,75.39,1000,10,10,5.09+1.48=6.56,5.08+2.16=7.24,0
1000,0.419359,0.632327,10.36,9.53,1000,10,1,8.83+1.53=10.36,7.31+2.21=9.52,0
873,0.364906,0.589390,16.53,16.34,1000,10,2,4.69+1.48=6.17,4.66+2.15=6.81,0
872,0.359747,0.585524,22.32,22.72,1000,10,3,4.31+1.48=5.79,4.27+2.11=6.38,0
869,0.359185,0.585103,27.95,28.93,1000,10,4,4.14+1.49=5.63,4.11+2.10=6.21,0
869,0.358482,0.584579,33.62,35.18,1000,10,5,4.20+1.48=5.67,4.14+2.11=6.25,0
869,0.358393,0.584543,39.30,41.47,1000,10,6,4.21+1.48=5.69,4.17+2.12=6.29,0
869,0.358088,0.584309,44.96,47.74,1000,10,7,4.12+1.54=5.66,4.09+2.18=6.27,0
869,0.357941,0.584210,50.60,54.04,1000,10,8,4.08+1.56=5.64,4.06+2.24=6.30,0
869,0.357918,0.584193,56.24,60.29,1000,10,9,4.14+1.50=5.64,4.11+2.14=6.25,0
869,0.357918,0.584193,61.91,66.55,1000,10,10,4.13+1.53=5.66,4.11+2.15=6.26,0
1000,0.484540,0.681286,10.44,9.52,1000,10,1,8.96+1.47=10.43,7.45+2.06=9.51,0
629,0.416557,0.631805,16.56,16.19,1000,10,2,4.39+1.74=6.12,4.37+2.30=6.67,0
621,0.411929,0.628125,21.55,21.76,1000,10,3,3.40+1.59=4.99,3.40+2.17=5.57,0
614,0.408371,0.625985,26.58,27.34,1000,10,4,3.55+1.48=5.03,3.53+2.05=5.58,0
613,0.408827,0.626319,31.49,32.81,1000,10,5,3.43+1.49=4.91,3.39+2.08=5.47,0
611,0.406501,0.624621,36.51,38.37,1000,10,6,3.53+1.49=5.02,3.49+2.07=5.56,0
611,0.406140,0.624383,41.53,43.94,1000,10,7,3.53+1.49=5.01,3.51+2.06=5.57,0
611,0.405664,0.624048,46.58,49.54,1000,10,8,3.58+1.47=5.05,3.54+2.06=5.60,0
611,0.405446,0.623893,51.61,55.14,1000,10,9,3.56+1.48=5.04,3.51+2.09=5.60,0
611,0.405191,0.623683,56.60,60.67,1000,10,10,3.50+1.49=4.99,3.47+2.06=5.53,0
1000,0.596856,0.759986,10.61,9.60,1000,10,1,8.72+1.89=10.61,7.16+2.43=9.59,0
358,0.490571,0.687426,16.30,15.80,1000,10,2,4.16+1.53=5.69,4.13+2.07=6.20,0
351,0.490098,0.686912,20.14,20.14,1000,10,3,2.32+1.51=3.84,2.31+2.03=4.34,0
331,0.475051,0.676915,23.66,24.15,1000,10,4,1.89+1.62=3.51,1.87+2.14=4.01,0
326,0.474075,0.676660,26.95,27.98,1000,10,5,1.76+1.54=3.30,1.74+2.09=3.83,0
324,0.473977,0.676743,30.29,31.83,1000,10,6,1.81+1.53=3.34,1.79+2.06=3.85,0
323,0.472468,0.675610,33.71,35.73,1000,10,7,1.88+1.53=3.42,1.87+2.03=3.90,0
323,0.477140,0.678568,37.07,39.60,1000,10,8,1.83+1.53=3.36,1.81+2.06=3.87,0
322,0.473804,0.676443,40.42,43.49,1000,10,9,1.83+1.53=3.36,1.82+2.07=3.89,0
322,0.475127,0.677382,43.80,47.34,1000,10,10,1.84+1.54=3.37,1.82+2.03=3.85,0
1000,0.341379,0.570981,10.47,10.00,1000,10,1,8.70+1.76=10.46,7.18+2.82=10.00,0
1000,0.314217,0.547666,18.27,18.68,1000,10,2,6.01+1.79=7.80,5.98+2.70=8.68,0
1000,0.309568,0.543470,26.01,27.32,1000,10,3,6.08+1.66=7.74,6.06+2.58=8.64,0
1000,0.307648,0.541716,33.76,35.94,1000,10,4,6.01+1.74=7.75,5.98+2.64=8.62,0
1000,0.307087,0.541226,41.57,44.59,1000,10,5,6.07+1.74=7.81,6.02+2.63=8.65,0
1000,0.306681,0.540849,49.35,53.25,1000,10,6,6.03+1.75=7.78,6.00+2.66=8.66,0
1000,0.306534,0.540709,57.12,61.87,1000,10,7,6.04+1.73=7.77,5.99+2.63=8.62,0
1000,0.306461,0.540634,64.91,70.56,1000,10,8,5.93+1.86=7.79,5.91+2.78=8.69,0
1000,0.306347,0.540514,72.60,79.13,1000,10,9,6.04+1.65=7.69,6.02+2.55=8.57,0
1000,0.306320,0.540491,80.31,87.70,1000,10,10,6.04+1.67=7.71,6.01+2.56=8.57,0
1000,0.339294,0.569120,10.40,9.90,1000,10,1,8.67+1.72=10.39,7.18+2.72=9.90,0
1000,0.311850,0.545379,17.99,18.35,1000,10,2,5.94+1.65=7.60,5.91+2.54=8.45,0
1000,0.307293,0.541214,25.46,26.64,1000,10,3,5.76+1.71=7.47,5.72+2.57=8.29,0
1000,0.305616,0.539660,33.02,35.03,1000,10,4,5.90+1.65=7.55,5.88+2.51=8.39,0
1000,0.304977,0.539088,40.57,43.45,1000,10,5,5.96+1.59=7.55,5.91+2.51=8.42,0
1000,0.304671,0.538805,48.15,51.89,1000,10,6,5.96+1.62=7.58,5.93+2.51=8.44,0
1000,0.304505,0.538650,55.76,60.33,1000,10,7,5.92+1.69=7.61,5.89+2.55=8.44,0
1000,0.304406,0.538562,63.34,68.75,1000,10,8,5.91+1.67=7.58,5.87+2.55=8.42,0
1000,0.304389,0.538544,70.79,77.02,1000,10,9,5.96+1.49=7.45,5.92+2.35=8.27,0
1000,0.304350,0.538506,78.29,85.34,1000,10,10,5.94+1.55=7.50,5.92+2.40=8.32,0
1000,0.333304,0.562667,10.50,9.89,1000,10,1,9.00+1.50=10.50,7.46+2.43=9.89,0
1000,0.305717,0.538870,18.00,18.17,1000,10,2,6.01+1.49=7.50,5.97+2.31=8.28,0
1000,0.301530,0.534989,25.40,26.33,1000,10,3,5.92+1.48=7.40,5.89+2.27=8.16,0
1000,0.300097,0.533637,32.75,34.44,1000,10,4,5.87+1.48=7.35,5.83+2.28=8.11,0
1000,0.299452,0.533032,40.11,42.54,1000,10,5,5.88+1.48=7.36,5.84+2.26=8.10,0
1000,0.299277,0.532877,47.44,50.63,1000,10,6,5.85+1.48=7.33,5.82+2.27=8.09,0
1000,0.299189,0.532799,54.80,58.72,1000,10,7,5.88+1.48=7.36,5.84+2.25=8.09,0
1000,0.299132,0.532750,62.12,66.81,1000,10,8,5.84+1.48=7.32,5.82+2.27=8.09,0
1000,0.299103,0.532724,69.42,74.88,1000,10,9,5.81+1.49=7.30,5.77+2.30=8.07,0
1000,0.299046,0.532665,76.73,82.93,1000,10,10,5.83+1.48=7.31,5.79+2.26=8.05,0
1000,0.339871,0.567620,10.39,9.73,1000,10,1,8.80+1.58=10.39,7.27+2.45=9.72,0
1000,0.308634,0.541020,17.44,17.49,1000,10,2,5.51+1.53=7.05,5.47+2.29=7.76,0
1000,0.305208,0.537903,24.47,25.26,1000,10,3,5.48+1.56=7.04,5.46+2.31=7.77,0
1000,0.304060,0.536825,31.49,32.99,1000,10,4,5.49+1.53=7.01,5.47+2.26=7.73,0
1000,0.303532,0.536316,38.54,40.76,1000,10,5,5.48+1.57=7.05,5.45+2.32=7.77,0
1000,0.303375,0.536172,45.49,48.40,1000,10,6,5.48+1.47=6.95,5.43+2.21=7.64,0
1000,0.303288,0.536086,52.42,56.07,1000,10,7,5.40+1.53=6.93,5.39+2.28=7.67,0
1000,0.303223,0.536031,59.45,63.80,1000,10,8,5.50+1.53=7.03,5.48+2.25=7.73,0
1000,0.303179,0.535994,66.46,71.54,1000,10,9,5.50+1.51=7.01,5.47+2.27=7.74,0
1000,0.303135,0.535957,73.52,79.31,1000,10,10,5.48+1.57=7.06,5.44+2.33=7.77,0
1000,0.354750,0.580046,10.48,9.82,1000,10,1,8.92+1.56=10.48,7.40+2.41=9.81,0
997,0.317040,0.548339,17.48,17.51,1000,10,2,5.52+1.48=7.00,5.51+2.18=7.69,0
997,0.313897,0.545571,24.31,25.01,1000,10,3,5.35+1.48=6.83,5.33+2.17=7.50,0
997,0.313051,0.544849,31.19,32.55,1000,10,4,5.24+1.63=6.87,5.22+2.32=7.54,0
997,0.312750,0.544604,38.08,40.13,1000,10,5,5.30+1.60=6.90,5.28+2.30=7.58,0
997,0.312641,0.544512,44.98,47.72,1000,10,6,5.30+1.60=6.90,5.27+2.32=7.59,0
997,0.312568,0.544454,51.87,55.28,1000,10,7,5.16+1.73=6.89,5.15+2.41=7.56,0
997,0.312571,0.544456,58.77,62.86,1000,10,8,5.17+1.73=6.90,5.15+2.43=7.58,0
997,0.312562,0.544450,65.66,70.41,1000,10,9,5.28+1.61=6.89,5.24+2.31=7.55,0
997,0.312562,0.544450,72.45,77.86,1000,10,10,5.31+1.48=6.79,5.26+2.19=7.45,0
1000,0.380413,0.601423,10.37,9.61,1000,10,1,8.82+1.55=10.37,7.29+2.31=9.60,0
974,0.335753,0.564757,16.89,16.80,1000,10,2,5.01+1.51=6.51,4.98+2.21=7.19,0
974,0.331847,0.561499,23.41,23.96,1000,10,3,4.98+1.54=6.52,4.97+2.19=7.16,0
974,0.330328,0.560232,29.91,31.09,1000,10,4,4.98+1.52=6.50,4.94+2.19=7.13,0
974,0.329617,0.559623,36.38,38.18,1000,10,5,4.94+1.53=6.47,4.91+2.18=7.09,0
974,0.329567,0.559579,42.88,45.33,1000,10,6,4.99+1.52=6.50,4.94+2.21=7.15,0
974,0.329518,0.559539,49.34,52.42,1000,10,7,4.96+1.49=6.46,4.92+2.17=7.09,0
974,0.329501,0.559526,55.83,59.54,1000,10,8,4.97+1.52=6.49,4.94+2.18=7.12,0
974,0.329494,0.559521,62.33,66.66,1000,10,9,4.96+1.54=6.51,4.92+2.20=7.12,0
974,0.329494,0.559521,68.81,73.77,1000,10,10,4.96+1.51=6.47,4.93+2.18=7.11,0
1000,0.424652,0.636353,10.42,9.59,1000,10,1,8.81+1.61=10.42,7.26+2.33=9.59,0
853,0.367628,0.591703,16.77,16.56,1000,10,2,4.73+1.61=6.35,4.72+2.25=6.97,0
852,0.364069,0.588878,22.41,22.79,1000,10,3,4.11+1.52=5.64,4.07+2.16=6.23,0
852,0.362741,0.587931,28.03,28.97,1000,10,4,4.06+1.56=5.61,4.03+2.15=6.18,0
852,0.361727,0.587238,33.67,35.21,1000,10,5,4.05+1.60=5.65,4.02+2.22=6.24,0
852,0.361361,0.587004,39.23,41.35,1000,10,6,4.04+1.52=5.56,4.01+2.13=6.14,0
852,0.361185,0.586855,44.93,47.63,1000,10,7,4.07+1.63=5.70,4.03+2.25=6.28,0
852,0.361175,0.586878,50.60,53.90,1000,10,8,4.08+1.59=5.68,4.05+2.22=6.27,0
852,0.361127,0.586845,56.28,60.13,1000,10,9,4.08+1.60=5.67,4.03+2.20=6.23,0
852,0.361159,0.586870,61.98,66.45,1000,10,10,4.03+1.67=5.71,4.01+2.31=6.32,0
1000,0.486859,0.682953,10.46,9.56,1000,10,1,8.98+1.48=10.45,7.45+2.11=9.56,0
614,0.420062,0.634361,16.37,16.05,1000,10,2,4.36+1.55=5.91,4.33+2.16=6.49,0
606,0.412004,0.628226,21.33,21.57,1000,10,3,3.38+1.57=4.95,3.37+2.15=5.52,0
601,0.409254,0.626574,26.53,27.32,1000,10,4,3.36+1.85=5.21,3.33+2.42=5.75,0
596,0.408636,0.626180,31.23,32.60,1000,10,5,3.22+1.48=4.70,3.18+2.10=5.28,0
595,0.408441,0.626001,36.02,37.95,1000,10,6,3.30+1.49=4.79,3.27+2.08=5.35,0
595,0.407911,0.625651,40.73,43.24,1000,10,7,3.21+1.50=4.71,3.19+2.10=5.29,0
595,0.407984,0.625710,45.43,48.51,1000,10,8,3.19+1.50=4.70,3.17+2.10=5.27,0
595,0.407714,0.625513,50.15,53.80,1000,10,9,3.23+1.49=4.72,3.21+2.08=5.29,0
595,0.407676,0.625487,54.89,59.07,1000,10,10,3.23+1.50=4.73,3.20+2.07=5.27,0
1000,0.597400,0.760311,10.32,9.30,1000,10,1,8.85+1.47=10.32,7.34+1.95=9.29,0
357,0.489476,0.686762,16.01,15.49,1000,10,2,4.15+1.54=5.69,4.13+2.06=6.19,0
354,0.490303,0.686982,19.50,19.48,1000,10,3,1.96+1.53=3.49,1.95+2.04=3.99,0
333,0.475242,0.676950,22.93,23.41,1000,10,4,1.91+1.52=3.43,1.90+2.03=3.93,0
328,0.472748,0.675718,26.26,27.25,1000,10,5,1.80+1.53=3.33,1.79+2.05=3.84,0
325,0.473958,0.676635,29.70,31.21,1000,10,6,1.91+1.52=3.43,1.89+2.07=3.96,0
324,0.471574,0.675061,33.07,35.12,1000,10,7,1.85+1.52=3.37,1.84+2.07=3.91,0
324,0.473937,0.676615,36.48,39.03,1000,10,8,1.89+1.53=3.41,1.87+2.04=3.91,0
324,0.472625,0.675763,39.86,42.91,1000,10,9,1.85+1.53=3.38,1.83+2.05=3.88,0
323,0.472965,0.676046,43.28,46.84,1000,10,10,1.90+1.52=3.42,1.88+2.05=3.93,0
1000,0.333165,0.562584,10.43,9.84,1000,10,1,8.76+1.67=10.43,7.22+2.62=9.84,0
1000,0.305764,0.538965,17.72,17.93,1000,10,2,5.60+1.68=7.28,5.57+2.52=8.09,0
1000,0.301587,0.535089,25.02,25.98,1000,10,3,5.72+1.58=7.31,5.70+2.35=8.05,0
1000,0.300002,0.533575,32.35,34.09,1000,10,4,5.70+1.62=7.32,5.68+2.43=8.11,0
1000,0.299262,0.532879,39.61,42.11,1000,10,5,5.69+1.58=7.26,5.66+2.36=8.02,0
1000,0.299051,0.532687,46.93,50.20,1000,10,6,5.71+1.60=7.32,5.69+2.40=8.09,0
1000,0.298968,0.532606,54.28,58.30,1000,10,7,5.73+1.63=7.36,5.69+2.41=8.10,0
1000,0.298950,0.532592,61.56,66.32,1000,10,8,5.65+1.62=7.27,5.60+2.42=8.02,0
1000,0.298944,0.532587,68.92,74.45,1000,10,9,5.68+1.68=7.36,5.66+2.47=8.13,0
1000,0.298941,0.532585,76.22,82.52,1000,10,10,5.69+1.61=7.31,5.67+2.40=8.07,0
1000,0.333166,0.562585,10.27,9.70,1000,10,1,8.77+1.50=10.27,7.26+2.44=9.70,0
1000,0.305765,0.538967,17.58,17.82,1000,10,2,5.76+1.54=7.31,5.74+2.38=8.12,0
1000,0.301588,0.535089,24.91,25.94,1000,10,3,5.77+1.56=7.33,5.74+2.38=8.12,0
1000,0.299999,0.533571,32.14,33.98,1000,10,4,5.72+1.52=7.23,5.71+2.33=8.04,0
1000,0.299254,0.532872,39.48,42.03,1000,10,5,5.79+1.54=7.33,5.76+2.29=8.05,0
1000,0.299052,0.532687,46.79,50.07,1000,10,6,5.80+1.50=7.31,5.77+2.27=8.04,0
1000,0.298968,0.532606,54.11,58.17,1000,10,7,5.74+1.58=7.32,5.72+2.38=8.10,0
1000,0.298950,0.532591,61.35,66.19,1000,10,8,5.76+1.48=7.24,5.73+2.29=8.02,0
1000,0.298945,0.532587,68.68,74.26,1000,10,9,5.66+1.67=7.33,5.62+2.45=8.07,0
1000,0.298942,0.532585,76.06,82.39,1000,10,10,5.58+1.81=7.39,5.56+2.57=8.13,0
1000,0.333844,0.563028,10.48,9.88,1000,10,1,8.74+1.73=10.47,7.20+2.68=9.88,0
1000,0.305952,0.539012,17.76,17.96,1000,10,2,5.72+1.57=7.29,5.69+2.39=8.08,0
1000,0.301737,0.535134,24.72,25.66,1000,10,3,5.46+1.49=6.95,5.44+2.26=7.70,0
1000,0.300252,0.533729,31.84,33.55,1000,10,4,5.60+1.53=7.13,5.56+2.33=7.89,0
1000,0.299610,0.533136,38.97,41.43,1000,10,5,5.65+1.48=7.13,5.63+2.25=7.88,0
1000,0.299345,0.532895,46.07,49.27,1000,10,6,5.61+1.48=7.09,5.59+2.25=7.84,0
1000,0.299217,0.532784,53.20,57.17,1000,10,7,5.61+1.52=7.13,5.59+2.31=7.90,0
1000,0.299141,0.532707,60.34,65.10,1000,10,8,5.64+1.50=7.14,5.62+2.31=7.93,0
1000,0.299066,0.532629,67.51,73.01,1000,10,9,5.70+1.47=7.17,5.67+2.24=7.91,0
1000,0.299029,0.532591,74.67,80.90,1000,10,10,5.70+1.47=7.16,5.66+2.23=7.89,0
1000,0.340940,0.568495,10.40,9.63,1000,10,1,8.79+1.61=10.40,7.23+2.38=9.61,0
1000,0.309228,0.541515,17.40,17.35,1000,10,2,5.51+1.49=7.00,5.47+2.25=7.72,0
1000,0.305684,0.538264,24.33,24.97,1000,10,3,5.45+1.48=6.93,5.41+2.21=7.62,0
1000,0.304546,0.537222,31.33,32.71,1000,10,4,5.52+1.48=7.01,5.51+2.23=7.74,0
1000,0.304107,0.536839,38.42,40.48,1000,10,5,5.60+1.48=7.08,5.57+2.20=7.77,0
1000,0.303986,0.536738,45.40,48.19,1000,10,6,5.49+1.49=6.98,5.45+2.26=7.71,0
1000,0.303946,0.536700,52.51,56.02,1000,10,7,5.63+1.48=7.11,5.63+2.20=7.83,0
1000,0.303946,0.536700,59.62,63.85,1000,10,8,5.63+1.47=7.11,5.61+2.22=7.83,0
1000,0.303946,0.536700,66.64,71.54,1000,10,9,5.33+1.69=7.02,5.28+2.41=7.69,0
1000,0.303946,0.536700,73.62,79.24,1000,10,10,5.33+1.65=6.98,5.30+2.40=7.70,0
1000,0.356497,0.581533,10.38,9.65,1000,10,1,8.77+1.60=10.38,7.25+2.40=9.65,0
994,0.318696,0.549727,17.11,17.09,1000,10,2,5.24+1.49=6.73,5.22+2.22=7.44,0
994,0.315426,0.546858,23.76,24.43,1000,10,3,5.10+1.55=6.65,5.07+2.27=7.34,0
994,0.314649,0.546187,30.49,31.86,1000,10,4,5.13+1.60=6.73,5.10+2.33=7.43,0
994,0.314182,0.545819,37.18,39.19,1000,10,5,5.16+1.53=6.69,5.11+2.22=7.33,0
994,0.314127,0.545777,43.92,46.60,1000,10,6,5.25+1.48=6.73,5.23+2.18=7.41,0
994,0.314085,0.545744,50.65,53.99,1000,10,7,5.26+1.47=6.73,5.22+2.17=7.39,0
994,0.314078,0.545738,57.39,61.44,1000,10,8,5.27+1.47=6.75,5.25+2.20=7.45,0
994,0.314078,0.545738,64.17,68.90,1000,10,9,5.30+1.47=6.77,5.29+2.17=7.46,0
994,0.314078,0.545738,70.82,76.26,1000,10,10,5.15+1.51=6.66,5.13+2.23=7.36,0
1000,0.382363,0.603022,10.47,9.62,1000,10,1,8.86+1.60=10.46,7.29+2.33=9.62,0
972,0.336695,0.565626,17.10,16.90,1000,10,2,4.86+1.77=6.63,4.84+2.44=7.28,0
972,0.332954,0.562493,23.91,24.36,1000,10,3,4.93+1.89=6.82,4.90+2.56=7.46,0
972,0.331361,0.561209,30.54,31.64,1000,10,4,4.90+1.72=6.63,4.87+2.41=7.28,0
972,0.330731,0.560652,37.18,38.93,1000,10,5,4.91+1.73=6.64,4.88+2.41=7.29,0
972,0.330540,0.560501,43.88,46.27,1000,10,6,4.91+1.78=6.69,4.88+2.46=7.34,0
972,0.330508,0.560475,50.57,53.61,1000,10,7,4.91+1.78=6.70,4.89+2.45=7.34,0
972,0.330507,0.560477,57.29,60.98,1000,10,8,4.92+1.79=6.72,4.90+2.47=7.37,0
972,0.330492,0.560465,63.95,68.28,1000,10,9,4.78+1.88=6.66,4.75+2.55=7.30,0
972,0.330486,0.560459,70.66,75.64,1000,10,10,4.78+1.93=6.71,4.75+2.61=7.36,0
1000,0.426035,0.637438,10.55,9.68,1000,10,1,8.81+1.73=10.54,7.27+2.40=9.67,0
853,0.368959,0.592841,16.85,16.61,1000,10,2,4.70+1.61=6.30,4.68+2.25=6.93,0
851,0.365566,0.590304,22.49,22.85,1000,10,3,4.02+1.61=5.64,4.00+2.24=6.24,0
851,0.364059,0.589298,28.22,29.18,1000,10,4,4.04+1.69=5.73,4.01+2.32=6.33,0
851,0.362917,0.588456,33.90,35.45,1000,10,5,4.07+1.61=5.68,4.02+2.25=6.27,0
851,0.362858,0.588496,39.60,41.76,1000,10,6,4.03+1.67=5.70,4.00+2.31=6.31,0
851,0.362669,0.588344,45.36,48.09,1000,10,7,4.07+1.69=5.76,4.03+2.30=6.33,0
851,0.362618,0.588305,51.04,54.35,1000,10,8,4.04+1.64=5.68,4.01+2.25=6.26,0
851,0.362668,0.588344,56.74,60.64,1000,10,9,4.07+1.63=5.70,4.03+2.26=6.29,0
851,0.362596,0.588293,62.44,66.90,1000,10,10,4.08+1.62=5.70,4.02+2.24=6.26,0
1000,0.490596,0.685641,10.44,9.52,1000,10,1,8.96+1.48=10.44,7.46+2.06=9.52,0
590,0.423573,0.636973,16.43,16.05,1000,10,2,4.34+1.64=5.98,4.31+2.22=6.53,0
585,0.416642,0.631699,21.11,21.27,1000,10,3,3.20+1.48=4.68,3.17+2.05=5.22,0
583,0.413157,0.629474,25.72,26.42,1000,10,4,3.14+1.48=4.62,3.12+2.03=5.15,0
582,0.412990,0.629357,30.31,31.54,1000,10,5,3.10+1.49=4.59,3.08+2.04=5.12,0
581,0.411787,0.628563,34.95,36.71,1000,10,6,3.17+1.47=4.64,3.13+2.04=5.17,0
580,0.411672,0.628490,39.52,41.80,1000,10,7,3.09+1.47=4.56,3.06+2.03=5.09,0
580,0.411429,0.628334,44.20,47.05,1000,10,8,3.21+1.48=4.68,3.18+2.07=5.25,0
579,0.411346,0.628282,48.78,52.19,1000,10,9,3.10+1.48=4.58,3.09+2.05=5.14,0
579,0.411327,0.628271,53.36,57.34,1000,10,10,3.11+1.47=4.58,3.09+2.06=5.15,0
1000,0.605053,0.765519,10.64,9.50,1000,10,1,8.80+1.84=10.64,7.22+2.28=9.50,0
337,0.502639,0.694667,16.29,15.67,1000,10,2,3.94+1.71=5.65,3.93+2.24=6.17,0
333,0.495905,0.690863,19.87,19.73,1000,10,3,1.92+1.67=3.58,1.90+2.16=4.06,0
319,0.487877,0.685992,23.34,23.71,1000,10,4,1.83+1.64=3.47,1.81+2.16=3.97,0
311,0.486878,0.685519,26.83,27.72,1000,10,5,1.77+1.72=3.49,1.76+2.25=4.01,0
308,0.484156,0.684031,30.22,31.59,1000,10,6,1.72+1.67=3.39,1.70+2.17=3.87,0
307,0.485156,0.684338,33.67,35.53,1000,10,7,1.75+1.70=3.45,1.75+2.19=3.94,0
306,0.482520,0.682833,37.11,39.46,1000,10,8,1.74+1.69=3.43,1.73+2.20=3.93,0
306,0.482853,0.683060,40.56,43.43,1000,10,9,1.76+1.69=3.45,1.75+2.22=3.97,0
306,0.482991,0.683223,43.97,47.33,1000,10,10,1.81+1.60=3.41,1.79+2.11=3.90,0
1000,0.340109,0.567812,10.33,9.66,1000,10,1,8.73+1.59=10.32,7.20+2.45=9.65,0
1000,0.308874,0.541229,17.36,17.44,1000,10,2,5.27+1.77=7.04,5.25+2.53=7.78,0
1000,0.305411,0.538083,24.30,25.09,1000,10,3,5.27+1.67=6.94,5.25+2.40=7.65,0
1000,0.304079,0.536859,31.19,32.72,1000,10,4,5.30+1.59=6.88,5.27+2.36=7.63,0
1000,0.303524,0.536333,38.18,40.44,1000,10,5,5.31+1.68=6.99,5.28+2.44=7.72,0
1000,0.303406,0.536215,45.25,48.22,1000,10,6,5.27+1.81=7.08,5.25+2.53=7.78,0
1000,0.303336,0.536157,52.33,56.03,1000,10,7,5.41+1.67=7.08,5.37+2.44=7.81,0
1000,0.303301,0.536129,59.45,63.84,1000,10,8,5.40+1.72=7.12,5.37+2.44=7.81,0
1000,0.303296,0.536124,66.51,71.63,1000,10,9,5.46+1.59=7.06,5.44+2.35=7.79,0
1000,0.303296,0.536124,73.59,79.43,1000,10,10,5.49+1.59=7.08,5.45+2.35=7.80,0
1000,0.340109,0.567812,10.58,10.00,1000,10,1,8.94+1.64=10.57,7.45+2.55=10.00,0
1000,0.308874,0.541229,17.66,17.84,1000,10,2,5.55+1.53=7.08,5.52+2.32=7.84,0
1000,0.305411,0.538083,24.75,25.65,1000,10,3,5.56+1.52=7.09,5.53+2.28=7.81,0
1000,0.304079,0.536859,31.86,33.47,1000,10,4,5.61+1.50=7.11,5.57+2.25=7.82,0
1000,0.303524,0.536333,38.95,41.27,1000,10,5,5.54+1.55=7.10,5.52+2.28=7.80,0
1000,0.303406,0.536215,46.06,49.06,1000,10,6,5.55+1.56=7.11,5.50+2.29=7.79,0
1000,0.303336,0.536157,53.12,56.79,1000,10,7,5.55+1.50=7.06,5.51+2.22=7.73,0
1000,0.303301,0.536129,60.23,64.61,1000,10,8,5.54+1.58=7.12,5.51+2.31=7.82,0
1000,0.303296,0.536124,67.39,72.48,1000,10,9,5.57+1.59=7.16,5.53+2.34=7.87,0
1000,0.303296,0.536124,74.49,80.29,1000,10,10,5.57+1.53=7.10,5.53+2.28=7.81,0
1000,0.340162,0.567858,10.39,9.72,1000,10,1,8.83+1.56=10.39,7.28+2.43=9.71,0
1000,0.308914,0.541260,17.58,17.68,1000,10,2,5.55+1.63=7.19,5.54+2.42=7.96,0
1000,0.305432,0.538100,24.74,25.55,1000,10,3,5.59+1.57=7.16,5.55+2.32=7.87,0
1000,0.304123,0.536893,31.89,33.45,1000,10,4,5.56+1.59=7.15,5.54+2.36=7.90,0
1000,0.303560,0.536362,38.99,41.26,1000,10,5,5.53+1.57=7.10,5.50+2.31=7.81,0
1000,0.303399,0.536212,46.16,49.16,1000,10,6,5.58+1.59=7.17,5.55+2.35=7.90,0
1000,0.303336,0.536159,53.19,56.91,1000,10,7,5.56+1.48=7.03,5.54+2.21=7.75,0
1000,0.303307,0.536135,60.35,64.79,1000,10,8,5.58+1.57=7.16,5.55+2.33=7.88,0
1000,0.303305,0.536133,67.37,72.52,1000,10,9,5.39+1.63=7.02,5.37+2.36=7.73,0
1000,0.303305,0.536133,74.39,80.25,1000,10,10,5.53+1.48=7.02,5.52+2.21=7.73,0
1000,0.342617,0.569849,10.44,9.72,1000,10,1,8.89+1.54=10.43,7.33+2.38=9.71,0
1000,0.309953,0.542103,17.17,17.17,1000,10,2,5.25+1.48=6.73,5.23+2.22=7.45,0
1000,0.306696,0.539128,24.02,24.75,1000,10,3,5.37+1.48=6.85,5.34+2.24=7.58,0
1000,0.305630,0.538199,30.91,32.34,1000,10,4,5.42+1.48=6.89,5.39+2.20=7.59,0
1000,0.305243,0.537859,37.79,39.92,1000,10,5,5.28+1.60=6.89,5.25+2.33=7.58,0
1000,0.305105,0.537724,44.70,47.51,1000,10,6,5.39+1.51=6.90,5.36+2.23=7.59,0
1000,0.305017,0.537648,51.57,55.09,1000,10,7,5.38+1.49=6.87,5.34+2.24=7.58,0
1000,0.305017,0.537650,58.46,62.70,1000,10,8,5.37+1.52=6.89,5.35+2.26=7.61,0
1000,0.304997,0.537633,65.31,70.23,1000,10,9,5.36+1.49=6.85,5.33+2.20=7.53,0
1000,0.304991,0.537630,72.19,77.83,1000,10,10,5.39+1.49=6.88,5.37+2.23=7.60,0
1000,0.358532,0.583229,10.43,9.74,1000,10,1,8.73+1.69=10.43,7.23+2.50=9.73,0
994,0.320089,0.550973,17.06,17.06,1000,10,2,5.12+1.52=6.63,5.08+2.24=7.32,0
994,0.317089,0.548390,23.92,24.59,1000,10,3,5.00+1.86=6.86,4.95+2.58=7.53,0
994,0.316362,0.547754,30.77,32.10,1000,10,4,5.11+1.73=6.84,5.09+2.42=7.51,0
994,0.315974,0.547429,37.44,39.45,1000,10,5,5.11+1.57=6.68,5.09+2.26=7.35,0
994,0.315845,0.547320,44.10,46.77,1000,10,6,5.14+1.52=6.66,5.11+2.21=7.32,0
994,0.315749,0.547233,50.88,54.22,1000,10,7,5.12+1.67=6.78,5.08+2.37=7.45,0
994,0.315694,0.547178,57.73,61.72,1000,10,8,5.02+1.83=6.85,4.97+2.53=7.50,0
994,0.315681,0.547165,64.39,69.05,1000,10,9,5.18+1.48=6.66,5.14+2.19=7.33,0
994,0.315680,0.547165,71.00,76.33,1000,10,10,5.09+1.52=6.60,5.06+2.22=7.28,0
1000,0.384591,0.604871,10.46,9.72,1000,10,1,8.89+1.56=10.45,7.34+2.38=9.72,0
964,0.338201,0.567014,16.90,16.85,1000,10,2,4.98+1.46=6.45,4.96+2.17=7.13,0
964,0.334275,0.563668,23.33,23.91,1000,10,3,4.82+1.61=6.43,4.78+2.28=7.06,0
964,0.333224,0.562855,29.77,31.02,1000,10,4,4.79+1.64=6.44,4.77+2.34=7.11,0
964,0.332673,0.562423,36.28,38.20,1000,10,5,4.80+1.71=6.51,4.78+2.40=7.18,0
964,0.332507,0.562288,42.73,45.26,1000,10,6,4.84+1.61=6.45,4.81+2.25=7.06,0
964,0.332455,0.562245,49.28,52.44,1000,10,7,4.83+1.72=6.55,4.80+2.38=7.18,0
964,0.332452,0.562245,55.57,59.36,1000,10,8,4.80+1.49=6.29,4.77+2.15=6.92,0
964,0.332450,0.562242,62.07,66.50,1000,10,9,4.71+1.79=6.50,4.67+2.47=7.14,0
964,0.332450,0.562242,68.54,73.63,1000,10,10,4.81+1.66=6.47,4.78+2.35=7.13,0
1000,0.431641,0.641657,10.43,9.55,1000,10,1,8.83+1.60=10.42,7.29+2.26=9.55,0
842,0.373082,0.596321,16.64,16.37,1000,10,2,4.65+1.56=6.21,4.62+2.20=6.82,0
840,0.369192,0.593501,22.20,22.53,1000,10,3,3.96+1.61=5.57,3.93+2.23=6.16,0
839,0.367769,0.592539,27.67,28.59,1000,10,4,3.88+1.58=5.46,3.86+2.20=6.06,0
839,0.366400,0.591487,33.15,34.67,1000,10,5,3.86+1.62=5.48,3.83+2.25=6.08,0
839,0.366044,0.591220,38.56,40.63,1000,10,6,3.90+1.51=5.41,3.84+2.12=5.96,0
839,0.365844,0.591062,44.02,46.66,1000,10,7,3.85+1.61=5.46,3.82+2.21=6.03,0
839,0.365825,0.591041,49.49,52.74,1000,10,8,3.85+1.63=5.48,3.82+2.26=6.08,0
839,0.365830,0.591045,54.90,58.75,1000,10,9,3.88+1.53=5.41,3.83+2.18=6.01,0
839,0.365814,0.591034,60.39,64.84,1000,10,10,3.85+1.63=5.48,3.82+2.27=6.09,0
1000,0.493566,0.687869,10.54,9.62,1000,10,1,8.53+2.00=10.53,7.01+2.61=9.62,0
574,0.425712,0.638485,16.57,16.19,1000,10,2,4.53+1.50=6.03,4.48+2.09=6.57,0
569,0.417622,0.632771,21.46,21.64,1000,10,3,3.05+1.84=4.89,3.02+2.43=5.45,0
565,0.415343,0.631319,26.48,27.22,1000,10,4,3.16+1.85=5.01,3.14+2.44=5.58,0
562,0.415477,0.631387,31.41,32.72,1000,10,5,3.15+1.78=4.93,3.13+2.37=5.50,0
561,0.414154,0.630507,36.35,38.21,1000,10,6,3.15+1.79=4.94,3.11+2.38=5.49,0
561,0.414354,0.630649,41.10,43.51,1000,10,7,3.18+1.57=4.75,3.14+2.16=5.30,0
561,0.414491,0.630749,45.76,48.72,1000,10,8,3.16+1.50=4.66,3.14+2.07=5.21,0
561,0.414646,0.630849,50.43,53.98,1000,10,9,3.18+1.50=4.67,3.15+2.11=5.26,0
561,0.414587,0.630811,55.09,59.18,1000,10,10,3.18+1.49=4.66,3.14+2.06=5.20,0
1000,0.607312,0.766965,10.29,9.25,1000,10,1,8.75+1.54=10.29,7.24+2.01=9.25,0
334,0.499527,0.692700,15.79,15.25,1000,10,2,3.92+1.58=5.50,3.90+2.10=6.00,0
327,0.495261,0.690317,19.24,19.18,1000,10,3,1.80+1.65=3.45,1.78+2.15=3.93,0
312,0.484487,0.683718,22.56,23.03,1000,10,4,1.79+1.52=3.32,1.78+2.07=3.85,0
308,0.482426,0.682442,25.90,26.84,1000,10,5,1.83+1.51=3.34,1.81+2.00=3.81,0
307,0.483317,0.683385,29.23,30.69,1000,10,6,1.82+1.52=3.33,1.79+2.06=3.85,0
306,0.479832,0.680973,32.57,34.53,1000,10,7,1.83+1.51=3.34,1.81+2.03=3.84,0
306,0.482579,0.682864,35.92,38.38,1000,10,8,1.83+1.51=3.35,1.81+2.04=3.85,0
305,0.480388,0.681355,39.30,42.27,1000,10,9,1.86+1.52=3.38,1.82+2.07=3.89,0
304,0.479763,0.680961,42.67,46.14,1000,10,10,1.87+1.51=3.37,1.85+2.02=3.87,0
1000,0.355785,0.580899,10.49,9.77,1000,10,1,8.80+1.68=10.48,7.25+2.52=9.77,0
995,0.317965,0.549098,17.28,17.28,1000,10,2,5.19+1.61=6.79,5.15+2.36=7.51,0
995,0.314685,0.546231,23.96,24.68,1000,10,3,5.13+1.55=6.68,5.11+2.29=7.40,0
995,0.313860,0.545524,30.62,31.98,1000,10,4,5.14+1.52=6.66,5.09+2.21=7.30,0
995,0.313574,0.545294,37.27,39.29,1000,10,5,5.08+1.57=6.65,5.04+2.27=7.31,0
995,0.313473,0.545207,43.94,46.63,1000,10,6,4.97+1.70=6.67,4.94+2.40=7.34,0
995,0.313418,0.545161,50.54,53.93,1000,10,7,5.03+1.57=6.60,5.02+2.28=7.30,0
995,0.313418,0.545161,57.20,61.26,1000,10,8,4.95+1.71=6.67,4.92+2.41=7.33,0
995,0.313418,0.545161,63.85,68.59,1000,10,9,5.09+1.55=6.64,5.06+2.27=7.33,0
995,0.313418,0.545161,70.50,75.91,1000,10,10,5.07+1.58=6.65,5.05+2.27=7.32,0
1000,0.355785,0.580899,10.40,9.69,1000,10,1,8.78+1.62=10.40,7.25+2.44=9.69,0
995,0.317965,0.549098,17.19,17.23,1000,10,2,5.16+1.64=6.79,5.14+2.40=7.54,0
995,0.314685,0.546231,23.88,24.61,1000,10,3,5.03+1.66=6.69,4.99+2.39=7.38,0
995,0.313860,0.545524,30.54,31.95,1000,10,4,5.01+1.65=6.66,4.97+2.37=7.34,0
995,0.313574,0.545294,37.22,39.29,1000,10,5,5.06+1.62=6.67,5.02+2.32=7.34,0
995,0.313473,0.545207,43.91,46.66,1000,10,6,5.11+1.58=6.69,5.09+2.28=7.37,0
995,0.313418,0.545161,50.55,53.97,1000,10,7,5.11+1.53=6.64,5.06+2.25=7.31,0
995,0.313418,0.545161,57.20,61.28,1000,10,8,5.13+1.53=6.66,5.09+2.22=7.31,0
995,0.313418,0.545161,63.70,68.43,1000,10,9,4.99+1.50=6.49,4.96+2.19=7.15,0
995,0.313418,0.545161,70.27,75.70,1000,10,10,4.98+1.60=6.57,4.94+2.33=7.27,0
1000,0.355785,0.580899,10.54,9.81,1000,10,1,9.04+1.49=10.54,7.48+2.33=9.81,0
995,0.317965,0.549098,17.37,17.35,1000,10,2,5.30+1.52=6.82,5.27+2.27=7.54,0
995,0.314685,0.546231,24.20,24.90,1000,10,3,5.22+1.62=6.84,5.19+2.36=7.55,0
995,0.313860,0.545524,31.00,32.39,1000,10,4,5.06+1.74=6.80,5.04+2.45=7.49,0
995,0.313574,0.545294,37.81,39.91,1000,10,5,5.17+1.64=6.81,5.14+2.38=7.52,0
995,0.313473,0.545207,44.57,47.36,1000,10,6,5.12+1.63=6.76,5.10+2.35=7.45,0
995,0.313418,0.545161,51.32,54.80,1000,10,7,5.14+1.62=6.75,5.13+2.31=7.44,0
995,0.313418,0.545161,58.10,62.25,1000,10,8,5.16+1.62=6.78,5.13+2.32=7.45,0
995,0.313418,0.545161,64.85,69.67,1000,10,9,5.04+1.71=6.75,5.01+2.41=7.42,0
995,0.313418,0.545161,71.59,77.09,1000,10,10,5.15+1.59=6.74,5.15+2.27=7.42,0
1000,0.355881,0.580974,10.66,9.95,1000,10,1,8.84+1.82=10.66,7.31+2.64=9.95,0
995,0.318084,0.549204,17.46,17.42,1000,10,2,5.08+1.71=6.79,5.04+2.43=7.47,0
995,0.314748,0.546287,24.20,24.83,1000,10,3,4.99+1.75=6.74,4.96+2.45=7.41,0
995,0.313950,0.545593,30.98,32.25,1000,10,4,5.04+1.75=6.78,4.99+2.43=7.42,0
995,0.313668,0.545364,37.68,39.61,1000,10,5,5.04+1.66=6.70,5.01+2.35=7.36,0
995,0.313554,0.545268,44.28,46.86,1000,10,6,5.13+1.47=6.60,5.10+2.15=7.25,0
995,0.313470,0.545201,51.03,54.26,1000,10,7,5.10+1.65=6.75,5.06+2.34=7.40,0
995,0.313471,0.545202,57.74,61.65,1000,10,8,5.06+1.65=6.71,5.04+2.35=7.39,0
995,0.313457,0.545192,64.42,68.99,1000,10,9,4.95+1.73=6.68,4.92+2.42=7.34,0
995,0.313457,0.545192,71.14,76.37,1000,10,10,5.01+1.71=6.72,4.97+2.41=7.38,0
1000,0.360129,0.584503,10.44,9.69,1000,10,1,8.85+1.59=10.44,7.30+2.39=9.69,0
993,0.321299,0.552020,17.09,17.06,1000,10,2,5.08+1.57=6.65,5.06+2.31=7.37,0
993,0.318076,0.549253,23.78,24.44,1000,10,3,5.15+1.53=6.69,5.13+2.25=7.38,0
993,0.317161,0.548449,30.48,31.80,1000,10,4,5.15+1.55=6.70,5.12+2.24=7.36,0
993,0.316509,0.547878,37.19,39.17,1000,10,5,5.15+1.56=6.71,5.12+2.25=7.37,0
993,0.316280,0.547681,43.90,46.55,1000,10,6,5.17+1.54=6.71,5.14+2.24=7.38,0
993,0.316239,0.547650,50.59,53.89,1000,10,7,5.14+1.55=6.69,5.11+2.23=7.34,0
993,0.316222,0.547639,57.28,61.26,1000,10,8,5.15+1.55=6.69,5.12+2.25=7.37,0
993,0.316222,0.547639,63.93,68.56,1000,10,9,5.19+1.46=6.65,5.16+2.14=7.30,0
993,0.316222,0.547639,70.58,75.89,1000,10,10,5.05+1.60=6.65,5.04+2.29=7.33,0
1000,0.389035,0.608355,10.45,9.58,1000,10,1,8.96+1.48=10.45,7.41+2.17=9.58,0
961,0.341186,0.569610,17.11,16.85,1000,10,2,5.04+1.63=6.66,4.99+2.28=7.27,0
961,0.337229,0.566286,23.77,24.11,1000,10,3,5.18+1.47=6.65,5.15+2.11=7.26,0
961,0.335858,0.565109,30.34,31.35,1000,10,4,5.10+1.47=6.57,5.07+2.17=7.24,0
961,0.335476,0.564789,36.85,38.51,1000,10,5,5.04+1.47=6.51,5.01+2.15=7.16,0
961,0.335227,0.564603,43.37,45.70,1000,10,6,5.05+1.47=6.52,5.03+2.16=7.19,0
961,0.335148,0.564541,49.91,52.86,1000,10,7,5.07+1.47=6.54,5.05+2.11=7.16,0
961,0.335136,0.564532,56.41,60.02,1000,10,8,5.04+1.47=6.50,5.01+2.15=7.16,0
961,0.335136,0.564532,63.13,67.36,1000,10,9,5.24+1.47=6.71,5.20+2.14=7.34,0
961,0.335136,0.564532,69.83,74.68,1000,10,10,5.24+1.47=6.71,5.20+2.12=7.32,0
1000,0.433666,0.643264,10.44,9.55,1000,10,1,8.92+1.52=10.43,7.38+2.17=9.55,0
833,0.374912,0.597970,16.68,16.42,1000,10,2,4.63+1.61=6.24,4.61+2.26=6.87,0
831,0.371005,0.595131,22.03,22.37,1000,10,3,3.84+1.52=5.35,3.82+2.13=5.95,0
831,0.369482,0.594049,27.41,28.32,1000,10,4,3.85+1.53=5.38,3.80+2.15=5.95,0
831,0.368100,0.592964,32.79,34.26,1000,10,5,3.87+1.51=5.38,3.84+2.10=5.94,0
831,0.367432,0.592458,38.17,40.20,1000,10,6,3.80+1.58=5.38,3.77+2.17=5.94,0
831,0.367296,0.592357,43.57,46.22,1000,10,7,3.86+1.54=5.40,3.84+2.18=6.02,0
831,0.367387,0.592413,48.97,52.19,1000,10,8,3.86+1.54=5.40,3.82+2.15=5.97,0
831,0.367404,0.592437,54.30,58.10,1000,10,9,3.85+1.47=5.33,3.82+2.09=5.91,0
831,0.367312,0.592374,59.67,64.06,1000,10,10,3.85+1.53=5.38,3.83+2.13=5.96,0
1000,0.498561,0.691434,10.36,9.46,1000,10,1,8.88+1.48=10.35,7.38+2.07=9.45,0
553,0.428060,0.640198,16.40,16.04,1000,10,2,4.36+1.69=6.04,4.30+2.28=6.58,0
548,0.421071,0.635439,21.03,21.20,1000,10,3,3.14+1.49=4.63,3.11+2.05=5.16,0
544,0.419940,0.634885,25.61,26.31,1000,10,4,2.91+1.67=4.58,2.88+2.23=5.11,0
541,0.418583,0.633848,30.09,31.34,1000,10,5,2.76+1.72=4.48,2.73+2.30=5.03,0
540,0.418646,0.633889,34.33,36.13,1000,10,6,2.76+1.47=4.23,2.74+2.05=4.79,0
539,0.418095,0.633546,38.57,40.92,1000,10,7,2.77+1.47=4.24,2.75+2.04=4.79,0
539,0.417877,0.633391,42.87,45.78,1000,10,8,2.74+1.57=4.30,2.72+2.14=4.86,0
538,0.417804,0.633345,47.09,50.58,1000,10,9,2.75+1.47=4.22,2.74+2.06=4.80,0
538,0.417804,0.633345,51.32,55.38,1000,10,10,2.75+1.48=4.23,2.74+2.06=4.80,0
1000,0.614508,0.771708,10.25,9.28,1000,10,1,8.78+1.47=10.25,7.27+2.00=9.27,0
310,0.502906,0.695320,16.08,15.60,1000,10,2,4.29+1.53=5.83,4.26+2.06=6.32,0
303,0.495708,0.690281,19.36,19.37,1000,10,3,1.76+1.52=3.28,1.74+2.03=3.77,0
291,0.493140,0.689411,22.66,23.16,1000,10,4,1.77+1.54=3.30,1.76+2.03=3.79,0
287,0.488390,0.686856,26.08,27.08,1000,10,5,1.87+1.54=3.41,1.85+2.07=3.92,0
285,0.485256,0.684145,29.35,30.88,1000,10,6,1.69+1.58=3.27,1.67+2.13=3.80,0
284,0.486023,0.684556,32.34,34.38,1000,10,7,1.44+1.55=2.99,1.43+2.07=3.50,0
284,0.483611,0.682989,35.39,37.93,1000,10,8,1.50+1.55=3.05,1.49+2.06=3.55,0
284,0.487198,0.685730,38.45,41.51,1000,10,9,1.50+1.56=3.06,1.49+2.09=3.58,0
283,0.484035,0.683339,41.53,45.09,1000,10,10,1.53+1.55=3.08,1.51+2.07=3.58,0
1000,0.382635,0.603282,10.37,9.72,1000,10,1,8.69+1.68=10.37,7.20+2.52=9.72,0
971,0.336789,0.565737,16.86,16.91,1000,10,2,5.00+1.49=6.49,4.96+2.23=7.19,0
971,0.332541,0.562206,23.34,24.02,1000,10,3,4.99+1.49=6.48,4.95+2.16=7.11,0
971,0.331161,0.561100,29.88,31.22,1000,10,4,5.07+1.48=6.54,5.05+2.15=7.20,0
971,0.330574,0.560557,36.43,38.43,1000,10,5,5.00+1.55=6.55,4.98+2.23=7.21,0
971,0.330409,0.560414,43.11,45.76,1000,10,6,5.20+1.48=6.67,5.16+2.17=7.33,0
971,0.330308,0.560336,49.76,53.04,1000,10,7,5.18+1.47=6.65,5.14+2.14=7.28,0
971,0.330368,0.560385,56.42,60.35,1000,10,8,5.18+1.48=6.66,5.15+2.16=7.31,0
971,0.330294,0.560326,62.97,67.53,1000,10,9,5.07+1.48=6.55,5.03+2.15=7.18,0
971,0.330283,0.560317,69.45,74.64,1000,10,10,5.01+1.47=6.47,4.96+2.15=7.11,0
1000,0.382635,0.603282,10.46,9.60,1000,10,1,8.97+1.48=10.45,7.43+2.17=9.60,0
971,0.336789,0.565737,17.03,16.80,1000,10,2,4.89+1.68=6.57,4.86+2.34=7.20,0
971,0.332541,0.562206,23.46,23.86,1000,10,3,4.89+1.53=6.43,4.85+2.21=7.06,0
971,0.331161,0.561100,29.86,30.90,1000,10,4,4.73+1.67=6.40,4.71+2.33=7.04,0
971,0.330574,0.560557,36.22,37.89,1000,10,5,4.88+1.48=6.36,4.83+2.15=6.98,0
971,0.330409,0.560414,42.60,44.91,1000,10,6,4.90+1.49=6.38,4.87+2.15=7.02,0
971,0.330308,0.560336,49.07,51.98,1000,10,7,4.91+1.56=6.47,4.86+2.21=7.07,0
971,0.330368,0.560385,55.48,59.01,1000,10,8,4.90+1.51=6.42,4.86+2.17=7.03,0
971,0.330294,0.560326,61.87,66.05,1000,10,9,4.86+1.53=6.39,4.86+2.18=7.04,0
971,0.330283,0.560317,68.28,73.05,1000,10,10,4.86+1.54=6.40,4.83+2.17=7.00,0
1000,0.382635,0.603282,10.59,9.87,1000,10,1,8.79+1.80=10.59,7.28+2.59=9.87,0
971,0.336789,0.565737,17.11,17.05,1000,10,2,4.92+1.60=6.52,4.89+2.29=7.18,0
971,0.332541,0.562206,23.66,24.22,1000,10,3,4.89+1.66=6.55,4.86+2.31=7.17,0
971,0.331152,0.561088,29.94,31.13,1000,10,4,4.79+1.48=6.27,4.75+2.16=6.91,0
971,0.330563,0.560543,36.34,38.20,1000,10,5,4.88+1.53=6.40,4.86+2.21=7.07,0
971,0.330398,0.560399,42.82,45.30,1000,10,6,4.80+1.68=6.48,4.77+2.33=7.10,0
971,0.330297,0.560321,49.29,52.40,1000,10,7,4.87+1.60=6.47,4.84+2.26=7.10,0
971,0.330356,0.560371,55.66,59.44,1000,10,8,4.80+1.58=6.37,4.76+2.28=7.04,0
971,0.330282,0.560312,62.14,66.54,1000,10,9,4.87+1.60=6.47,4.84+2.26=7.10,0
971,0.330272,0.560303,68.68,73.72,1000,10,10,4.87+1.67=6.54,4.84+2.34=7.18,0
1000,0.382723,0.603353,10.65,9.84,1000,10,1,8.89+1.76=10.64,7.31+2.53=9.84,0
971,0.337041,0.565960,17.19,17.07,1000,10,2,4.95+1.59=6.55,4.95+2.28=7.23,0
971,0.332647,0.562285,23.76,24.31,1000,10,3,4.91+1.66=6.57,4.87+2.36=7.23,0
971,0.331284,0.561191,30.21,31.42,1000,10,4,4.90+1.55=6.45,4.88+2.23=7.11,0
971,0.330739,0.560677,36.70,38.57,1000,10,5,4.88+1.60=6.48,4.86+2.29=7.15,0
971,0.330521,0.560493,43.12,45.66,1000,10,6,4.90+1.52=6.43,4.87+2.22=7.09,0
971,0.330447,0.560438,49.62,52.80,1000,10,7,4.90+1.60=6.49,4.88+2.26=7.14,0
971,0.330439,0.560434,56.13,59.95,1000,10,8,4.90+1.61=6.51,4.87+2.28=7.15,0
971,0.330420,0.560418,62.53,66.98,1000,10,9,4.93+1.47=6.40,4.88+2.15=7.03,0
971,0.330414,0.560413,68.91,74.02,1000,10,10,4.92+1.46=6.38,4.91+2.13=7.04,0
1000,0.383107,0.603644,10.64,9.81,1000,10,1,8.74+1.89=10.63,7.20+2.60=9.80,0
971,0.337285,0.566168,17.21,17.05,1000,10,2,4.88+1.70=6.58,4.85+2.39=7.24,0
971,0.332985,0.562599,23.85,24.30,1000,10,3,4.86+1.78=6.64,4.82+2.43=7.25,0
971,0.332066,0.561883,30.47,31.54,1000,10,4,4.84+1.78=6.62,4.80+2.44=7.24,0
971,0.331419,0.561332,37.00,38.71,1000,10,5,4.71+1.82=6.53,4.70+2.47=7.17,0
971,0.331099,0.561067,43.54,45.90,1000,10,6,4.77+1.77=6.54,4.76+2.43=7.19,0
971,0.331048,0.561023,50.15,53.13,1000,10,7,4.85+1.75=6.61,4.81+2.42=7.23,0
971,0.331044,0.561022,56.75,60.37,1000,10,8,4.75+1.84=6.59,4.72+2.52=7.24,0
971,0.331024,0.561005,63.12,67.37,1000,10,9,4.84+1.54=6.38,4.80+2.20=7.00,0
971,0.331019,0.561000,69.68,74.56,1000,10,10,4.81+1.75=6.56,4.78+2.41=7.19,0
1000,0.390680,0.609672,10.40,9.53,1000,10,1,8.86+1.54=10.40,7.29+2.24=9.53,0
960,0.341802,0.570182,16.94,16.71,1000,10,2,4.84+1.70=6.54,4.81+2.37=7.18,0
960,0.338140,0.567063,23.27,23.65,1000,10,3,4.85+1.48=6.33,4.81+2.13=6.94,0
960,0.336987,0.566093,29.67,30.72,1000,10,4,4.92+1.48=6.40,4.90+2.17=7.07,0
960,0.336405,0.565625,36.02,37.69,1000,10,5,4.85+1.50=6.35,4.80+2.17=6.97,0
960,0.336252,0.565499,42.33,44.61,1000,10,6,4.80+1.51=6.31,4.75+2.17=6.92,0
960,0.336194,0.565458,48.69,51.59,1000,10,7,4.89+1.47=6.36,4.85+2.13=6.98,0
960,0.336190,0.565454,55.07,58.59,1000,10,8,4.90+1.48=6.38,4.87+2.13=7.00,0
960,0.336185,0.565449,61.42,65.60,1000,10,9,4.88+1.47=6.35,4.87+2.14=7.01,0
960,0.336185,0.565449,67.79,72.62,1000,10,10,4.91+1.46=6.37,4.89+2.13=7.02,0
1000,0.439464,0.647699,10.43,9.57,1000,10,1,8.87+1.56=10.42,7.32+2.24=9.56,0
808,0.378843,0.601220,16.52,16.27,1000,10,2,4.60+1.50=6.09,4.56+2.14=6.70,0
808,0.375300,0.598625,21.81,22.13,1000,10,3,3.82+1.47=5.29,3.80+2.06=5.86,0
806,0.375632,0.598660,27.28,28.14,1000,10,4,3.85+1.62=5.46,3.80+2.21=6.01,0
805,0.372217,0.596299,32.78,34.18,1000,10,5,4.03+1.48=5.50,3.98+2.06=6.04,0
805,0.371561,0.595804,38.24,40.19,1000,10,6,3.99+1.48=5.46,3.94+2.07=6.01,0
805,0.371454,0.595730,43.74,46.28,1000,10,7,3.95+1.55=5.50,3.91+2.18=6.09,0
805,0.371351,0.595661,49.31,52.45,1000,10,8,3.98+1.59=5.57,3.95+2.22=6.17,0
805,0.371434,0.595725,54.82,58.56,1000,10,9,3.97+1.54=5.51,3.94+2.17=6.11,0
805,0.371503,0.595775,60.33,64.62,1000,10,10,3.98+1.53=5.51,3.96+2.10=6.06,0
1000,0.500799,0.693071,10.49,9.47,1000,10,1,8.83+1.65=10.48,7.27+2.20=9.47,0
540,0.431356,0.642863,16.55,16.08,1000,10,2,4.53+1.54=6.07,4.50+2.11=6.61,0
537,0.423440,0.637448,20.84,20.91,1000,10,3,2.74+1.54=4.28,2.72+2.11=4.83,0
535,0.419795,0.634926,25.10,25.73,1000,10,4,2.79+1.48=4.26,2.76+2.06=4.82,0
530,0.420387,0.635330,29.48,30.66,1000,10,5,2.74+1.64=4.38,2.72+2.21=4.93,0
529,0.420590,0.635584,33.81,35.53,1000,10,6,2.84+1.49=4.33,2.81+2.06=4.87,0
528,0.419696,0.634957,38.06,40.31,1000,10,7,2.75+1.50=4.24,2.73+2.05=4.78,0
528,0.420236,0.635240,42.31,45.13,1000,10,8,2.75+1.50=4.25,2.74+2.08=4.82,0
528,0.419749,0.634934,46.55,49.92,1000,10,9,2.76+1.48=4.24,2.74+2.05=4.79,0
528,0.419691,0.634895,50.81,54.74,1000,10,10,2.76+1.50=4.26,2.75+2.07=4.82,0
1000,0.615799,0.772572,10.43,9.38,1000,10,1,8.79+1.64=10.43,7.27+2.11=9.38,0
307,0.506223,0.697570,16.09,15.55,1000,10,2,4.08+1.57=5.66,4.08+2.09=6.17,0
300,0.498072,0.692116,19.41,19.36,1000,10,3,1.78+1.54=3.33,1.76+2.05=3.81,0
290,0.499113,0.693383,22.83,23.28,1000,10,4,1.85+1.57=3.42,1.83+2.09=3.92,0
285,0.494085,0.690636,25.98,26.91,1000,10,5,1.57+1.57=3.14,1.56+2.07=3.63,0
284,0.491058,0.687974,29.08,30.53,1000,10,6,1.52+1.59=3.10,1.50+2.12=3.62,0
283,0.491640,0.688444,32.14,34.09,1000,10,7,1.48+1.58=3.06,1.47+2.09=3.56,0
282,0.487647,0.685916,35.18,37.64,1000,10,8,1.45+1.59=3.04,1.43+2.12=3.55,0
282,0.487985,0.686167,38.17,41.16,1000,10,9,1.41+1.59=2.99,1.39+2.13=3.52,0
282,0.487471,0.685802,41.19,44.70,1000,10,10,1.42+1.59=3.01,1.42+2.12=3.54,0
1000,0.429850,0.640340,10.49,9.60,1000,10,1,8.73+1.75=10.48,7.23+2.37=9.60,0
843,0.372251,0.595525,16.63,16.35,1000,10,2,4.63+1.52=6.14,4.60+2.15=6.75,0
841,0.368530,0.592870,22.07,22.38,1000,10,3,3.93+1.51=5.44,3.91+2.12=6.03,0
841,0.366352,0.591338,27.56,28.49,1000,10,4,3.89+1.60=5.49,3.86+2.25=6.11,0
841,0.366124,0.591161,32.95,34.47,1000,10,5,3.86+1.53=5.40,3.83+2.15=5.98,0
841,0.365545,0.590705,38.55,40.67,1000,10,6,3.86+1.74=5.60,3.82+2.38=6.20,0
841,0.365046,0.590280,43.99,46.69,1000,10,7,3.86+1.57=5.43,3.83+2.19=6.02,0
841,0.364908,0.590174,49.61,52.90,1000,10,8,3.92+1.70=5.62,3.89+2.32=6.21,0
841,0.364792,0.590081,55.21,59.09,1000,10,9,3.90+1.69=5.60,3.89+2.30=6.19,0
841,0.364767,0.590059,60.84,65.32,1000,10,10,3.90+1.73=5.64,3.87+2.36=6.23,0
1000,0.429850,0.640340,10.37,9.58,1000,10,1,8.79+1.57=10.36,7.30+2.27=9.57,0
843,0.372251,0.595525,16.55,16.42,1000,10,2,4.63+1.55=6.18,4.62+2.22=6.84,0
841,0.368530,0.592870,22.10,22.55,1000,10,3,4.08+1.47=5.55,4.04+2.09=6.13,0
841,0.366352,0.591338,27.75,28.80,1000,10,4,3.93+1.72=5.66,3.90+2.35=6.25,0
841,0.366124,0.591161,33.38,35.00,1000,10,5,3.96+1.67=5.63,3.91+2.29=6.20,0
841,0.365545,0.590705,38.95,41.17,1000,10,6,3.93+1.63=5.57,3.91+2.26=6.17,0
841,0.365046,0.590280,44.58,47.42,1000,10,7,3.92+1.72=5.63,3.89+2.36=6.25,0
841,0.364908,0.590174,50.19,53.61,1000,10,8,3.95+1.66=5.61,3.91+2.28=6.19,0
841,0.364792,0.590081,55.87,59.89,1000,10,9,3.93+1.74=5.67,3.91+2.37=6.28,0
841,0.364767,0.590059,61.49,66.10,1000,10,10,3.93+1.70=5.63,3.90+2.31=6.21,0
1000,0.429850,0.640340,10.35,9.50,1000,10,1,8.82+1.53=10.35,7.30+2.19=9.49,0
843,0.372251,0.595525,16.71,16.49,1000,10,2,4.74+1.62=6.35,4.71+2.28=6.99,0
841,0.368530,0.592870,22.36,22.75,1000,10,3,4.02+1.63=5.65,3.99+2.27=6.26,0
841,0.366352,0.591338,28.06,29.09,1000,10,4,3.96+1.74=5.71,3.95+2.39=6.34,0
841,0.366124,0.591161,33.72,35.34,1000,10,5,3.91+1.75=5.66,3.89+2.36=6.25,0
841,0.365545,0.590705,39.40,41.62,1000,10,6,3.92+1.75=5.67,3.90+2.38=6.28,0
841,0.365046,0.590280,45.12,47.92,1000,10,7,3.95+1.78=5.73,3.91+2.39=6.30,0
841,0.364908,0.590174,50.73,54.11,1000,10,8,3.94+1.67=5.61,3.91+2.28=6.19,0
841,0.364792,0.590081,56.22,60.22,1000,10,9,3.90+1.59=5.48,3.87+2.24=6.11,0
841,0.364767,0.590059,61.92,66.53,1000,10,10,3.94+1.76=5.70,3.90+2.41=6.31,0
1000,0.429850,0.640340,10.63,9.85,1000,10,1,8.76+1.87=10.63,7.27+2.58=9.85,0
843,0.372251,0.595525,17.03,16.86,1000,10,2,4.66+1.75=6.40,4.63+2.38=7.01,0
841,0.368531,0.592869,22.68,23.12,1000,10,3,4.18+1.47=5.65,4.15+2.11=6.26,0
841,0.366366,0.591348,28.29,29.27,1000,10,4,4.12+1.49=5.61,4.08+2.07=6.15,0
841,0.366159,0.591190,33.70,35.30,1000,10,5,3.89+1.52=5.41,3.87+2.16=6.03,0
841,0.365577,0.590730,39.21,41.38,1000,10,6,4.02+1.49=5.50,3.98+2.10=6.08,0
841,0.365081,0.590307,44.72,47.48,1000,10,7,3.92+1.60=5.51,3.89+2.21=6.10,0
841,0.364943,0.590202,50.13,53.48,1000,10,8,3.93+1.48=5.41,3.90+2.10=6.00,0
841,0.364827,0.590108,55.72,59.64,1000,10,9,3.98+1.60=5.59,3.92+2.24=6.16,0
841,0.364803,0.590086,61.17,65.70,1000,10,10,3.95+1.50=5.45,3.92+2.14=6.06,0
1000,0.429922,0.640390,10.33,9.45,1000,10,1,8.80+1.52=10.32,7.27+2.18=9.45,0
843,0.372019,0.595380,16.46,16.21,1000,10,2,4.57+1.57=6.14,4.56+2.20=6.76,0
841,0.368405,0.592773,21.97,22.30,1000,10,3,3.93+1.58=5.50,3.90+2.19=6.09,0
841,0.366426,0.591387,27.53,28.42,1000,10,4,3.95+1.62=5.56,3.90+2.22=6.12,0
841,0.365849,0.590982,33.00,34.45,1000,10,5,3.91+1.56=5.47,3.85+2.18=6.03,0
841,0.365735,0.590881,38.54,40.58,1000,10,6,3.93+1.61=5.54,3.89+2.24=6.13,0
841,0.365463,0.590612,44.09,46.72,1000,10,7,3.89+1.65=5.55,3.86+2.28=6.14,0
841,0.365355,0.590522,49.66,52.85,1000,10,8,3.94+1.64=5.58,3.89+2.24=6.13,0
841,0.365321,0.590492,55.20,58.98,1000,10,9,3.87+1.66=5.53,3.85+2.28=6.13,0
841,0.365298,0.590471,60.80,65.17,1000,10,10,3.91+1.69=5.60,3.88+2.31=6.19,0
1000,0.430247,0.640626,10.44,9.59,1000,10,1,8.96+1.48=10.44,7.42+2.17=9.59,0
842,0.372747,0.595886,16.77,16.52,1000,10,2,4.50+1.83=6.33,4.48+2.45=6.93,0
839,0.368833,0.593078,22.36,22.71,1000,10,3,3.86+1.73=5.59,3.86+2.33=6.19,0
839,0.366857,0.591688,28.00,28.91,1000,10,4,3.87+1.76=5.63,3.84+2.36=6.20,0
839,0.366274,0.591277,33.65,35.15,1000,10,5,3.81+1.84=5.65,3.79+2.45=6.24,0
839,0.365754,0.590881,39.30,41.37,1000,10,6,3.80+1.85=5.65,3.77+2.45=6.22,0
839,0.365502,0.590626,44.79,47.41,1000,10,7,3.83+1.66=5.49,3.78+2.26=6.04,0
839,0.365377,0.590518,50.42,53.62,1000,10,8,3.87+1.77=5.64,3.84+2.37=6.21,0
839,0.365122,0.590298,55.97,59.76,1000,10,9,3.87+1.68=5.55,3.83+2.31=6.14,0
839,0.365093,0.590272,61.62,66.03,1000,10,10,3.87+1.78=5.65,3.85+2.42=6.27,0
1000,0.440617,0.648532,10.56,9.78,1000,10,1,8.96+1.60=10.56,7.41+2.37=9.78,0
800,0.379725,0.601897,16.79,16.61,1000,10,2,4.63+1.61=6.23,4.58+2.25=6.83,0
800,0.375841,0.599055,22.13,22.54,1000,10,3,3.81+1.52=5.34,3.80+2.13=5.93,0
799,0.377014,0.599717,27.53,28.53,1000,10,4,3.91+1.48=5.40,3.87+2.12=5.99,0
799,0.373232,0.597116,32.98,34.55,1000,10,5,3.97+1.49=5.46,3.93+2.09=6.02,0
799,0.372734,0.596736,38.41,40.58,1000,10,6,3.91+1.52=5.43,3.88+2.15=6.03,0
799,0.372393,0.596470,43.85,46.59,1000,10,7,3.95+1.49=5.44,3.90+2.11=6.01,0
799,0.372337,0.596439,49.31,52.62,1000,10,8,3.95+1.51=5.46,3.89+2.14=6.03,0
799,0.372465,0.596539,54.76,58.62,1000,10,9,3.97+1.48=5.45,3.93+2.07=6.00,0
798,0.372537,0.596601,60.20,64.66,1000,10,10,3.94+1.50=5.44,3.92+2.12=6.04,0
1000,0.512592,0.701628,10.63,9.65,1000,10,1,8.91+1.72=10.63,7.34+2.30=9.64,0
520,0.436569,0.647166,16.56,16.11,1000,10,2,4.45+1.48=5.93,4.41+2.05=6.46,0
513,0.429003,0.641674,20.73,20.84,1000,10,3,2.67+1.50=4.17,2.67+2.06=4.73,0
510,0.427175,0.640593,24.94,25.60,1000,10,4,2.73+1.48=4.21,2.71+2.05=4.76,0
508,0.427730,0.640932,29.13,30.34,1000,10,5,2.70+1.48=4.19,2.68+2.06=4.74,0
508,0.426163,0.639900,33.33,35.10,1000,10,6,2.74+1.46=4.20,2.72+2.04=4.76,0
507,0.426808,0.640229,37.45,39.75,1000,10,7,2.66+1.46=4.12,2.63+2.02=4.65,0
506,0.425635,0.639466,41.64,44.47,1000,10,8,2.71+1.48=4.19,2.69+2.03=4.72,0
506,0.425566,0.639408,45.83,49.18,1000,10,9,2.71+1.48=4.19,2.68+2.03=4.71,0
506,0.425516,0.639357,50.02,53.92,1000,10,10,2.71+1.48=4.19,2.69+2.05=4.74,0
1000,0.622155,0.776733,10.23,9.20,1000,10,1,8.69+1.54=10.22,7.18+2.02=9.20,0
285,0.510695,0.701548,16.04,15.46,1000,10,2,3.98+1.82=5.81,3.95+2.31=6.26,0
280,0.502718,0.696144,19.29,19.19,1000,10,3,1.71+1.55=3.26,1.71+2.02=3.73,0
272,0.499147,0.693769,22.12,22.51,1000,10,4,1.29+1.54=2.83,1.28+2.04=3.32,0
271,0.505301,0.697838,24.94,25.82,1000,10,5,1.28+1.54=2.82,1.27+2.04=3.31,0
267,0.500357,0.695007,27.76,29.13,1000,10,6,1.27+1.55=2.82,1.27+2.04=3.31,0
265,0.499070,0.694412,30.55,32.38,1000,10,7,1.21+1.59=2.80,1.20+2.05=3.25,0
263,0.497735,0.693513,33.37,35.68,1000,10,8,1.20+1.61=2.81,1.19+2.11=3.30,0
263,0.497502,0.693335,36.19,38.98,1000,10,9,1.22+1.60=2.82,1.21+2.09=3.30,0
263,0.497564,0.693392,38.97,42.24,1000,10,10,1.20+1.58=2.78,1.19+2.07=3.26,0
1000,0.495834,0.689529,10.45,9.59,1000,10,1,8.67+1.78=10.45,7.18+2.41=9.59,0
564,0.425591,0.638603,16.74,16.45,1000,10,2,4.41+1.87=6.28,4.39+2.47=6.86,0
560,0.422327,0.635926,21.39,21.64,1000,10,3,3.06+1.59=4.65,3.03+2.16=5.19,0
557,0.418596,0.633765,26.34,27.14,1000,10,4,3.13+1.83=4.95,3.09+2.41=5.50,0
556,0.417357,0.632856,31.01,32.37,1000,10,5,2.90+1.77=4.67,2.88+2.35=5.23,0
556,0.416937,0.632590,35.61,37.50,1000,10,6,2.84+1.76=4.60,2.81+2.32=5.13,0
556,0.416250,0.632106,40.29,42.75,1000,10,7,2.86+1.82=4.68,2.85+2.40=5.25,0
556,0.416304,0.632143,44.95,47.97,1000,10,8,2.86+1.80=4.66,2.84+2.38=5.22,0
556,0.416274,0.632124,49.63,53.18,1000,10,9,2.86+1.81=4.67,2.84+2.37=5.21,0
556,0.416274,0.632124,54.28,58.36,1000,10,10,2.86+1.80=4.66,2.83+2.35=5.18,0
1000,0.495834,0.689529,10.43,9.45,1000,10,1,8.77+1.66=10.43,7.18+2.26=9.44,0
564,0.425591,0.638603,16.64,16.24,1000,10,2,4.43+1.79=6.21,4.40+2.39=6.79,0
560,0.422327,0.635926,21.18,21.37,1000,10,3,3.05+1.49=4.54,3.04+2.09=5.13,0
557,0.418596,0.633765,25.78,26.50,1000,10,4,3.11+1.48=4.60,3.09+2.04=5.13,0
556,0.417357,0.632856,30.18,31.47,1000,10,5,2.92+1.49=4.40,2.89+2.08=4.97,0
556,0.416937,0.632590,34.55,36.38,1000,10,6,2.86+1.51=4.36,2.82+2.09=4.91,0
556,0.416250,0.632106,38.91,41.29,1000,10,7,2.86+1.51=4.36,2.84+2.07=4.91,0
556,0.416304,0.632143,43.26,46.19,1000,10,8,2.84+1.51=4.35,2.82+2.08=4.90,0
556,0.416274,0.632124,47.59,51.06,1000,10,9,2.85+1.48=4.33,2.83+2.04=4.87,0
556,0.416274,0.632124,51.94,55.96,1000,10,10,2.84+1.51=4.35,2.83+2.07=4.90,0
1000,0.495834,0.689529,10.32,9.44,1000,10,1,8.84+1.47=10.31,7.31+2.13=9.44,0
564,0.425591,0.638603,16.49,16.16,1000,10,2,4.72+1.46=6.18,4.67+2.05=6.72,0
560,0.422327,0.635926,21.02,21.25,1000,10,3,3.06+1.47=4.53,3.03+2.06=5.09,0
557,0.418596,0.633765,25.60,26.38,1000,10,4,3.12+1.46=4.58,3.09+2.04=5.13,0
556,0.417357,0.632856,30.01,31.35,1000,10,5,2.93+1.49=4.42,2.91+2.06=4.97,0
556,0.416937,0.632590,34.33,36.21,1000,10,6,2.85+1.47=4.32,2.82+2.04=4.86,0
556,0.416250,0.632106,38.65,41.10,1000,10,7,2.86+1.47=4.32,2.83+2.06=4.89,0
556,0.416304,0.632143,42.97,45.96,1000,10,8,2.85+1.47=4.32,2.82+2.04=4.86,0
556,0.416274,0.632124,47.33,50.85,1000,10,9,2.88+1.48=4.36,2.84+2.05=4.89,0
556,0.416274,0.632124,51.66,55.72,1000,10,10,2.86+1.47=4.33,2.84+2.03=4.87,0
1000,0.495834,0.689529,10.52,9.56,1000,10,1,8.62+1.89=10.51,7.09+2.47=9.56,0
564,0.425591,0.638603,16.50,16.09,1000,10,2,4.42+1.56=5.99,4.40+2.13=6.53,0
560,0.422327,0.635926,21.06,21.19,1000,10,3,3.07+1.50=4.56,3.05+2.05=5.10,0
557,0.418547,0.633729,25.64,26.32,1000,10,4,3.09+1.49=4.58,3.06+2.07=5.13,0
556,0.417336,0.632843,30.07,31.31,1000,10,5,2.93+1.50=4.43,2.90+2.09=4.99,0
556,0.416920,0.632576,34.43,36.19,1000,10,6,2.87+1.49=4.36,2.83+2.05=4.88,0
556,0.416246,0.632103,38.80,41.09,1000,10,7,2.89+1.48=4.37,2.86+2.04=4.90,0
556,0.416300,0.632140,43.14,45.95,1000,10,8,2.85+1.49=4.34,2.83+2.03=4.86,0
556,0.416270,0.632122,47.49,50.84,1000,10,9,2.87+1.48=4.36,2.84+2.05=4.89,0
556,0.416270,0.632122,51.85,55.73,1000,10,10,2.87+1.49=4.36,2.83+2.06=4.89,0
1000,0.495834,0.689529,10.34,9.46,1000,10,1,8.87+1.46=10.34,7.40+2.06=9.46,0
564,0.425591,0.638603,16.33,16.01,1000,10,2,4.43+1.56=5.99,4.40+2.15=6.55,0
560,0.422327,0.635926,21.10,21.34,1000,10,3,3.05+1.72=4.77,3.04+2.29=5.33,0
557,0.418547,0.633729,25.84,26.62,1000,10,4,3.10+1.64=4.74,3.08+2.20=5.28,0
556,0.417336,0.632843,30.41,31.74,1000,10,5,2.93+1.64=4.58,2.89+2.23=5.12,0
556,0.416920,0.632576,34.86,36.78,1000,10,6,2.85+1.61=4.45,2.82+2.22=5.04,0
556,0.416246,0.632103,39.25,41.73,1000,10,7,2.85+1.54=4.38,2.82+2.13=4.95,0
556,0.416300,0.632140,43.69,46.74,1000,10,8,2.86+1.59=4.45,2.84+2.17=5.01,0
556,0.416270,0.632122,48.16,51.74,1000,10,9,2.84+1.62=4.46,2.81+2.19=5.00,0
556,0.416270,0.632122,52.60,56.73,1000,10,10,2.86+1.59=4.44,2.84+2.15=4.99,0
1000,0.495870,0.689551,10.33,9.42,1000,10,1,8.78+1.55=10.32,7.25+2.16=9.41,0
564,0.425579,0.638595,16.25,15.90,1000,10,2,4.45+1.47=5.92,4.42+2.06=6.48,0
561,0.422243,0.635861,20.77,20.99,1000,10,3,3.04+1.48=4.52,3.04+2.05=5.09,0
558,0.419099,0.634083,25.31,26.11,1000,10,4,3.07+1.48=4.55,3.04+2.08=5.12,0
557,0.417363,0.632858,29.79,31.13,1000,10,5,2.99+1.48=4.47,2.97+2.05=5.02,0
556,0.416805,0.632501,34.16,36.07,1000,10,6,2.90+1.48=4.38,2.88+2.06=4.94,0
556,0.416350,0.632177,38.53,40.97,1000,10,7,2.90+1.47=4.37,2.86+2.04=4.90,0
556,0.416220,0.632091,42.90,45.88,1000,10,8,2.88+1.49=4.37,2.85+2.06=4.91,0
556,0.416451,0.632235,47.25,50.78,1000,10,9,2.87+1.48=4.35,2.84+2.06=4.90,0
556,0.416176,0.632064,51.59,55.65,1000,10,10,2.87+1.48=4.34,2.84+2.03=4.87,0
1000,0.496236,0.689802,10.42,9.46,1000,10,1,8.95+1.46=10.41,7.44+2.02=9.46,0
562,0.426529,0.639205,16.30,15.89,1000,10,2,4.41+1.48=5.88,4.38+2.05=6.43,0
558,0.422272,0.635880,20.85,20.97,1000,10,3,3.08+1.47=4.55,3.05+2.03=5.08,0
555,0.418904,0.634023,25.53,26.17,1000,10,4,3.21+1.46=4.68,3.17+2.03=5.20,0
554,0.417511,0.633024,29.89,31.10,1000,10,5,2.89+1.47=4.37,2.88+2.05=4.93,0
553,0.417663,0.633134,34.24,35.99,1000,10,6,2.88+1.47=4.35,2.86+2.03=4.89,0
553,0.416811,0.632555,38.54,40.88,1000,10,7,2.84+1.46=4.30,2.82+2.07=4.89,0
553,0.416713,0.632490,42.90,45.83,1000,10,8,2.86+1.51=4.37,2.84+2.11=4.95,0
553,0.416685,0.632474,47.25,50.70,1000,10,9,2.86+1.49=4.35,2.83+2.04=4.87,0
553,0.416756,0.632519,51.59,55.58,1000,10,10,2.84+1.50=4.34,2.83+2.05=4.88,0
1000,0.513773,0.702491,10.50,9.55,1000,10,1,8.78+1.71=10.49,7.26+2.29=9.55,0
513,0.437725,0.648016,16.29,15.89,1000,10,2,4.32+1.48=5.79,4.29+2.05=6.34,0
504,0.431149,0.643087,20.35,20.51,1000,10,3,2.57+1.50=4.07,2.54+2.08=4.62,0
500,0.429085,0.641940,24.47,25.13,1000,10,4,2.64+1.48=4.12,2.61+2.01=4.62,0
498,0.430392,0.642860,28.63,29.83,1000,10,5,2.68+1.48=4.16,2.66+2.04=4.70,0
498,0.427732,0.641025,32.83,34.57,1000,10,6,2.73+1.47=4.20,2.71+2.03=4.74,0
497,0.428370,0.641410,37.01,39.31,1000,10,7,2.69+1.49=4.18,2.66+2.08=4.74,0
497,0.426969,0.640502,41.15,44.03,1000,10,8,2.67+1.47=4.14,2.66+2.06=4.72,0
496,0.426921,0.640464,45.32,48.73,1000,10,9,2.69+1.47=4.17,2.68+2.02=4.70,0
495,0.426918,0.640462,49.50,53.47,1000,10,10,2.71+1.47=4.18,2.69+2.05=4.74,0
1000,0.628931,0.781098,10.34,9.27,1000,10,1,8.86+1.48=10.34,7.30+1.97=9.27,0
266,0.513910,0.703548,16.06,15.44,1000,10,2,3.99+1.72=5.71,3.95+2.22=6.17,0
264,0.513035,0.703583,18.98,18.85,1000,10,3,1.34+1.58=2.92,1.34+2.07=3.41,0
254,0.508166,0.700829,21.78,22.13,1000,10,4,1.22+1.58=2.80,1.21+2.07=3.28,0
253,0.503786,0.697486,24.57,25.43,1000,10,5,1.22+1.57=2.79,1.20+2.10=3.30,0
252,0.505639,0.698505,27.35,28.70,1000,10,6,1.21+1.56=2.78,1.19+2.08=3.27,0
251,0.503039,0.697052,30.13,31.97,1000,10,7,1.21+1.57=2.78,1.19+2.08=3.27,0
248,0.503349,0.697268,32.92,35.25,1000,10,8,1.23+1.56=2.79,1.21+2.07=3.28,0
246,0.503005,0.697078,35.71,38.55,1000,10,9,1.23+1.56=2.79,1.22+2.08=3.30,0
245,0.505806,0.698761,38.49,41.82,1000,10,10,1.22+1.56=2.79,1.21+2.06=3.27,0
1000,0.610909,0.769385,10.26,9.27,1000,10,1,8.68+1.58=10.26,7.19+2.08=9.27,0
316,0.504625,0.696475,16.08,15.61,1000,10,2,3.97+1.85=5.82,3.97+2.37=6.34,0
308,0.493515,0.689362,19.47,19.51,1000,10,3,1.82+1.57=3.39,1.82+2.08=3.90,0
302,0.485382,0.684304,22.86,23.41,1000,10,4,1.86+1.53=3.39,1.85+2.05=3.90,0
301,0.484824,0.684058,26.27,27.31,1000,10,5,1.88+1.53=3.41,1.86+2.04=3.90,0
300,0.484110,0.683572,29.67,31.23,1000,10,6,1.88+1.52=3.40,1.87+2.05=3.92,0
300,0.483067,0.682845,33.13,35.21,1000,10,7,1.93+1.53=3.46,1.92+2.06=3.98,0
300,0.482995,0.682759,36.51,39.10,1000,10,8,1.84+1.54=3.38,1.82+2.07=3.89,0
300,0.483195,0.682947,39.88,42.99,1000,10,9,1.84+1.53=3.37,1.82+2.07=3.89,0
300,0.483029,0.682802,43.29,46.89,1000,10,10,1.79+1.62=3.41,1.76+2.14=3.90,0
1000,0.610909,0.769385,10.36,9.35,1000,10,1,8.83+1.52=10.35,7.28+2.07=9.35,0
316,0.504625,0.696475,16.03,15.51,1000,10,2,4.00+1.67=5.67,3.97+2.19=6.16,0
308,0.493515,0.689362,19.37,19.36,1000,10,3,1.82+1.52=3.34,1.82+2.03=3.85,0
302,0.485382,0.684304,22.77,23.28,1000,10,4,1.87+1.53=3.40,1.85+2.07=3.92,0
301,0.484824,0.684058,26.16,27.18,1000,10,5,1.86+1.53=3.39,1.85+2.05=3.90,0
300,0.484110,0.683572,29.59,31.13,1000,10,6,1.88+1.56=3.44,1.87+2.08=3.95,0
300,0.483067,0.682845,33.04,35.07,1000,10,7,1.92+1.52=3.45,1.91+2.03=3.94,0
300,0.482995,0.682759,36.39,38.91,1000,10,8,1.84+1.51=3.34,1.82+2.02=3.84,0
300,0.483195,0.682947,39.76,42.78,1000,10,9,1.85+1.53=3.37,1.83+2.04=3.87,0
300,0.483029,0.682802,43.06,46.57,1000,10,10,1.79+1.52=3.30,1.77+2.02=3.79,0
1000,0.610909,0.769385,10.32,9.28,1000,10,1,8.80+1.51=10.32,7.26+2.02=9.28,0
316,0.504625,0.696475,15.99,15.44,1000,10,2,4.02+1.65=5.67,3.98+2.18=6.16,0
308,0.493515,0.689362,19.33,19.28,1000,10,3,1.82+1.52=3.34,1.81+2.03=3.84,0
302,0.485382,0.684304,22.75,23.19,1000,10,4,1.87+1.54=3.41,1.86+2.05=3.91,0
301,0.484824,0.684058,26.14,27.07,1000,10,5,1.87+1.53=3.39,1.85+2.03=3.88,0
300,0.484110,0.683572,29.56,31.00,1000,10,6,1.87+1.55=3.42,1.87+2.06=3.93,0
300,0.483067,0.682845,33.02,34.95,1000,10,7,1.92+1.54=3.46,1.91+2.04=3.95,0
300,0.482995,0.682759,36.39,38.82,1000,10,8,1.83+1.53=3.37,1.82+2.05=3.87,0
300,0.483195,0.682947,39.77,42.71,1000,10,9,1.85+1.53=3.38,1.82+2.07=3.89,0
300,0.483029,0.682802,43.11,46.55,1000,10,10,1.80+1.54=3.34,1.79+2.05=3.84,0
1000,0.610909,0.769385,10.34,9.29,1000,10,1,8.56+1.77=10.33,7.06+2.23=9.29,0
316,0.504625,0.696475,15.88,15.28,1000,10,2,4.01+1.53=5.54,3.98+2.01=5.99,0
308,0.493515,0.689362,19.22,19.13,1000,10,3,1.82+1.52=3.34,1.81+2.04=3.85,0
302,0.485382,0.684304,22.63,23.06,1000,10,4,1.86+1.56=3.41,1.85+2.08=3.93,0
301,0.484824,0.684058,26.03,26.98,1000,10,5,1.87+1.53=3.40,1.86+2.06=3.92,0
300,0.484110,0.683572,29.44,30.92,1000,10,6,1.87+1.53=3.41,1.86+2.08=3.94,0
300,0.483067,0.682845,32.92,34.93,1000,10,7,1.94+1.54=3.48,1.93+2.08=4.01,0
300,0.482995,0.682759,36.30,38.81,1000,10,8,1.84+1.54=3.38,1.82+2.06=3.88,0
300,0.483195,0.682947,39.68,42.69,1000,10,9,1.85+1.53=3.38,1.84+2.04=3.88,0
300,0.483029,0.682802,43.00,46.51,1000,10,10,1.79+1.53=3.32,1.78+2.04=3.82,0
1000,0.610909,0.769385,10.56,9.54,1000,10,1,8.81+1.75=10.55,7.27+2.27=9.54,0
316,0.504625,0.696475,16.31,15.79,1000,10,2,4.02+1.73=5.75,3.99+2.26=6.25,0
308,0.493515,0.689362,19.71,19.69,1000,10,3,1.82+1.58=3.40,1.80+2.10=3.90,0
302,0.485382,0.684304,23.19,23.67,1000,10,4,1.87+1.61=3.48,1.84+2.14=3.98,0
301,0.484824,0.684058,26.73,27.70,1000,10,5,1.88+1.66=3.54,1.86+2.17=4.03,0
300,0.484110,0.683572,30.34,31.82,1000,10,6,1.87+1.74=3.61,1.87+2.25=4.12,0
300,0.483067,0.682845,33.94,35.91,1000,10,7,1.92+1.68=3.60,1.90+2.19=4.09,0
300,0.482995,0.682759,37.49,39.97,1000,10,8,1.84+1.71=3.55,1.83+2.23=4.06,0
300,0.483195,0.682947,41.02,44.01,1000,10,9,1.83+1.70=3.53,1.82+2.22=4.04,0
300,0.483029,0.682802,44.49,47.98,1000,10,10,1.78+1.68=3.46,1.77+2.20=3.97,0
1000,0.610909,0.769385,10.35,9.25,1000,10,1,8.80+1.55=10.35,7.25+2.00=9.25,0
316,0.504625,0.696475,16.11,15.46,1000,10,2,3.99+1.77=5.76,3.96+2.25=6.21,0
308,0.493515,0.689362,19.42,19.28,1000,10,3,1.82+1.50=3.31,1.82+2.00=3.82,0
302,0.485384,0.684304,22.81,23.18,1000,10,4,1.86+1.53=3.39,1.85+2.05=3.90,0
301,0.484825,0.684059,26.19,27.05,1000,10,5,1.86+1.52=3.38,1.84+2.03=3.87,0
300,0.484111,0.683573,29.60,30.95,1000,10,6,1.90+1.51=3.42,1.88+2.02=3.90,0
300,0.483068,0.682846,33.00,34.87,1000,10,7,1.88+1.51=3.40,1.87+2.05=3.92,0
300,0.482997,0.682760,36.35,38.73,1000,10,8,1.82+1.52=3.35,1.80+2.06=3.86,0
300,0.483196,0.682948,39.69,42.57,1000,10,9,1.82+1.52=3.34,1.80+2.04=3.84,0
300,0.483030,0.682803,42.98,46.36,1000,10,10,1.77+1.52=3.29,1.75+2.04=3.79,0
1000,0.610909,0.769385,10.36,9.28,1000,10,1,8.90+1.46=10.36,7.38+1.90=9.28,0
316,0.504625,0.696475,15.92,15.29,1000,10,2,3.98+1.57=5.55,3.96+2.05=6.01,0
307,0.493516,0.689364,19.23,19.12,1000,10,3,1.79+1.52=3.31,1.79+2.04=3.83,0
301,0.485406,0.684318,22.58,22.99,1000,10,4,1.82+1.53=3.35,1.80+2.07=3.87,0
300,0.484974,0.684149,25.92,26.83,1000,10,5,1.83+1.52=3.34,1.82+2.02=3.84,0
299,0.484193,0.683623,29.35,30.76,1000,10,6,1.91+1.52=3.43,1.90+2.03=3.93,0
299,0.483182,0.682914,32.75,34.62,1000,10,7,1.87+1.53=3.39,1.84+2.02=3.86,0
299,0.483111,0.682828,36.01,38.37,1000,10,8,1.75+1.52=3.27,1.74+2.01=3.75,0
299,0.483310,0.683016,39.30,42.16,1000,10,9,1.77+1.52=3.29,1.75+2.04=3.79,0
299,0.483142,0.682869,42.58,45.92,1000,10,10,1.76+1.52=3.28,1.74+2.02=3.76,0
1000,0.611380,0.769648,10.35,9.29,1000,10,1,8.77+1.57=10.35,7.26+2.02=9.28,0
314,0.504977,0.696704,16.07,15.47,1000,10,2,4.13+1.59=5.72,4.10+2.08=6.18,0
305,0.494556,0.689986,19.52,19.42,1000,10,3,1.93+1.51=3.45,1.93+2.02=3.95,0
299,0.484887,0.683986,22.90,23.34,1000,10,4,1.86+1.52=3.38,1.85+2.07=3.92,0
298,0.485431,0.684422,26.24,27.18,1000,10,5,1.83+1.51=3.34,1.81+2.03=3.84,0
297,0.484108,0.683579,29.65,31.11,1000,10,6,1.89+1.52=3.41,1.87+2.06=3.93,0
297,0.483103,0.682874,32.97,34.94,1000,10,7,1.80+1.52=3.32,1.78+2.05=3.83,0
297,0.483035,0.682790,36.24,38.70,1000,10,8,1.76+1.52=3.27,1.75+2.01=3.76,0
297,0.483233,0.682977,39.53,42.49,1000,10,9,1.76+1.52=3.29,1.75+2.04=3.79,0
297,0.483074,0.682836,42.78,46.25,1000,10,10,1.74+1.51=3.25,1.73+2.03=3.76,0
1000,0.629362,0.781330,10.38,9.30,1000,10,1,8.83+1.54=10.37,7.33+1.96=9.29,0
263,0.513943,0.703566,16.07,15.49,1000,10,2,3.96+1.73=5.69,3.95+2.24=6.19,0
260,0.513285,0.703738,18.90,18.81,1000,10,3,1.22+1.61=2.83,1.21+2.11=3.32,0
251,0.508779,0.701181,21.65,22.04,1000,10,4,1.16+1.59=2.75,1.14+2.09=3.23,0
249,0.504106,0.697671,24.47,25.36,1000,10,5,1.24+1.59=2.82,1.23+2.09=3.32,0
246,0.503581,0.697410,27.25,28.64,1000,10,6,1.19+1.58=2.78,1.18+2.10=3.28,0
246,0.503319,0.697299,30.03,31.95,1000,10,7,1.20+1.59=2.78,1.19+2.12=3.31,0
246,0.503426,0.697376,32.80,35.21,1000,10,8,1.20+1.57=2.77,1.19+2.07=3.26,0
246,0.503235,0.697249,35.59,38.52,1000,10,9,1.20+1.59=2.79,1.18+2.13=3.31,0
246,0.503250,0.697258,38.35,41.79,1000,10,10,1.19+1.58=2.76,1.18+2.09=3.27,0
