10,0.538428,0.767966,14.68,14.24,10,10,1,3.60+11.03=14.64,2.14+12.06=14.20,0
10,0.538152,0.753545,27.25,27.98,10,10,2,1.45+11.12=12.57,1.44+12.30=13.74,0
10,0.522449,0.750447,39.79,41.77,10,10,3,1.45+11.09=12.54,1.45+12.34=13.79,0
10,0.520806,0.748622,52.22,55.41,10,10,4,1.42+11.01=12.43,1.41+12.23=13.64,0
10,0.519943,0.772307,64.64,69.03,10,10,5,1.42+11.00=12.42,1.41+12.21=13.62,0
10,0.519943,0.772307,77.07,82.63,10,10,6,1.44+10.99=12.43,1.41+12.19=13.60,0
10,0.519943,0.772307,89.54,96.36,10,10,7,1.42+11.06=12.47,1.40+12.32=13.72,0
10,0.519943,0.772307,101.95,109.98,10,10,8,1.42+10.99=12.41,1.40+12.22=13.62,0
10,0.519943,0.772307,114.40,123.62,10,10,9,1.43+11.01=12.44,1.42+12.22=13.64,0
10,0.519943,0.772307,126.83,137.28,10,10,10,1.43+11.00=12.43,1.42+12.24=13.66,0
10,0.519776,0.759084,14.63,14.13,10,10,1,3.63+10.96=14.59,2.15+11.95=14.10,0
10,0.514033,0.757476,27.11,27.60,10,10,2,1.44+11.05=12.49,1.43+12.04=13.47,0
10,0.512759,0.757548,39.58,41.10,10,10,3,1.43+11.04=12.47,1.42+12.08=13.50,0
10,0.512759,0.757548,52.03,54.56,10,10,4,1.43+11.02=12.45,1.42+12.04=13.46,0
10,0.512759,0.757548,64.50,68.04,10,10,5,1.43+11.03=12.46,1.41+12.07=13.48,0
10,0.512759,0.757548,77.03,81.62,10,10,6,1.42+11.11=12.53,1.40+12.18=13.58,0
10,0.512759,0.757548,89.50,95.14,10,10,7,1.42+11.05=12.47,1.42+12.10=13.52,0
10,0.512759,0.757548,101.97,108.66,10,10,8,1.42+11.05=12.47,1.40+12.12=13.52,0
10,0.512759,0.757548,114.44,122.21,10,10,9,1.42+11.05=12.47,1.41+12.14=13.55,0
10,0.512759,0.757548,126.97,135.84,10,10,10,1.43+11.10=12.53,1.42+12.21=13.63,0
10,0.519757,0.759053,14.52,14.00,10,10,1,3.57+10.91=14.48,2.14+11.83=13.97,0
10,0.514171,0.758347,26.88,27.44,10,10,2,1.36+11.00=12.36,1.35+12.09=13.44,0
10,0.512903,0.759233,39.30,40.89,10,10,3,1.39+11.03=12.42,1.37+12.08=13.45,0
10,0.512903,0.759233,51.68,54.33,10,10,4,1.38+11.00=12.38,1.38+12.06=13.44,0
10,0.512903,0.759233,64.03,67.71,10,10,5,1.38+10.98=12.35,1.36+12.02=13.38,0
10,0.512903,0.759233,76.41,81.13,10,10,6,1.38+11.00=12.38,1.38+12.04=13.42,0
10,0.512903,0.759233,88.82,94.60,10,10,7,1.39+11.02=12.41,1.38+12.09=13.47,0
10,0.512903,0.759233,101.22,108.05,10,10,8,1.38+11.01=12.39,1.37+12.08=13.45,0
10,0.512903,0.759233,113.61,121.47,10,10,9,1.39+11.01=12.40,1.37+12.05=13.42,0
10,0.512903,0.759233,126.02,134.94,10,10,10,1.38+11.02=12.40,1.36+12.11=13.47,0
10,0.520197,0.762047,14.68,14.21,10,10,1,3.62+11.02=14.64,2.14+12.03=14.17,0
10,0.514563,0.758519,27.01,27.65,10,10,2,1.36+10.97=12.33,1.35+12.09=13.44,0
10,0.513006,0.759610,39.33,40.99,10,10,3,1.36+10.96=12.32,1.34+12.00=13.34,0
10,0.513006,0.759610,51.69,54.35,10,10,4,1.36+11.00=12.37,1.35+12.01=13.36,0
10,0.513006,0.759610,64.04,67.71,10,10,5,1.35+10.99=12.35,1.34+12.02=13.36,0
10,0.513006,0.759610,76.41,81.14,10,10,6,1.37+11.00=12.37,1.36+12.07=13.43,0
10,0.513006,0.759610,88.77,94.55,10,10,7,1.37+10.99=12.36,1.36+12.05=13.41,0
10,0.513006,0.759610,101.09,107.91,10,10,8,1.36+10.97=12.33,1.35+12.01=13.36,0
10,0.513006,0.759610,113.43,121.31,10,10,9,1.36+10.97=12.33,1.35+12.05=13.40,0
10,0.513006,0.759610,125.77,134.69,10,10,10,1.38+10.96=12.34,1.38+12.00=13.38,0
10,0.522865,0.764608,14.58,14.08,10,10,1,3.59+10.95=14.54,2.13+11.91=14.04,0
10,0.518366,0.762368,26.95,27.44,10,10,2,1.27+11.11=12.38,1.26+12.10=13.36,0
10,0.517623,0.764544,39.29,40.85,10,10,3,1.35+10.99=12.34,1.35+12.06=13.41,0
10,0.517929,0.761407,51.65,54.25,10,10,4,1.35+11.01=12.36,1.34+12.06=13.40,0
10,0.517929,0.761407,64.02,67.68,10,10,5,1.34+11.03=12.37,1.32+12.11=13.43,0
10,0.517929,0.761407,76.41,81.11,10,10,6,1.34+11.04=12.39,1.34+12.09=13.43,0
10,0.517929,0.761407,88.82,94.46,10,10,7,1.35+11.07=12.42,1.34+12.01=13.35,0
10,0.517929,0.761407,101.21,107.86,10,10,8,1.34+11.05=12.39,1.34+12.06=13.40,0
10,0.517929,0.761407,113.58,121.22,10,10,9,1.34+11.03=12.36,1.33+12.03=13.36,0
10,0.517929,0.761407,125.91,134.62,10,10,10,1.35+10.98=12.33,1.34+12.06=13.40,0
10,0.523937,0.765374,14.60,14.23,10,10,1,3.57+10.99=14.56,2.12+12.08=14.20,0
10,0.520097,0.765583,26.86,27.62,10,10,2,1.24+11.02=12.27,1.24+12.15=13.39,0
10,0.517334,0.765516,39.14,40.90,10,10,3,1.25+11.02=12.27,1.24+12.04=13.28,0
10,0.517334,0.765516,51.38,54.14,10,10,4,1.26+10.98=12.24,1.25+11.99=13.24,0
10,0.517334,0.765516,63.59,67.43,10,10,5,1.25+10.97=12.22,1.23+12.06=13.29,0
10,0.517334,0.765516,75.89,80.77,10,10,6,1.27+11.02=12.29,1.27+12.07=13.34,0
10,0.517334,0.765516,88.13,94.07,10,10,7,1.26+10.98=12.24,1.26+12.04=13.30,0
10,0.517334,0.765516,100.38,107.36,10,10,8,1.27+10.99=12.26,1.25+12.04=13.29,0
10,0.517334,0.765516,112.61,120.60,10,10,9,1.25+10.98=12.23,1.24+12.00=13.24,0
10,0.517334,0.765516,124.90,133.99,10,10,10,1.26+11.03=12.29,1.24+12.15=13.39,0
10,0.528953,0.765479,14.61,14.26,10,10,1,3.62+10.96=14.58,2.16+12.07=14.23,0
10,0.515029,0.802574,26.83,27.55,10,10,2,1.25+10.96=12.21,1.24+12.05=13.29,0
10,0.510720,0.787573,39.16,40.98,10,10,3,1.27+11.06=12.33,1.25+12.18=13.43,0
10,0.509837,0.788451,51.50,54.32,10,10,4,1.29+11.06=12.34,1.26+12.08=13.34,0
10,0.509837,0.788451,63.84,67.65,10,10,5,1.28+11.06=12.34,1.27+12.06=13.33,0
10,0.509837,0.788451,76.17,81.07,10,10,6,1.27+11.06=12.33,1.26+12.16=13.42,0
10,0.509837,0.788451,88.56,94.47,10,10,7,1.28+11.11=12.39,1.27+12.13=13.40,0
10,0.509837,0.788451,100.85,107.84,10,10,8,1.29+11.00=12.30,1.28+12.09=13.37,0
10,0.509837,0.788451,113.17,121.19,10,10,9,1.28+11.04=12.32,1.26+12.09=13.35,0
10,0.509837,0.788451,125.53,134.62,10,10,10,1.30+11.06=12.35,1.28+12.15=13.43,0
10,0.535081,0.780349,14.66,14.17,10,10,1,3.70+10.92=14.63,2.23+11.90=14.13,0
10,0.521437,0.806817,26.96,27.51,10,10,2,1.31+10.99=12.30,1.30+12.04=13.34,0
10,0.513013,0.791152,39.32,40.93,10,10,3,1.31+11.04=12.36,1.31+12.11=13.42,0
10,0.512925,0.791159,51.64,54.31,10,10,4,1.31+11.02=12.32,1.30+12.08=13.38,0
10,0.512925,0.791159,63.93,67.65,10,10,5,1.31+10.98=12.29,1.30+12.04=13.34,0
10,0.512925,0.791159,76.25,80.98,10,10,6,1.31+11.00=12.31,1.29+12.04=13.33,0
10,0.512925,0.791159,88.60,94.33,10,10,7,1.31+11.04=12.36,1.30+12.05=13.35,0
10,0.512925,0.791159,100.96,107.73,10,10,8,1.31+11.05=12.36,1.30+12.10=13.40,0
10,0.512925,0.791159,113.34,121.13,10,10,9,1.32+11.06=12.38,1.30+12.10=13.40,0
10,0.512925,0.791159,125.68,134.48,10,10,10,1.31+11.03=12.34,1.31+12.04=13.35,0
10,0.600750,0.845274,14.65,14.13,10,10,1,3.62+10.99=14.62,2.14+11.95=14.09,0
10,0.598621,0.837856,26.60,27.10,10,10,2,1.05+10.89=11.94,1.04+11.93=12.97,0
10,0.588179,0.838158,38.65,40.21,10,10,3,1.06+10.99=12.05,1.05+12.06=13.11,0
9,0.618901,0.856912,50.66,53.19,10,10,4,1.07+10.95=12.02,1.06+11.92=12.98,0
9,0.624483,0.864276,62.57,66.16,10,10,5,0.95+10.95=11.91,0.95+12.02=12.97,0
9,0.624470,0.864036,74.60,79.24,10,10,6,0.96+11.08=12.03,0.94+12.14=13.08,0
9,0.624509,0.863885,86.58,92.27,10,10,7,1.01+10.98=11.98,1.00+12.03=13.03,0
9,0.624509,0.863885,98.49,105.18,10,10,8,1.00+10.91=11.91,0.99+11.92=12.91,0
9,0.624509,0.863885,110.42,118.15,10,10,9,1.00+10.93=11.93,0.99+11.98=12.97,0
9,0.624509,0.863885,122.51,131.30,10,10,10,1.01+11.07=12.09,1.00+12.15=13.15,0
10,0.523334,0.715367,14.53,14.02,10,10,1,3.65+10.84=14.49,2.17+11.82=13.99,0
10,0.519625,0.693824,26.74,27.21,10,10,2,1.31+10.90=12.21,1.30+11.89=13.19,0
10,0.518125,0.695251,39.02,40.48,10,10,3,1.31+10.98=12.28,1.30+11.97=13.27,0
10,0.517489,0.693946,51.38,53.81,10,10,4,1.39+10.97=12.36,1.38+11.95=13.33,0
10,0.517489,0.693946,63.81,67.28,10,10,5,1.39+11.04=12.43,1.38+12.09=13.47,0
10,0.517489,0.693946,76.19,80.63,10,10,6,1.38+10.99=12.37,1.36+11.99=13.35,0
10,0.517489,0.693946,88.61,94.01,10,10,7,1.41+11.02=12.42,1.40+11.98=13.38,0
10,0.517489,0.693946,100.98,107.32,10,10,8,1.39+10.98=12.37,1.37+11.94=13.31,0
10,0.517489,0.693946,113.29,120.63,10,10,9,1.38+10.94=12.32,1.37+11.94=13.31,0
10,0.517489,0.693946,125.69,133.96,10,10,10,1.37+11.02=12.39,1.36+11.97=13.33,0
10,0.523334,0.715367,14.58,14.17,10,10,1,3.64+10.90=14.54,2.16+11.97=14.13,0
10,0.519547,0.693779,26.84,27.44,10,10,2,1.30+10.96=12.27,1.30+11.97=13.27,0
10,0.518951,0.692802,39.06,40.64,10,10,3,1.26+10.95=12.21,1.24+11.96=13.20,0
10,0.517841,0.693571,51.33,53.87,10,10,4,1.31+10.96=12.27,1.29+11.94=13.23,0
10,0.517841,0.693571,63.61,67.16,10,10,5,1.31+10.98=12.28,1.29+12.00=13.29,0
10,0.517841,0.693571,75.88,80.45,10,10,6,1.32+10.95=12.27,1.30+11.99=13.29,0
10,0.517841,0.693571,88.11,93.71,10,10,7,1.32+10.91=12.23,1.32+11.94=13.26,0
10,0.517841,0.693571,100.37,107.03,10,10,8,1.32+10.95=12.26,1.31+12.01=13.32,0
10,0.517841,0.693571,112.68,120.35,10,10,9,1.32+10.99=12.31,1.30+12.02=13.32,0
10,0.517841,0.693571,124.94,133.64,10,10,10,1.31+10.95=12.26,1.29+12.00=13.29,0
10,0.523308,0.715332,14.58,14.10,10,10,1,3.62+10.92=14.54,2.14+11.92=14.06,0
10,0.519974,0.693382,26.82,27.30,10,10,2,1.25+10.99=12.24,1.24+11.96=13.20,0
10,0.519262,0.692070,38.95,40.43,10,10,3,1.20+10.93=12.13,1.19+11.94=13.13,0
10,0.518231,0.692817,51.17,53.65,10,10,4,1.24+10.97=12.22,1.24+11.98=13.22,0
10,0.518231,0.692817,63.37,66.82,10,10,5,1.25+10.96=12.20,1.23+11.94=13.17,0
10,0.518231,0.692817,75.61,80.08,10,10,6,1.24+11.00=12.24,1.22+12.04=13.26,0
10,0.518231,0.692817,87.87,93.30,10,10,7,1.24+11.02=12.26,1.23+11.99=13.22,0
10,0.518231,0.692817,100.08,106.47,10,10,8,1.25+10.95=12.21,1.23+11.94=13.17,0
10,0.518231,0.692817,112.30,119.69,10,10,9,1.25+10.97=12.22,1.24+11.98=13.22,0
10,0.518231,0.692817,124.58,132.99,10,10,10,1.24+11.04=12.28,1.24+12.06=13.30,0
10,0.523748,0.718326,14.58,14.13,10,10,1,3.61+10.93=14.54,2.12+11.97=14.09,0
10,0.520255,0.693622,26.73,27.24,10,10,2,1.21+10.94=12.15,1.20+11.91=13.11,0
10,0.519327,0.691840,39.03,40.55,10,10,3,1.19+11.11=12.30,1.17+12.14=13.31,0
10,0.518299,0.692595,51.22,53.68,10,10,4,1.22+10.97=12.20,1.21+11.92=13.13,0
10,0.518299,0.692595,63.43,66.89,10,10,5,1.24+10.97=12.21,1.23+11.98=13.21,0
10,0.518299,0.692595,75.64,80.15,10,10,6,1.24+10.96=12.20,1.22+12.04=13.26,0
10,0.518299,0.692595,87.89,93.35,10,10,7,1.23+11.02=12.25,1.21+11.99=13.20,0
10,0.518299,0.692595,100.12,106.53,10,10,8,1.23+11.01=12.24,1.23+11.95=13.18,0
10,0.518299,0.692595,112.34,119.74,10,10,9,1.22+10.99=12.21,1.20+12.00=13.20,0
10,0.518299,0.692595,124.59,132.95,10,10,10,1.23+11.03=12.25,1.22+11.99=13.21,0
10,0.526886,0.721144,14.52,14.03,10,10,1,3.57+10.91=14.48,2.13+11.87=14.00,0
10,0.521474,0.706792,26.62,27.10,10,10,2,1.15+10.95=12.10,1.13+11.94=13.07,0
10,0.521274,0.708198,38.74,40.20,10,10,3,1.16+10.96=12.12,1.14+11.96=13.10,0
10,0.516456,0.702948,50.82,53.33,10,10,4,1.13+10.95=12.08,1.11+12.02=13.13,0
10,0.516456,0.702948,62.90,66.43,10,10,5,1.12+10.96=12.08,1.10+12.00=13.10,0
10,0.516456,0.702948,75.02,79.58,10,10,6,1.13+10.98=12.12,1.13+12.02=13.15,0
10,0.516456,0.702948,87.07,92.62,10,10,7,1.13+10.92=12.05,1.11+11.93=13.04,0
10,0.516456,0.702948,99.14,105.69,10,10,8,1.14+10.94=12.07,1.13+11.94=13.07,0
10,0.516456,0.702948,111.25,118.75,10,10,9,1.14+10.97=12.11,1.12+11.94=13.06,0
10,0.516456,0.702948,123.30,131.73,10,10,10,1.13+10.92=12.05,1.11+11.87=12.98,0
10,0.527488,0.721653,14.51,14.00,10,10,1,3.61+10.86=14.47,2.14+11.83=13.97,0
10,0.523774,0.708039,26.61,27.06,10,10,2,1.14+10.96=12.10,1.13+11.93=13.06,0
10,0.523129,0.708893,38.69,40.10,10,10,3,1.14+10.95=12.08,1.12+11.92=13.04,0
10,0.522406,0.707397,50.79,53.21,10,10,4,1.15+10.95=12.10,1.13+11.98=13.11,0
10,0.522406,0.707397,62.88,66.28,10,10,5,1.15+10.94=12.09,1.15+11.92=13.07,0
10,0.522406,0.707397,74.96,79.38,10,10,6,1.15+10.94=12.08,1.13+11.97=13.10,0
10,0.522406,0.707397,86.99,92.42,10,10,7,1.15+10.88=12.02,1.13+11.91=13.04,0
10,0.522406,0.707397,99.08,105.49,10,10,8,1.15+10.94=12.09,1.15+11.92=13.07,0
10,0.522406,0.707397,111.21,118.66,10,10,9,1.15+10.98=12.13,1.14+12.03=13.17,0
10,0.522406,0.707397,123.35,131.75,10,10,10,1.16+10.98=12.14,1.14+11.95=13.09,0
10,0.532504,0.721758,14.54,14.00,10,10,1,3.60+10.91=14.51,2.15+11.81=13.96,0
10,0.521048,0.729335,26.65,27.14,10,10,2,1.17+10.94=12.11,1.16+11.98=13.14,0
10,0.522883,0.697133,38.88,40.38,10,10,3,1.13+11.10=12.23,1.11+12.13=13.24,0
10,0.517375,0.699601,51.11,53.61,10,10,4,1.20+11.03=12.23,1.18+12.05=13.23,0
10,0.513250,0.694037,63.23,66.76,10,10,5,1.12+11.00=12.12,1.10+12.05=13.15,0
10,0.513250,0.694037,75.47,79.92,10,10,6,1.12+11.12=12.24,1.10+12.06=13.16,0
10,0.513250,0.694037,87.62,93.07,10,10,7,1.12+11.02=12.15,1.11+12.04=13.15,0
10,0.513250,0.694037,99.73,106.18,10,10,8,1.10+11.01=12.11,1.10+12.01=13.11,0
10,0.513250,0.694037,111.84,119.30,10,10,9,1.10+11.01=12.11,1.09+12.03=13.12,0
10,0.513250,0.694037,123.98,132.43,10,10,10,1.13+11.01=12.14,1.11+12.02=13.13,0
10,0.538966,0.736892,14.69,14.16,10,10,1,3.72+10.94=14.65,2.22+11.90=14.12,0
10,0.527486,0.732975,26.95,27.38,10,10,2,1.23+11.03=12.26,1.22+12.00=13.22,0
10,0.527486,0.732975,39.14,40.67,10,10,3,1.21+10.98=12.19,1.20+12.09=13.29,0
10,0.527486,0.732975,51.42,53.98,10,10,4,1.23+11.06=12.28,1.22+12.09=13.31,0
10,0.527486,0.732975,63.56,67.15,10,10,5,1.20+10.95=12.14,1.18+11.99=13.17,0
10,0.527486,0.732975,75.73,80.34,10,10,6,1.21+10.96=12.17,1.19+12.00=13.19,0
10,0.527486,0.732975,87.97,93.57,10,10,7,1.21+11.02=12.23,1.20+12.03=13.23,0
10,0.527486,0.732975,100.16,106.76,10,10,8,1.20+11.00=12.19,1.18+12.01=13.19,0
10,0.527486,0.732975,112.34,120.01,10,10,9,1.22+10.96=12.18,1.21+12.04=13.25,0
10,0.527486,0.732975,124.59,133.25,10,10,10,1.21+11.04=12.25,1.21+12.03=13.24,0
10,0.601636,0.845880,14.72,14.19,10,10,1,3.72+10.96=14.68,2.24+11.91=14.15,0
10,0.598364,0.838600,26.70,27.17,10,10,2,1.10+10.89=11.98,1.09+11.89=12.98,0
10,0.587951,0.839006,38.78,40.33,10,10,3,1.10+10.98=12.08,1.09+12.07=13.16,0
9,0.618802,0.857830,50.82,53.39,10,10,4,1.11+10.94=12.05,1.09+11.97=13.06,0
9,0.624668,0.864803,62.85,66.41,10,10,5,1.01+11.02=12.03,0.99+12.03=13.02,0
9,0.624165,0.865089,74.79,79.44,10,10,6,1.00+10.94=11.94,0.99+12.04=13.03,0
9,0.624119,0.865021,86.77,92.46,10,10,7,0.99+10.99=11.97,0.98+12.04=13.02,0
9,0.624119,0.865021,98.73,105.45,10,10,8,1.01+10.96=11.97,0.99+12.00=12.99,0
9,0.624119,0.865021,110.69,118.47,10,10,9,0.99+10.97=11.96,0.98+12.04=13.02,0
9,0.624119,0.865021,122.72,131.50,10,10,10,1.00+11.03=12.03,0.98+12.05=13.03,0
10,0.524468,0.694067,14.56,14.08,10,10,1,3.56+10.96=14.53,2.13+11.91=14.04,0
10,0.520541,0.696135,26.67,27.19,10,10,2,1.13+10.97=12.11,1.12+11.99=13.11,0
10,0.520902,0.693853,38.77,40.31,10,10,3,1.13+10.98=12.10,1.12+12.00=13.12,0
10,0.520902,0.693853,50.87,53.42,10,10,4,1.16+10.94=12.10,1.14+11.97=13.11,0
10,0.520902,0.693853,62.99,66.52,10,10,5,1.14+10.98=12.12,1.13+11.97=13.10,0
10,0.520902,0.693853,75.10,79.66,10,10,6,1.14+10.98=12.11,1.13+12.01=13.14,0
10,0.520902,0.693853,87.20,92.80,10,10,7,1.13+10.97=12.10,1.12+12.02=13.14,0
10,0.520902,0.693853,99.29,105.91,10,10,8,1.13+10.97=12.09,1.12+11.99=13.11,0
10,0.520902,0.693853,111.42,118.97,10,10,9,1.13+11.00=12.13,1.12+11.94=13.06,0
10,0.520902,0.693853,123.55,132.10,10,10,10,1.16+10.97=12.13,1.15+11.98=13.13,0
10,0.524468,0.694067,14.58,14.28,10,10,1,3.59+10.95=14.54,2.17+12.07=14.24,0
10,0.520541,0.696135,26.77,27.44,10,10,2,1.15+11.05=12.20,1.13+12.03=13.16,0
10,0.520902,0.693853,38.89,40.54,10,10,3,1.14+10.98=12.12,1.12+11.98=13.10,0
10,0.520902,0.693853,51.08,53.68,10,10,4,1.13+11.06=12.19,1.12+12.02=13.14,0
10,0.520902,0.693853,63.24,66.84,10,10,5,1.13+11.03=12.16,1.12+12.04=13.16,0
10,0.520902,0.693853,75.42,79.99,10,10,6,1.14+11.04=12.18,1.12+12.03=13.15,0
10,0.520902,0.693853,87.61,93.16,10,10,7,1.15+11.04=12.19,1.14+12.03=13.17,0
10,0.520902,0.693853,99.74,106.28,10,10,8,1.13+11.00=12.13,1.12+12.00=13.12,0
10,0.520902,0.693853,111.85,119.39,10,10,9,1.13+10.99=12.11,1.12+11.99=13.11,0
10,0.520902,0.693853,124.04,132.55,10,10,10,1.15+11.04=12.19,1.14+12.02=13.16,0
10,0.524468,0.694067,14.64,14.14,10,10,1,3.60+11.01=14.61,2.12+11.98=14.10,0
10,0.520541,0.696135,26.80,27.20,10,10,2,1.12+11.04=12.16,1.11+11.95=13.06,0
10,0.520902,0.693853,38.93,40.28,10,10,3,1.10+11.02=12.12,1.09+11.99=13.08,0
10,0.520902,0.693853,51.10,53.42,10,10,4,1.12+11.05=12.17,1.11+12.03=13.14,0
10,0.520902,0.693853,63.26,66.63,10,10,5,1.12+11.05=12.16,1.11+12.10=13.21,0
10,0.520902,0.693853,75.42,79.77,10,10,6,1.12+11.04=12.16,1.11+12.03=13.14,0
10,0.520902,0.693853,87.54,92.84,10,10,7,1.11+11.01=12.12,1.10+11.97=13.07,0
10,0.520902,0.693853,99.64,105.89,10,10,8,1.11+10.98=12.09,1.11+11.94=13.05,0
10,0.520902,0.693853,111.85,119.07,10,10,9,1.12+11.09=12.21,1.10+12.08=13.18,0
10,0.520902,0.693853,124.03,132.27,10,10,10,1.13+11.05=12.18,1.11+12.09=13.20,0
10,0.524908,0.697061,14.65,14.15,10,10,1,3.61+11.00=14.61,2.15+11.96=14.11,0
10,0.520961,0.695479,26.90,27.46,10,10,2,1.11+11.14=12.25,1.10+12.21=13.31,0
10,0.520723,0.694993,39.44,41.00,10,10,3,1.15+11.40=12.55,1.13+12.41=13.54,0
10,0.520723,0.694993,51.89,54.46,10,10,4,1.16+11.29=12.45,1.15+12.31=13.46,0
10,0.520723,0.694993,64.36,67.96,10,10,5,1.15+11.32=12.46,1.14+12.36=13.50,0
10,0.520723,0.694993,76.88,81.44,10,10,6,1.15+11.37=12.52,1.15+12.33=13.48,0
10,0.520723,0.694993,89.38,95.02,10,10,7,1.14+11.35=12.49,1.14+12.44=13.58,0
10,0.520723,0.694993,101.86,108.46,10,10,8,1.16+11.32=12.48,1.15+12.29=13.44,0
10,0.520723,0.694993,114.34,121.86,10,10,9,1.14+11.34=12.48,1.14+12.26=13.40,0
10,0.520723,0.694993,126.86,135.36,10,10,10,1.14+11.37=12.51,1.15+12.35=13.50,0
10,0.533165,0.699888,14.63,14.18,10,10,1,3.60+11.00=14.60,2.15+12.00=14.15,0
10,0.530504,0.701648,26.79,27.39,10,10,2,1.09+11.07=12.15,1.08+12.13=13.21,0
10,0.530504,0.701648,39.00,40.65,10,10,3,1.09+11.12=12.21,1.08+12.18=13.26,0
10,0.530504,0.701648,51.14,53.81,10,10,4,1.09+11.05=12.15,1.09+12.07=13.16,0
10,0.530504,0.701648,63.36,67.05,10,10,5,1.08+11.14=12.22,1.07+12.17=13.24,0
10,0.530504,0.701648,75.55,80.24,10,10,6,1.09+11.10=12.19,1.08+12.11=13.19,0
10,0.530504,0.701648,87.73,93.45,10,10,7,1.10+11.08=12.18,1.09+12.12=13.21,0
10,0.530504,0.701648,99.86,106.59,10,10,8,1.09+11.04=12.13,1.08+12.06=13.14,0
10,0.530504,0.701648,112.04,119.73,10,10,9,1.08+11.11=12.19,1.07+12.07=13.14,0
10,0.530504,0.701648,124.18,132.82,10,10,10,1.09+11.05=12.14,1.08+12.01=13.09,0
10,0.545791,0.705473,14.81,14.26,10,10,1,3.78+11.00=14.77,2.27+11.96=14.23,0
10,0.538656,0.705236,26.94,27.39,10,10,2,1.13+10.99=12.13,1.12+12.01=13.13,0
10,0.538656,0.705236,39.07,40.52,10,10,3,1.12+11.01=12.13,1.11+12.02=13.13,0
10,0.538656,0.705236,51.20,53.66,10,10,4,1.11+11.02=12.13,1.10+12.04=13.14,0
10,0.538656,0.705236,63.35,66.83,10,10,5,1.16+10.99=12.15,1.16+12.01=13.17,0
10,0.538656,0.705236,75.50,79.96,10,10,6,1.14+11.01=12.15,1.12+12.01=13.13,0
10,0.538656,0.705236,87.69,93.11,10,10,7,1.16+11.03=12.19,1.14+12.01=13.15,0
10,0.538656,0.705236,99.79,106.18,10,10,8,1.14+10.96=12.10,1.13+11.94=13.07,0
10,0.538656,0.705236,111.77,119.18,10,10,9,1.14+10.84=11.98,1.14+11.86=13.00,0
10,0.538656,0.705236,123.84,132.24,10,10,10,1.13+10.94=12.08,1.13+11.93=13.06,0
10,0.550807,0.705579,14.53,14.07,10,10,1,3.56+10.94=14.49,2.13+11.91=14.04,0
10,0.538722,0.702172,26.54,27.04,10,10,2,1.06+10.95=12.01,1.04+11.93=12.97,0
10,0.522921,0.695021,38.69,40.17,10,10,3,1.11+11.04=12.15,1.10+12.03=13.13,0
10,0.518761,0.692212,50.87,53.38,10,10,4,1.10+11.08=12.18,1.09+12.12=13.21,0
10,0.518743,0.692262,63.04,66.67,10,10,5,1.11+11.07=12.17,1.09+12.20=13.29,0
10,0.518743,0.692262,75.24,79.92,10,10,6,1.12+11.08=12.20,1.10+12.15=13.25,0
10,0.518743,0.692262,87.44,93.09,10,10,7,1.12+11.08=12.20,1.11+12.06=13.17,0
10,0.518743,0.692262,99.53,106.16,10,10,8,1.09+11.00=12.10,1.08+11.99=13.07,0
10,0.518743,0.692262,111.66,119.26,10,10,9,1.10+11.03=12.13,1.09+12.01=13.10,0
10,0.518743,0.692262,123.84,132.47,10,10,10,1.12+11.06=12.17,1.09+12.12=13.21,0
10,0.557269,0.720712,14.62,14.14,10,10,1,3.57+11.00=14.57,2.13+11.97=14.10,0
10,0.553309,0.707219,26.62,27.11,10,10,2,1.02+10.97=12.00,1.00+11.97=12.97,0
10,0.550068,0.710260,38.60,40.02,10,10,3,1.06+10.92=11.98,1.06+11.85=12.91,0
10,0.549870,0.710261,50.56,52.99,10,10,4,1.06+10.90=11.96,1.06+11.91=12.97,0
10,0.550022,0.710618,62.64,66.05,10,10,5,1.14+10.95=12.08,1.13+11.93=13.06,0
10,0.550022,0.710618,74.68,78.99,10,10,6,1.12+10.91=12.04,1.10+11.84=12.94,0
10,0.550022,0.710618,86.74,92.05,10,10,7,1.13+10.94=12.06,1.11+11.95=13.06,0
10,0.550022,0.710618,98.78,105.04,10,10,8,1.14+10.90=12.04,1.13+11.86=12.99,0
10,0.550022,0.710618,110.82,118.09,10,10,9,1.13+10.90=12.03,1.11+11.94=13.05,0
10,0.550022,0.710618,122.84,131.02,10,10,10,1.14+10.88=12.02,1.12+11.81=12.93,0
10,0.616899,0.836921,14.57,14.10,10,10,1,3.59+10.94=14.53,2.15+11.92=14.07,0
10,0.600763,0.813285,26.34,26.91,10,10,2,0.91+10.86=11.77,0.90+11.91=12.81,0
10,0.610384,0.853271,38.28,39.89,10,10,3,0.99+10.94=11.94,0.98+12.00=12.98,0
10,0.604015,0.849641,50.27,52.87,10,10,4,1.00+10.99=11.99,0.99+11.99=12.98,0
10,0.590110,0.813214,62.42,66.08,10,10,5,1.07+11.09=12.16,1.05+12.16=13.21,0
10,0.590107,0.813215,74.57,79.24,10,10,6,1.06+11.08=12.15,1.05+12.11=13.16,0
10,0.590107,0.813215,86.62,92.32,10,10,7,1.05+10.99=12.04,1.05+12.03=13.08,0
10,0.590107,0.813215,98.62,105.40,10,10,8,1.05+10.95=12.00,1.04+12.04=13.08,0
10,0.590107,0.813215,110.71,118.51,10,10,9,1.06+11.03=12.09,1.04+12.06=13.10,0
10,0.590107,0.813215,122.80,131.62,10,10,10,1.06+11.03=12.09,1.05+12.06=13.11,0
10,0.532776,0.699606,14.61,14.22,10,10,1,3.62+10.96=14.57,2.16+12.02=14.18,0
10,0.530440,0.702844,26.78,27.38,10,10,2,1.13+11.03=12.17,1.11+12.05=13.16,0
10,0.530197,0.702368,38.88,40.56,10,10,3,1.12+10.98=12.11,1.12+12.06=13.18,0
10,0.530197,0.702368,50.96,53.64,10,10,4,1.12+10.96=12.07,1.11+11.97=13.08,0
10,0.530197,0.702368,63.05,66.71,10,10,5,1.11+10.98=12.09,1.10+11.97=13.07,0
10,0.530197,0.702368,75.15,79.86,10,10,6,1.12+10.98=12.11,1.12+12.03=13.15,0
10,0.530197,0.702368,87.26,93.00,10,10,7,1.12+10.99=12.11,1.10+12.04=13.14,0
10,0.530197,0.702368,99.34,106.13,10,10,8,1.13+10.95=12.08,1.11+12.02=13.13,0
10,0.530197,0.702368,111.52,119.24,10,10,9,1.12+11.07=12.18,1.11+12.00=13.11,0
10,0.530197,0.702368,123.72,132.44,10,10,10,1.12+11.08=12.20,1.10+12.10=13.20,0
10,0.535420,0.701739,14.60,14.11,10,10,1,3.61+10.96=14.57,2.13+11.94=14.07,0
10,0.532999,0.705188,26.68,27.19,10,10,2,1.07+11.01=12.07,1.07+12.01=13.08,0
10,0.532742,0.704704,38.79,40.29,10,10,3,1.06+11.05=12.11,1.06+12.04=13.10,0
10,0.532742,0.704704,50.82,53.32,10,10,4,1.06+10.97=12.03,1.06+11.97=13.03,0
10,0.532742,0.704704,62.81,66.35,10,10,5,1.06+10.93=11.99,1.05+11.98=13.03,0
10,0.532742,0.704704,74.84,79.32,10,10,6,1.07+10.96=12.03,1.06+11.91=12.97,0
10,0.532742,0.704704,86.85,92.40,10,10,7,1.08+10.94=12.01,1.07+12.01=13.08,0
10,0.532742,0.704704,98.91,105.48,10,10,8,1.05+11.00=12.05,1.04+12.04=13.08,0
10,0.532742,0.704704,110.92,118.52,10,10,9,1.07+10.94=12.01,1.06+11.98=13.04,0
10,0.532742,0.704704,122.98,131.55,10,10,10,1.06+11.01=12.06,1.05+11.98=13.03,0
10,0.535420,0.701739,14.63,14.15,10,10,1,3.60+11.00=14.60,2.14+11.97=14.11,0
10,0.532999,0.705188,26.75,27.25,10,10,2,1.09+11.02=12.11,1.07+12.03=13.10,0
10,0.532742,0.704704,38.85,40.37,10,10,3,1.06+11.04=12.11,1.05+12.07=13.12,0
10,0.532742,0.704704,50.98,53.50,10,10,4,1.07+11.05=12.12,1.07+12.06=13.13,0
10,0.532742,0.704704,63.09,66.68,10,10,5,1.07+11.04=12.12,1.06+12.12=13.18,0
10,0.532742,0.704704,75.15,79.75,10,10,6,1.07+10.99=12.06,1.06+12.01=13.07,0
10,0.532742,0.704704,87.23,92.89,10,10,7,1.08+11.01=12.08,1.07+12.07=13.14,0
10,0.532742,0.704704,99.35,105.96,10,10,8,1.08+11.04=12.12,1.06+12.01=13.07,0
10,0.532742,0.704704,111.50,119.16,10,10,9,1.07+11.08=12.15,1.07+12.13=13.20,0
10,0.532742,0.704704,123.63,132.31,10,10,10,1.07+11.06=12.13,1.07+12.08=13.15,0
10,0.535420,0.701739,14.56,14.28,10,10,1,3.53+10.99=14.53,2.12+12.12=14.24,0
10,0.532999,0.705188,26.68,27.46,10,10,2,1.10+11.01=12.12,1.09+12.09=13.18,0
10,0.532742,0.704704,38.79,40.52,10,10,3,1.09+11.02=12.11,1.07+11.99=13.06,0
10,0.532742,0.704704,50.92,53.64,10,10,4,1.07+11.06=12.13,1.06+12.06=13.12,0
10,0.532742,0.704704,63.06,66.76,10,10,5,1.07+11.06=12.14,1.06+12.06=13.12,0
10,0.532742,0.704704,75.19,80.03,10,10,6,1.08+11.06=12.14,1.07+12.20=13.27,0
10,0.532742,0.704704,87.36,93.23,10,10,7,1.08+11.09=12.17,1.05+12.15=13.20,0
10,0.532742,0.704704,99.46,106.36,10,10,8,1.09+11.01=12.10,1.07+12.06=13.13,0
10,0.532742,0.704704,111.59,119.48,10,10,9,1.08+11.06=12.14,1.07+12.05=13.12,0
10,0.532742,0.704704,123.76,132.66,10,10,10,1.07+11.10=12.17,1.06+12.12=13.18,0
10,0.535809,0.702021,14.60,14.03,10,10,1,3.55+11.00=14.54,2.12+11.87=13.99,0
10,0.533030,0.703970,26.61,27.02,10,10,2,1.02+10.99=12.01,1.01+11.98=12.99,0
10,0.533030,0.703970,38.69,40.06,10,10,3,1.03+11.04=12.08,1.02+12.02=13.04,0
10,0.533030,0.703970,50.71,53.06,10,10,4,1.03+10.99=12.02,1.01+11.99=13.00,0
10,0.533030,0.703970,62.74,66.14,10,10,5,1.04+10.99=12.03,1.02+12.06=13.08,0
10,0.533030,0.703970,74.83,79.33,10,10,6,1.03+11.06=12.09,1.02+12.17=13.19,0
10,0.533030,0.703970,86.96,92.50,10,10,7,1.03+11.10=12.13,1.02+12.15=13.17,0
10,0.533030,0.703970,99.01,105.57,10,10,8,1.03+11.01=12.04,1.03+12.04=13.07,0
10,0.533030,0.703970,111.11,118.75,10,10,9,1.04+11.07=12.11,1.02+12.16=13.18,0
10,0.533030,0.703970,123.16,131.78,10,10,10,1.03+11.02=12.05,1.01+12.02=13.03,0
10,0.548435,0.707606,14.61,14.20,10,10,1,3.65+10.93=14.58,2.16+12.00=14.16,0
10,0.545390,0.709414,26.58,27.18,10,10,2,1.02+10.95=11.97,1.01+11.97=12.98,0
10,0.545339,0.709413,38.55,40.20,10,10,3,1.01+10.95=11.97,1.00+12.02=13.02,0
10,0.545339,0.709413,50.56,53.21,10,10,4,1.04+10.97=12.02,1.02+11.99=13.01,0
10,0.545339,0.709413,62.53,66.24,10,10,5,1.03+10.94=11.97,1.02+12.01=13.03,0
10,0.545339,0.709413,74.55,79.23,10,10,6,1.04+10.98=12.02,1.02+11.97=12.99,0
10,0.545339,0.709413,86.57,92.21,10,10,7,1.03+10.99=12.02,1.02+11.96=12.98,0
10,0.545339,0.709413,98.54,105.21,10,10,8,1.02+10.95=11.97,1.02+11.98=13.00,0
10,0.545339,0.709413,110.52,118.19,10,10,9,1.02+10.96=11.98,1.02+11.96=12.98,0
10,0.545339,0.709413,122.53,131.20,10,10,10,1.02+10.98=12.00,1.01+12.00=13.01,0
10,0.553451,0.707711,14.63,14.11,10,10,1,3.64+10.96=14.60,2.16+11.92=14.08,0
10,0.548472,0.707908,26.71,27.18,10,10,2,1.01+11.07=12.08,0.99+12.08=13.07,0
10,0.529610,0.700134,38.74,40.22,10,10,3,0.99+11.03=12.03,0.99+12.05=13.04,0
10,0.530564,0.701620,50.76,53.35,10,10,4,1.02+11.00=12.02,1.01+12.12=13.13,0
10,0.530543,0.701603,62.71,66.39,10,10,5,0.96+10.99=11.95,0.95+12.09=13.04,0
10,0.530543,0.701603,74.75,79.43,10,10,6,0.96+11.07=12.03,0.95+12.09=13.04,0
10,0.530543,0.701603,86.82,92.59,10,10,7,0.96+11.11=12.08,0.96+12.20=13.16,0
10,0.530543,0.701603,98.83,105.64,10,10,8,0.97+11.04=12.01,0.96+12.09=13.05,0
10,0.530543,0.701603,110.84,118.64,10,10,9,0.95+11.06=12.01,0.93+12.07=13.00,0
10,0.530543,0.701603,122.85,131.81,10,10,10,0.95+11.07=12.02,0.94+12.23=13.17,0
10,0.559913,0.722845,14.57,14.09,10,10,1,3.62+10.91=14.53,2.14+11.92=14.06,0
10,0.553868,0.717869,26.57,27.19,10,10,2,0.99+11.02=12.00,0.97+12.13=13.10,0
10,0.553368,0.716825,38.62,40.36,10,10,3,0.98+11.07=12.05,0.97+12.20=13.17,0
10,0.529972,0.704744,50.66,53.40,10,10,4,1.00+11.03=12.03,0.98+12.06=13.04,0
10,0.529644,0.704638,62.70,66.48,10,10,5,0.99+11.06=12.05,0.99+12.09=13.08,0
10,0.529644,0.704638,74.68,79.49,10,10,6,0.98+11.00=11.98,0.97+12.04=13.01,0
10,0.529644,0.704638,86.77,92.72,10,10,7,1.00+11.08=12.08,0.99+12.24=13.23,0
10,0.529644,0.704638,98.80,105.84,10,10,8,0.99+11.04=12.03,0.98+12.14=13.12,0
10,0.529644,0.704638,110.86,118.98,10,10,9,0.98+11.09=12.07,0.96+12.18=13.14,0
10,0.529644,0.704638,122.91,132.12,10,10,10,0.99+11.06=12.05,0.97+12.17=13.14,0
10,0.629567,0.844609,14.72,14.25,10,10,1,3.63+11.06=14.69,2.16+12.06=14.22,0
10,0.621392,0.838265,26.66,27.29,10,10,2,0.89+11.05=11.94,0.87+12.17=13.04,0
10,0.609577,0.827957,38.71,40.35,10,10,3,0.95+11.10=12.05,0.95+12.11=13.06,0
10,0.611363,0.827120,50.71,53.41,10,10,4,0.94+11.06=12.00,0.92+12.14=13.06,0
10,0.607601,0.833369,62.55,66.30,10,10,5,0.95+10.89=11.84,0.95+11.94=12.89,0
10,0.607449,0.833578,74.43,79.15,10,10,6,0.95+10.93=11.88,0.93+11.92=12.85,0
10,0.607449,0.833578,86.24,91.99,10,10,7,0.94+10.87=11.81,0.93+11.91=12.84,0
10,0.607449,0.833578,98.09,104.78,10,10,8,0.95+10.90=11.85,0.93+11.86=12.79,0
10,0.607449,0.833578,109.95,117.60,10,10,9,0.95+10.91=11.86,0.94+11.87=12.81,0
10,0.607449,0.833578,121.87,130.51,10,10,10,0.94+10.97=11.91,0.93+11.98=12.91,0
10,0.535809,0.702021,14.67,14.26,10,10,1,3.57+11.06=14.63,2.13+12.09=14.22,0
10,0.533030,0.703970,26.68,27.21,10,10,2,1.02+11.00=12.01,1.01+11.94=12.95,0
10,0.533030,0.703970,38.74,40.34,10,10,3,1.02+11.03=12.06,1.01+12.12=13.13,0
10,0.533030,0.703970,50.83,53.47,10,10,4,1.04+11.05=12.09,1.03+12.10=13.13,0
10,0.533030,0.703970,62.92,66.60,10,10,5,1.02+11.07=12.09,1.01+12.12=13.13,0
10,0.533030,0.703970,75.06,79.76,10,10,6,1.03+11.11=12.14,1.02+12.14=13.16,0
10,0.533030,0.703970,87.13,92.92,10,10,7,1.03+11.05=12.08,1.02+12.14=13.16,0
10,0.533030,0.703970,99.24,105.96,10,10,8,1.03+11.08=12.11,1.03+12.01=13.04,0
10,0.533030,0.703970,111.37,119.15,10,10,9,1.03+11.10=12.13,1.02+12.17=13.19,0
10,0.533030,0.703970,123.52,132.33,10,10,10,1.03+11.13=12.15,1.02+12.16=13.18,0
10,0.535809,0.702021,14.61,14.15,10,10,1,3.61+10.96=14.57,2.14+11.97=14.11,0
10,0.533030,0.703970,26.64,27.17,10,10,2,1.05+10.99=12.03,1.04+11.98=13.02,0
10,0.533030,0.703970,38.71,40.29,10,10,3,1.04+11.03=12.07,1.03+12.09=13.12,0
10,0.533030,0.703970,50.69,53.39,10,10,4,1.02+10.95=11.98,1.00+12.10=13.10,0
10,0.533030,0.703970,62.73,66.48,10,10,5,1.04+11.00=12.04,1.03+12.06=13.09,0
10,0.533030,0.703970,74.69,79.49,10,10,6,1.04+10.93=11.97,1.02+11.99=13.01,0
10,0.533030,0.703970,86.80,92.63,10,10,7,1.03+11.08=12.10,1.01+12.13=13.14,0
10,0.533030,0.703970,98.77,105.56,10,10,8,1.04+10.93=11.97,1.03+11.90=12.93,0
10,0.533030,0.703970,110.82,118.55,10,10,9,1.03+11.03=12.05,1.03+11.96=12.99,0
10,0.533030,0.703970,122.79,131.61,10,10,10,1.04+10.93=11.97,1.04+12.02=13.06,0
10,0.535809,0.702021,14.57,14.14,10,10,1,3.58+10.95=14.53,2.15+11.97=14.12,0
10,0.533030,0.703970,26.58,27.16,10,10,2,1.04+10.97=12.02,1.02+12.00=13.02,0
10,0.533030,0.703970,38.61,40.17,10,10,3,1.04+10.99=12.03,1.02+11.99=13.01,0
10,0.533030,0.703970,50.63,53.30,10,10,4,1.04+10.98=12.02,1.03+12.10=13.13,0
10,0.533030,0.703970,62.69,66.38,10,10,5,1.04+11.01=12.05,1.03+12.05=13.08,0
10,0.533030,0.703970,74.70,79.37,10,10,6,1.04+10.97=12.01,1.05+11.94=12.99,0
10,0.533030,0.703970,86.69,92.43,10,10,7,1.04+10.95=11.98,1.03+12.03=13.06,0
10,0.533030,0.703970,98.77,105.52,10,10,8,1.04+11.04=12.08,1.04+12.05=13.09,0
10,0.533030,0.703970,110.83,118.58,10,10,9,1.05+11.01=12.06,1.05+12.01=13.06,0
10,0.533030,0.703970,122.92,131.72,10,10,10,1.03+11.05=12.08,1.02+12.12=13.14,0
10,0.536543,0.702573,14.50,14.08,10,10,1,3.55+10.92=14.47,2.12+11.92=14.04,0
10,0.533612,0.704180,26.55,27.11,10,10,2,1.04+11.01=12.05,1.02+12.01=13.03,0
10,0.533612,0.704180,38.54,40.18,10,10,3,1.03+10.96=11.99,1.02+12.05=13.07,0
10,0.533612,0.704180,50.49,53.14,10,10,4,1.03+10.92=11.95,1.01+11.95=12.96,0
10,0.533612,0.704180,62.51,66.16,10,10,5,1.04+10.98=12.02,1.02+12.00=13.02,0
10,0.533612,0.704180,74.57,79.26,10,10,6,1.04+11.02=12.06,1.04+12.06=13.10,0
10,0.533612,0.704180,86.60,92.34,10,10,7,1.04+11.00=12.03,1.03+12.05=13.08,0
10,0.533612,0.704180,98.59,105.39,10,10,8,1.02+10.97=11.99,1.01+12.04=13.05,0
10,0.533612,0.704180,110.56,118.36,10,10,9,1.03+10.94=11.97,1.02+11.95=12.97,0
10,0.533612,0.704180,122.58,131.39,10,10,10,1.05+10.97=12.02,1.03+12.00=13.03,0
10,0.536543,0.702573,14.64,14.18,10,10,1,3.65+10.94=14.60,2.17+11.97=14.14,0
10,0.533612,0.704180,26.67,27.26,10,10,2,1.06+10.97=12.03,1.05+12.03=13.08,0
10,0.533612,0.704180,38.72,40.32,10,10,3,1.06+10.99=12.05,1.05+12.01=13.06,0
10,0.533612,0.704180,50.73,53.33,10,10,4,1.06+10.96=12.01,1.04+11.97=13.01,0
10,0.533612,0.704180,62.75,66.40,10,10,5,1.04+10.98=12.02,1.03+12.04=13.07,0
10,0.533612,0.704180,74.81,79.44,10,10,6,1.05+11.01=12.06,1.03+12.01=13.04,0
10,0.533612,0.704180,86.92,92.59,10,10,7,1.06+11.06=12.11,1.05+12.10=13.15,0
10,0.533612,0.704180,98.96,105.62,10,10,8,1.04+10.99=12.04,1.03+12.00=13.03,0
10,0.533612,0.704180,111.00,118.69,10,10,9,1.05+11.00=12.05,1.04+12.03=13.07,0
10,0.533612,0.704180,123.03,131.70,10,10,10,1.03+10.99=12.03,1.03+11.98=13.01,0
10,0.548435,0.707606,14.65,14.20,10,10,1,3.63+10.99=14.61,2.14+12.02=14.16,0
10,0.545770,0.709698,26.65,27.18,10,10,2,1.03+10.98=12.00,1.02+11.96=12.98,0
10,0.545238,0.708697,38.65,40.13,10,10,3,0.99+11.00=11.99,0.99+11.96=12.95,0
10,0.524562,0.701075,50.69,53.22,10,10,4,1.01+11.04=12.04,1.00+12.09=13.09,0
10,0.522779,0.701641,62.83,66.46,10,10,5,1.02+11.12=12.14,1.00+12.24=13.24,0
10,0.522779,0.701641,74.88,79.60,10,10,6,1.00+11.05=12.05,0.99+12.15=13.14,0
10,0.522779,0.701641,86.90,92.66,10,10,7,1.02+11.01=12.03,1.00+12.06=13.06,0
10,0.522779,0.701641,98.94,105.75,10,10,8,1.01+11.03=12.04,1.00+12.09=13.09,0
10,0.522779,0.701641,111.04,118.87,10,10,9,1.01+11.08=12.10,1.00+12.12=13.12,0
10,0.522779,0.701641,123.14,131.99,10,10,10,1.00+11.10=12.10,0.99+12.13=13.12,0
10,0.553451,0.707711,14.62,14.12,10,10,1,3.60+10.99=14.59,2.13+11.96=14.09,0
10,0.548472,0.707908,26.61,27.16,10,10,2,1.00+10.99=11.99,1.00+12.04=13.04,0
10,0.540060,0.702811,38.68,40.24,10,10,3,0.99+11.08=12.07,0.98+12.10=13.08,0
10,0.551939,0.706510,50.57,53.16,10,10,4,1.00+10.89=11.88,0.99+11.93=12.92,0
10,0.544884,0.700412,62.50,66.12,10,10,5,0.99+10.94=11.93,0.98+11.98=12.96,0
10,0.544884,0.700412,74.46,79.12,10,10,6,1.00+10.96=11.96,0.98+12.02=13.00,0
10,0.544884,0.700412,86.40,92.08,10,10,7,0.99+10.96=11.94,0.97+11.99=12.96,0
10,0.544884,0.700412,98.32,104.97,10,10,8,0.99+10.93=11.92,0.98+11.91=12.89,0
10,0.544884,0.700412,110.24,117.93,10,10,9,0.99+10.92=11.92,0.99+11.97=12.96,0
10,0.544884,0.700412,122.19,130.86,10,10,10,1.00+10.95=11.95,0.98+11.95=12.93,0
10,0.559913,0.722845,14.63,14.19,10,10,1,3.63+10.96=14.59,2.15+12.00=14.15,0
10,0.553868,0.717869,26.55,27.12,10,10,2,0.99+10.93=11.92,0.97+11.96=12.93,0
10,0.553368,0.716825,38.52,40.05,10,10,3,0.96+11.01=11.97,0.96+11.97=12.93,0
10,0.529972,0.704744,50.56,53.13,10,10,4,0.99+11.05=12.04,0.98+12.10=13.08,0
10,0.529644,0.704638,62.61,66.25,10,10,5,0.97+11.08=12.05,0.96+12.16=13.12,0
10,0.529644,0.704638,74.68,79.36,10,10,6,0.98+11.08=12.06,0.97+12.14=13.11,0
10,0.529644,0.704638,86.77,92.49,10,10,7,0.98+11.12=12.10,0.97+12.16=13.13,0
10,0.529644,0.704638,98.84,105.59,10,10,8,0.99+11.08=12.07,0.96+12.14=13.10,0
10,0.529644,0.704638,110.91,118.82,10,10,9,0.99+11.07=12.07,0.97+12.26=13.23,0
10,0.529644,0.704638,122.92,131.90,10,10,10,0.99+11.03=12.01,0.97+12.11=13.08,0
10,0.631693,0.845910,14.62,14.26,10,10,1,3.59+11.00=14.58,2.13+12.08=14.21,0
9,0.621960,0.838886,26.53,27.24,10,10,2,0.86+11.05=11.91,0.85+12.13=12.98,0
9,0.615943,0.832633,38.47,40.20,10,10,3,0.88+11.05=11.94,0.87+12.09=12.96,0
9,0.624961,0.844399,50.38,53.06,10,10,4,0.89+11.02=11.91,0.88+11.98=12.86,0
9,0.616164,0.845147,62.21,65.86,10,10,5,0.84+10.99=11.83,0.82+11.98=12.80,0
9,0.616164,0.845147,74.01,78.65,10,10,6,0.83+10.97=11.80,0.82+11.97=12.79,0
9,0.616164,0.845147,85.86,91.43,10,10,7,0.83+11.03=11.85,0.82+11.96=12.78,0
9,0.616164,0.845147,97.67,104.29,10,10,8,0.83+10.99=11.81,0.82+12.04=12.86,0
9,0.616164,0.845147,109.51,117.11,10,10,9,0.84+11.00=11.84,0.82+12.00=12.82,0
9,0.616164,0.845147,121.35,129.94,10,10,10,0.84+11.00=11.84,0.84+11.99=12.83,0
10,0.536544,0.702574,14.54,14.13,10,10,1,3.61+10.90=14.50,2.14+11.96=14.10,0
10,0.533613,0.704182,26.56,27.19,10,10,2,1.02+11.00=12.02,1.01+12.05=13.06,0
10,0.533613,0.704182,38.58,40.20,10,10,3,1.01+11.01=12.02,0.99+12.02=13.01,0
10,0.533613,0.704182,50.54,53.18,10,10,4,1.02+10.94=11.96,1.02+11.96=12.98,0
10,0.533613,0.704182,62.51,66.12,10,10,5,1.02+10.96=11.98,1.00+11.94=12.94,0
10,0.533613,0.704182,74.53,79.19,10,10,6,1.03+10.99=12.02,1.01+12.06=13.07,0
10,0.533613,0.704182,86.55,92.23,10,10,7,1.01+11.01=12.02,1.01+12.03=13.04,0
10,0.533613,0.704182,98.51,105.24,10,10,8,1.01+10.96=11.97,0.99+12.02=13.01,0
10,0.533613,0.704182,110.52,118.22,10,10,9,1.01+10.99=12.00,1.00+11.98=12.98,0
10,0.533613,0.704182,122.53,131.23,10,10,10,1.02+11.00=12.02,1.01+12.00=13.01,0
10,0.536544,0.702574,14.62,14.18,10,10,1,3.60+10.99=14.59,2.14+12.00=14.14,0
10,0.533613,0.704182,26.54,27.07,10,10,2,1.02+10.90=11.92,1.01+11.88=12.89,0
10,0.533613,0.704182,38.48,40.05,10,10,3,1.04+10.90=11.93,1.01+11.97=12.98,0
10,0.533613,0.704182,50.37,52.99,10,10,4,1.01+10.88=11.89,1.01+11.93=12.94,0
10,0.533613,0.704182,62.32,65.96,10,10,5,1.02+10.93=11.95,1.01+11.96=12.97,0
10,0.533613,0.704182,74.27,78.98,10,10,6,1.02+10.92=11.94,1.01+12.01=13.02,0
10,0.533613,0.704182,86.21,91.97,10,10,7,1.02+10.92=11.94,1.00+11.99=12.99,0
10,0.533613,0.704182,98.11,104.89,10,10,8,1.02+10.89=11.91,1.01+11.91=12.92,0
10,0.533613,0.704182,110.14,117.87,10,10,9,1.05+10.97=12.02,1.03+11.95=12.98,0
10,0.533613,0.704182,122.05,130.87,10,10,10,1.02+10.90=11.92,1.01+11.99=13.00,0
10,0.536544,0.702574,14.58,14.07,10,10,1,3.60+10.95=14.55,2.15+11.89=14.04,0
10,0.533613,0.704182,26.61,27.04,10,10,2,1.04+10.99=12.02,1.02+11.95=12.97,0
10,0.533613,0.704182,38.57,39.98,10,10,3,1.03+10.94=11.97,1.01+11.92=12.93,0
10,0.533613,0.704182,50.52,52.95,10,10,4,1.02+10.93=11.95,1.01+11.96=12.97,0
10,0.533613,0.704182,62.49,66.02,10,10,5,1.03+10.94=11.96,1.01+12.06=13.07,0
10,0.533613,0.704182,74.48,78.99,10,10,6,1.01+10.98=11.99,1.00+11.97=12.97,0
10,0.533613,0.704182,86.46,92.09,10,10,7,1.04+10.94=11.98,1.02+12.08=13.10,0
10,0.533613,0.704182,98.43,105.06,10,10,8,1.03+10.94=11.97,1.01+11.96=12.97,0
10,0.533613,0.704182,110.45,118.14,10,10,9,1.02+10.99=12.02,1.01+12.07=13.08,0
10,0.533613,0.704182,122.49,131.18,10,10,10,1.03+11.00=12.03,1.02+12.02=13.04,0
10,0.536544,0.702574,14.50,14.04,10,10,1,3.57+10.89=14.46,2.13+11.87=14.00,0
10,0.533613,0.704182,26.51,26.98,10,10,2,1.02+10.99=12.01,1.01+11.93=12.94,0
10,0.533613,0.704182,38.49,39.99,10,10,3,1.02+10.96=11.98,1.00+12.01=13.01,0
10,0.533613,0.704182,50.46,52.98,10,10,4,1.03+10.95=11.97,1.02+11.97=12.99,0
10,0.533613,0.704182,62.42,65.98,10,10,5,1.04+10.92=11.96,1.02+11.98=13.00,0
10,0.533613,0.704182,74.46,79.02,10,10,6,1.03+11.01=12.03,1.01+12.03=13.04,0
10,0.533613,0.704182,86.47,92.10,10,10,7,1.02+10.99=12.01,1.01+12.07=13.08,0
10,0.533613,0.704182,98.44,105.12,10,10,8,1.02+10.95=11.97,1.01+12.01=13.02,0
10,0.533613,0.704182,110.45,118.10,10,10,9,1.02+11.00=12.01,1.00+11.98=12.98,0
10,0.533613,0.704182,122.55,131.16,10,10,10,1.04+11.06=12.10,1.03+12.03=13.06,0
10,0.536544,0.702574,14.73,14.23,10,10,1,3.62+11.07=14.69,2.13+12.07=14.20,0
10,0.533613,0.704182,26.79,27.21,10,10,2,1.01+11.05=12.06,0.99+11.99=12.98,0
10,0.533613,0.704182,38.78,40.19,10,10,3,1.03+10.96=11.99,1.00+11.98=12.98,0
10,0.533613,0.704182,50.77,53.24,10,10,4,1.03+10.96=12.00,1.02+12.03=13.05,0
10,0.533613,0.704182,62.82,66.24,10,10,5,1.02+11.03=12.04,1.01+11.99=13.00,0
10,0.533613,0.704182,74.84,79.23,10,10,6,1.03+11.00=12.02,1.00+11.99=12.99,0
10,0.533613,0.704182,86.84,92.25,10,10,7,1.00+11.00=12.00,1.00+12.02=13.02,0
10,0.533613,0.704182,98.81,105.24,10,10,8,1.03+10.94=11.96,1.02+11.97=12.99,0
10,0.533613,0.704182,110.82,118.26,10,10,9,1.04+10.98=12.02,1.02+12.00=13.02,0
10,0.533613,0.704182,122.79,131.22,10,10,10,1.02+10.95=11.97,1.01+11.95=12.96,0
10,0.548435,0.707606,14.74,14.28,10,10,1,3.68+11.02=14.70,2.17+12.07=14.24,0
10,0.545770,0.709698,26.79,27.37,10,10,2,1.04+11.02=12.05,1.02+12.07=13.09,0
10,0.545238,0.708697,38.85,40.38,10,10,3,1.01+11.04=12.06,1.01+12.00=13.01,0
10,0.524562,0.701075,50.94,53.55,10,10,4,1.01+11.08=12.09,1.00+12.17=13.17,0
10,0.522779,0.701641,63.09,66.77,10,10,5,1.01+11.14=12.15,1.00+12.22=13.22,0
10,0.522779,0.701641,75.21,79.90,10,10,6,1.00+11.12=12.12,1.00+12.13=13.13,0
10,0.522779,0.701641,87.32,92.99,10,10,7,1.03+11.07=12.11,1.02+12.07=13.09,0
10,0.522779,0.701641,99.42,106.10,10,10,8,1.03+11.07=12.10,1.01+12.10=13.11,0
10,0.522779,0.701641,111.57,119.38,10,10,9,1.01+11.14=12.15,1.01+12.27=13.28,0
10,0.522779,0.701641,123.65,132.38,10,10,10,1.01+11.07=12.08,0.99+12.01=13.00,0
10,0.553451,0.707711,14.64,14.15,10,10,1,3.60+11.01=14.61,2.13+11.99=14.12,0
10,0.548472,0.707908,26.71,27.21,10,10,2,1.01+11.06=12.07,0.99+12.07=13.06,0
10,0.545767,0.714371,38.72,40.35,10,10,3,0.98+11.03=12.01,0.96+12.18=13.14,0
10,0.530590,0.701597,50.70,53.34,10,10,4,0.95+11.03=11.98,0.94+12.05=12.99,0
10,0.530543,0.701603,62.66,66.39,10,10,5,0.95+11.01=11.96,0.93+12.12=13.05,0
10,0.530543,0.701603,74.71,79.45,10,10,6,0.97+11.08=12.05,0.95+12.11=13.06,0
10,0.530543,0.701603,86.66,92.49,10,10,7,0.94+11.01=11.95,0.93+12.11=13.04,0
10,0.530543,0.701603,98.65,105.57,10,10,8,0.95+11.03=11.99,0.94+12.14=13.08,0
10,0.530543,0.701603,110.65,118.65,10,10,9,0.96+11.04=12.00,0.95+12.13=13.08,0
10,0.530543,0.701603,122.70,131.76,10,10,10,0.97+11.08=12.05,0.95+12.16=13.11,0
10,0.559913,0.722845,14.59,14.11,10,10,1,3.60+10.95=14.56,2.15+11.93=14.08,0
10,0.553868,0.717869,26.60,27.18,10,10,2,0.98+11.02=12.01,0.98+12.09=13.07,0
10,0.553518,0.716948,38.55,40.17,10,10,3,0.97+10.99=11.95,0.96+12.03=12.99,0
10,0.553681,0.717051,50.57,53.15,10,10,4,0.98+11.04=12.01,0.96+12.02=12.98,0
10,0.553665,0.717066,62.55,66.12,10,10,5,0.98+11.00=11.98,0.96+12.01=12.97,0
10,0.553665,0.717066,74.53,79.14,10,10,6,0.97+11.02=11.98,0.97+12.05=13.02,0
10,0.553665,0.717066,86.61,92.21,10,10,7,0.98+11.10=12.08,0.98+12.09=13.07,0
10,0.553665,0.717066,98.59,105.29,10,10,8,0.98+11.00=11.98,0.97+12.11=13.08,0
10,0.553665,0.717066,110.55,118.26,10,10,9,0.98+10.98=11.95,0.97+12.00=12.97,0
10,0.553665,0.717066,122.50,131.27,10,10,10,0.97+10.99=11.95,0.96+12.05=13.01,0
10,0.631693,0.845910,14.61,14.09,10,10,1,3.58+11.00=14.57,2.12+11.93=14.05,0
9,0.621960,0.838886,26.51,27.02,10,10,2,0.85+11.05=11.90,0.85+12.08=12.93,0
9,0.630202,0.838789,38.47,40.07,10,10,3,0.89+11.07=11.96,0.87+12.18=13.05,0
9,0.608954,0.825103,50.34,52.96,10,10,4,0.83+11.04=11.88,0.83+12.06=12.89,0
9,0.608954,0.825103,62.29,65.97,10,10,5,0.85+11.10=11.95,0.83+12.18=13.01,0
9,0.608954,0.825103,74.18,78.90,10,10,6,0.83+11.05=11.89,0.82+12.11=12.93,0
9,0.608954,0.825103,86.04,91.80,10,10,7,0.83+11.03=11.86,0.82+12.08=12.90,0
9,0.608954,0.825103,97.95,104.80,10,10,8,0.83+11.08=11.91,0.83+12.17=13.00,0
9,0.608954,0.825103,109.87,117.72,10,10,9,0.84+11.08=11.93,0.83+12.09=12.92,0
9,0.608954,0.825103,121.77,130.70,10,10,10,0.84+11.05=11.89,0.83+12.15=12.98,0
10,0.553451,0.707711,14.60,14.19,10,10,1,3.59+10.97=14.56,2.14+12.02=14.16,0
10,0.548472,0.707908,26.67,27.18,10,10,2,1.03+11.04=12.07,1.00+11.99=12.99,0
10,0.535369,0.704160,38.75,40.34,10,10,3,1.00+11.08=12.08,1.00+12.16=13.16,0
10,0.530543,0.701603,50.78,53.52,10,10,4,0.97+11.06=12.03,0.96+12.22=13.18,0
10,0.530543,0.701603,62.81,66.55,10,10,5,0.97+11.06=12.03,0.95+12.08=13.03,0
10,0.530543,0.701603,74.84,79.69,10,10,6,0.98+11.05=12.04,0.96+12.18=13.14,0
10,0.530543,0.701603,86.91,92.91,10,10,7,0.98+11.08=12.06,0.97+12.25=13.22,0
10,0.530543,0.701603,98.90,105.97,10,10,8,0.96+11.03=11.99,0.95+12.11=13.06,0
10,0.530543,0.701603,110.92,119.01,10,10,9,0.96+11.07=12.03,0.95+12.09=13.04,0
10,0.530543,0.701603,122.95,132.19,10,10,10,0.96+11.06=12.02,0.96+12.22=13.18,0
10,0.553451,0.707711,14.60,14.18,10,10,1,3.60+10.95=14.56,2.13+12.01=14.14,0
10,0.548472,0.707908,26.56,27.15,10,10,2,0.99+10.97=11.96,0.98+11.99=12.97,0
10,0.535369,0.704160,38.64,40.36,10,10,3,0.99+11.09=12.08,0.99+12.22=13.21,0
10,0.530543,0.701603,50.66,53.43,10,10,4,0.97+11.05=12.02,0.96+12.11=13.07,0
10,0.530543,0.701603,62.70,66.48,10,10,5,0.94+11.10=12.04,0.92+12.13=13.05,0
10,0.530543,0.701603,74.68,79.48,10,10,6,0.94+11.04=11.99,0.92+12.08=13.00,0
10,0.530543,0.701603,86.76,92.67,10,10,7,0.94+11.13=12.08,0.94+12.25=13.19,0
10,0.530543,0.701603,98.76,105.70,10,10,8,0.95+11.05=12.00,0.94+12.09=13.03,0
10,0.530543,0.701603,110.83,118.86,10,10,9,0.94+11.13=12.07,0.94+12.22=13.16,0
10,0.530543,0.701603,122.88,132.07,10,10,10,0.95+11.10=12.05,0.94+12.27=13.21,0
10,0.553451,0.707711,14.62,14.21,10,10,1,3.60+10.99=14.58,2.14+12.04=14.18,0
10,0.548472,0.707908,26.75,27.31,10,10,2,1.02+11.11=12.13,1.00+12.10=13.10,0
10,0.535369,0.704160,38.77,40.39,10,10,3,0.98+11.04=12.02,0.98+12.10=13.08,0
10,0.530543,0.701603,50.77,53.49,10,10,4,0.96+11.04=11.99,0.95+12.15=13.10,0
10,0.530543,0.701603,62.78,66.54,10,10,5,0.96+11.06=12.02,0.95+12.10=13.05,0
10,0.530543,0.701603,74.81,79.66,10,10,6,0.95+11.08=12.03,0.94+12.18=13.12,0
10,0.530543,0.701603,86.78,92.74,10,10,7,0.95+11.02=11.97,0.94+12.14=13.08,0
10,0.530543,0.701603,98.76,105.77,10,10,8,0.96+11.02=11.98,0.94+12.09=13.03,0
10,0.530543,0.701603,110.76,118.74,10,10,9,0.96+11.04=12.00,0.95+12.02=12.97,0
10,0.530543,0.701603,122.82,131.85,10,10,10,0.97+11.09=12.06,0.95+12.16=13.11,0
10,0.553451,0.707711,14.61,14.08,10,10,1,3.63+10.94=14.57,2.15+11.90=14.05,0
10,0.548472,0.707908,26.63,27.18,10,10,2,1.00+11.02=12.02,0.99+12.11=13.10,0
10,0.535369,0.704160,38.55,40.22,10,10,3,0.99+10.94=11.93,0.98+12.06=13.04,0
10,0.530543,0.701603,50.56,53.24,10,10,4,0.98+11.03=12.00,0.96+12.06=13.02,0
10,0.530543,0.701603,62.47,66.21,10,10,5,0.97+10.95=11.91,0.95+12.02=12.97,0
10,0.530543,0.701603,74.52,79.30,10,10,6,0.97+11.08=12.05,0.96+12.13=13.09,0
10,0.530543,0.701603,86.50,92.39,10,10,7,0.96+11.02=11.99,0.95+12.14=13.09,0
10,0.530543,0.701603,98.52,105.52,10,10,8,0.98+11.03=12.01,0.96+12.17=13.13,0
10,0.530543,0.701603,110.45,118.46,10,10,9,0.97+10.97=11.94,0.96+11.98=12.94,0
10,0.530543,0.701603,122.42,131.52,10,10,10,0.99+10.98=11.97,0.98+12.08=13.06,0
10,0.553451,0.707711,14.59,14.11,10,10,1,3.65+10.90=14.56,2.17+11.90=14.07,0
10,0.548472,0.707908,26.62,27.12,10,10,2,1.00+11.03=12.03,0.99+12.02=13.01,0
10,0.545767,0.714371,38.59,40.12,10,10,3,1.00+10.98=11.97,0.99+12.01=13.00,0
10,0.530590,0.701597,50.53,53.15,10,10,4,0.96+10.97=11.94,0.95+12.08=13.03,0
10,0.530543,0.701603,62.49,66.19,10,10,5,0.97+10.99=11.96,0.95+12.09=13.04,0
10,0.530543,0.701603,74.41,79.13,10,10,6,0.96+10.96=11.92,0.95+11.99=12.94,0
10,0.530543,0.701603,86.37,92.12,10,10,7,0.97+11.00=11.97,0.95+12.04=12.99,0
10,0.530543,0.701603,98.34,105.23,10,10,8,0.98+10.99=11.97,0.96+12.15=13.11,0
10,0.530543,0.701603,110.29,118.26,10,10,9,0.96+10.99=11.95,0.95+12.08=13.03,0
10,0.530543,0.701603,122.29,131.31,10,10,10,0.97+11.03=12.00,0.96+12.09=13.05,0
10,0.554852,0.708733,14.73,14.21,10,10,1,3.62+11.07=14.69,2.15+12.02=14.17,0
10,0.549060,0.706600,26.81,27.24,10,10,2,1.01+11.08=12.08,0.99+12.04=13.03,0
10,0.546288,0.712940,38.85,40.38,10,10,3,1.00+11.04=12.04,0.98+12.16=13.14,0
10,0.531213,0.700271,50.92,53.44,10,10,4,0.96+11.11=12.07,0.95+12.11=13.06,0
10,0.531191,0.700270,62.98,66.58,10,10,5,0.97+11.09=12.06,0.96+12.18=13.14,0
10,0.531191,0.700270,74.99,79.61,10,10,6,0.98+11.03=12.01,0.96+12.07=13.03,0
10,0.531191,0.700270,86.97,92.60,10,10,7,0.96+11.01=11.97,0.95+12.04=12.99,0
10,0.531191,0.700270,99.01,105.72,10,10,8,0.98+11.06=12.04,0.97+12.15=13.12,0
10,0.531191,0.700270,111.07,118.85,10,10,9,0.97+11.10=12.07,0.96+12.17=13.13,0
10,0.531191,0.700270,123.11,131.96,10,10,10,0.97+11.06=12.04,0.96+12.15=13.11,0
10,0.554852,0.708733,14.52,14.06,10,10,1,3.60+10.88=14.49,2.12+11.90=14.02,0
10,0.549060,0.706600,26.61,27.09,10,10,2,0.98+11.11=12.09,0.97+12.06=13.03,0
10,0.546288,0.712940,38.56,40.07,10,10,3,0.99+10.96=11.95,0.98+12.00=12.98,0
10,0.531213,0.700271,50.51,53.12,10,10,4,0.95+11.00=11.95,0.94+12.11=13.05,0
10,0.531191,0.700270,62.47,66.19,10,10,5,0.96+11.00=11.96,0.95+12.12=13.07,0
10,0.531191,0.700270,74.46,79.26,10,10,6,0.97+11.02=11.99,0.96+12.11=13.07,0
10,0.531191,0.700270,86.42,92.31,10,10,7,0.95+11.01=11.96,0.94+12.11=13.05,0
10,0.531191,0.700270,98.35,105.30,10,10,8,0.96+10.98=11.93,0.94+12.05=12.99,0
10,0.531191,0.700270,110.38,118.43,10,10,9,0.99+11.04=12.03,0.97+12.16=13.13,0
10,0.531191,0.700270,122.40,131.51,10,10,10,0.97+11.05=12.02,0.95+12.13=13.08,0
10,0.586289,0.786050,14.65,14.27,10,10,1,3.52+11.10=14.62,2.11+12.12=14.23,0
10,0.555037,0.720472,26.66,27.24,10,10,2,0.96+11.05=12.01,0.94+12.03=12.97,0
10,0.554292,0.718545,38.60,40.18,10,10,3,0.87+11.07=11.94,0.86+12.08=12.94,0
10,0.554460,0.718644,50.56,53.27,10,10,4,0.89+11.07=11.96,0.88+12.21=13.09,0
10,0.554444,0.718658,62.59,66.39,10,10,5,0.90+11.13=12.03,0.88+12.24=13.12,0
10,0.554444,0.718658,74.56,79.45,10,10,6,0.87+11.10=11.97,0.87+12.19=13.06,0
10,0.554444,0.718658,86.53,92.42,10,10,7,0.87+11.10=11.97,0.86+12.11=12.97,0
10,0.554444,0.718658,98.41,105.39,10,10,8,0.88+11.00=11.88,0.86+12.11=12.97,0
10,0.554444,0.718658,110.39,118.41,10,10,9,0.89+11.09=11.98,0.88+12.14=13.02,0
10,0.554444,0.718658,122.33,131.39,10,10,10,0.88+11.05=11.93,0.87+12.10=12.97,0
10,0.631693,0.845910,14.50,14.02,10,10,1,3.64+10.82=14.46,2.16+11.82=13.98,0
9,0.621960,0.838886,26.43,26.97,10,10,2,0.89+11.04=11.93,0.89+12.06=12.95,0
9,0.630202,0.838789,38.27,39.88,10,10,3,0.91+10.92=11.84,0.91+12.00=12.91,0
9,0.608954,0.825103,50.13,52.80,10,10,4,0.86+11.00=11.87,0.85+12.07=12.92,0
9,0.608954,0.825103,61.99,65.74,10,10,5,0.86+10.99=11.86,0.85+12.09=12.94,0
9,0.608954,0.825103,73.86,78.58,10,10,6,0.86+11.01=11.87,0.85+11.99=12.84,0
9,0.608954,0.825103,85.69,91.52,10,10,7,0.86+10.97=11.83,0.85+12.09=12.94,0
9,0.608954,0.825103,97.59,104.51,10,10,8,0.87+11.04=11.90,0.84+12.15=12.99,0
9,0.608954,0.825103,109.48,117.49,10,10,9,0.85+11.03=11.89,0.84+12.14=12.98,0
9,0.608954,0.825103,121.33,130.43,10,10,10,0.86+11.00=11.85,0.84+12.10=12.94,0
10,0.561314,0.723867,14.50,14.12,10,10,1,3.57+10.89=14.46,2.14+11.93=14.07,0
10,0.554434,0.716499,26.49,27.19,10,10,2,0.96+11.02=11.99,0.95+12.12=13.07,0
10,0.554159,0.715628,38.45,40.21,10,10,3,0.98+10.98=11.96,0.97+12.05=13.02,0
10,0.530890,0.703593,50.51,53.26,10,10,4,0.99+11.07=12.07,0.97+12.08=13.05,0
10,0.530621,0.703507,62.55,66.39,10,10,5,0.95+11.09=12.04,0.94+12.19=13.13,0
10,0.530621,0.703507,74.68,79.56,10,10,6,0.97+11.16=12.13,0.96+12.21=13.17,0
10,0.530621,0.703507,86.73,92.65,10,10,7,0.95+11.10=12.05,0.94+12.15=13.09,0
10,0.530621,0.703507,98.74,105.75,10,10,8,0.98+11.04=12.01,0.96+12.14=13.10,0
10,0.530621,0.703507,110.77,118.92,10,10,9,0.95+11.08=12.03,0.95+12.22=13.17,0
10,0.530621,0.703507,122.86,132.04,10,10,10,0.98+11.11=12.09,0.96+12.16=13.12,0
10,0.561314,0.723867,14.51,14.10,10,10,1,3.59+10.88=14.48,2.14+11.92=14.06,0
10,0.554434,0.716499,26.48,27.16,10,10,2,0.96+11.01=11.97,0.95+12.11=13.06,0
10,0.554159,0.715628,38.53,40.18,10,10,3,1.00+11.05=12.04,0.98+12.04=13.02,0
10,0.530890,0.703593,50.63,53.37,10,10,4,0.98+11.13=12.10,0.97+12.22=13.19,0
10,0.530621,0.703507,62.75,66.51,10,10,5,0.97+11.15=12.12,0.96+12.18=13.14,0
10,0.530621,0.703507,74.84,79.72,10,10,6,0.97+11.12=12.09,0.96+12.25=13.21,0
10,0.530621,0.703507,86.95,92.78,10,10,7,0.99+11.12=12.11,0.97+12.09=13.06,0
10,0.530621,0.703507,99.05,105.95,10,10,8,0.98+11.12=12.10,0.96+12.21=13.17,0
10,0.530621,0.703507,111.12,119.02,10,10,9,0.97+11.10=12.07,0.95+12.12=13.07,0
10,0.530621,0.703507,123.14,132.14,10,10,10,0.97+11.05=12.02,0.96+12.16=13.12,0
10,0.561314,0.723867,14.58,14.05,10,10,1,3.59+10.95=14.54,2.12+11.89=14.01,0
10,0.554434,0.716499,26.60,27.06,10,10,2,0.96+11.06=12.02,0.94+12.07=13.01,0
10,0.554159,0.715628,38.62,40.15,10,10,3,0.99+11.04=12.03,0.96+12.13=13.09,0
10,0.530890,0.703593,50.67,53.29,10,10,4,0.99+11.06=12.04,0.97+12.17=13.14,0
10,0.530621,0.703507,62.84,66.57,10,10,5,0.97+11.20=12.17,0.96+12.32=13.28,0
10,0.530621,0.703507,74.96,79.76,10,10,6,0.95+11.16=12.11,0.95+12.24=13.19,0
10,0.530621,0.703507,87.03,92.90,10,10,7,0.97+11.11=12.08,0.97+12.17=13.14,0
10,0.530621,0.703507,99.04,105.89,10,10,8,0.97+11.04=12.01,0.96+12.03=12.99,0
10,0.530621,0.703507,111.12,119.04,10,10,9,0.95+11.13=12.08,0.95+12.20=13.15,0
10,0.530621,0.703507,123.20,132.23,10,10,10,0.97+11.11=12.08,0.96+12.23=13.19,0
10,0.561314,0.723867,14.51,14.03,10,10,1,3.59+10.89=14.48,2.13+11.87=14.00,0
10,0.554434,0.716499,26.54,27.05,10,10,2,0.98+11.05=12.03,0.97+12.05=13.02,0
10,0.554159,0.715628,38.64,40.23,10,10,3,0.99+11.10=12.09,0.98+12.20=13.18,0
10,0.530890,0.703593,50.75,53.35,10,10,4,0.99+11.12=12.11,0.99+12.13=13.12,0
10,0.530621,0.703507,62.80,66.51,10,10,5,0.97+11.08=12.05,0.96+12.20=13.16,0
10,0.530621,0.703507,74.84,79.47,10,10,6,0.98+11.05=12.04,0.97+11.99=12.96,0
10,0.530621,0.703507,86.89,92.54,10,10,7,0.98+11.07=12.06,0.97+12.10=13.07,0
10,0.530621,0.703507,98.92,105.58,10,10,8,0.97+11.06=12.03,0.97+12.07=13.04,0
10,0.530621,0.703507,110.93,118.70,10,10,9,0.98+11.04=12.02,0.97+12.15=13.12,0
10,0.530621,0.703507,122.96,131.80,10,10,10,0.99+11.05=12.03,0.97+12.13=13.10,0
10,0.561314,0.723867,14.53,14.01,10,10,1,3.55+10.95=14.50,2.12+11.85=13.97,0
10,0.554434,0.716499,26.54,27.08,10,10,2,0.97+11.03=12.01,0.96+12.11=13.07,0
10,0.554159,0.715628,38.64,40.18,10,10,3,0.98+11.12=12.10,0.96+12.14=13.10,0
10,0.530890,0.703593,50.68,53.33,10,10,4,0.96+11.07=12.03,0.96+12.19=13.15,0
10,0.530621,0.703507,62.70,66.37,10,10,5,0.96+11.07=12.03,0.94+12.10=13.04,0
10,0.530621,0.703507,74.74,79.43,10,10,6,0.96+11.08=12.03,0.94+12.12=13.06,0
10,0.530621,0.703507,86.90,92.69,10,10,7,0.99+11.17=12.16,0.97+12.29=13.26,0
10,0.530621,0.703507,98.93,105.82,10,10,8,0.96+11.08=12.04,0.95+12.18=13.13,0
10,0.530621,0.703507,111.07,118.98,10,10,9,0.97+11.17=12.13,0.96+12.20=13.16,0
10,0.530621,0.703507,123.20,132.30,10,10,10,0.99+11.14=12.13,0.98+12.34=13.32,0
10,0.561314,0.723867,14.57,14.14,10,10,1,3.58+10.96=14.54,2.12+11.98=14.10,0
10,0.554434,0.716499,26.53,27.11,10,10,2,0.95+11.00=11.96,0.95+12.02=12.97,0
10,0.554159,0.715628,38.47,40.09,10,10,3,0.96+10.98=11.94,0.95+12.03=12.98,0
10,0.530890,0.703593,50.59,53.27,10,10,4,0.96+11.16=12.12,0.96+12.22=13.18,0
10,0.530621,0.703507,62.71,66.50,10,10,5,0.96+11.17=12.13,0.94+12.29=13.23,0
10,0.530621,0.703507,74.85,79.76,10,10,6,0.97+11.17=12.14,0.95+12.31=13.26,0
10,0.530621,0.703507,86.89,92.80,10,10,7,0.95+11.09=12.04,0.95+12.09=13.04,0
10,0.530621,0.703507,98.95,105.87,10,10,8,0.96+11.10=12.06,0.94+12.13=13.07,0
10,0.530621,0.703507,111.05,118.98,10,10,9,0.96+11.14=12.10,0.95+12.16=13.11,0
10,0.530621,0.703507,123.20,132.16,10,10,10,0.96+11.19=12.15,0.95+12.23=13.18,0
10,0.561317,0.723869,14.59,14.21,10,10,1,3.60+10.96=14.56,2.14+12.03=14.17,0
10,0.554436,0.716502,26.59,27.23,10,10,2,0.95+11.05=12.00,0.94+12.08=13.02,0
10,0.554161,0.715631,38.56,40.24,10,10,3,0.95+11.02=11.97,0.94+12.07=13.01,0
10,0.530892,0.703595,50.59,53.29,10,10,4,0.95+11.07=12.02,0.94+12.11=13.05,0
10,0.530623,0.703509,62.64,66.40,10,10,5,0.96+11.10=12.06,0.94+12.17=13.11,0
10,0.530623,0.703509,74.75,79.49,10,10,6,0.99+11.11=12.10,0.97+12.12=13.09,0
10,0.530623,0.703509,86.74,92.50,10,10,7,0.95+11.04=11.99,0.94+12.07=13.01,0
10,0.530623,0.703509,98.70,105.53,10,10,8,0.96+11.00=11.96,0.94+12.08=13.02,0
10,0.530623,0.703509,110.68,118.54,10,10,9,0.96+11.01=11.98,0.96+12.05=13.01,0
10,0.530623,0.703509,122.78,131.73,10,10,10,0.99+11.12=12.10,0.96+12.23=13.19,0
10,0.586735,0.786375,14.68,14.16,10,10,1,3.65+10.99=14.64,2.16+11.96=14.12,0
10,0.578310,0.777578,26.60,27.09,10,10,2,0.96+10.96=11.92,0.96+11.97=12.93,0
10,0.578309,0.777589,38.58,40.08,10,10,3,0.97+11.01=11.98,0.95+12.04=12.99,0
10,0.578309,0.777589,50.50,53.00,10,10,4,0.97+10.95=11.92,0.95+11.97=12.92,0
10,0.578309,0.777589,62.40,65.95,10,10,5,0.94+10.95=11.90,0.94+12.01=12.95,0
10,0.578309,0.777589,74.37,78.94,10,10,6,0.96+11.01=11.97,0.95+12.03=12.98,0
10,0.578309,0.777589,86.32,91.94,10,10,7,0.98+10.97=11.95,0.96+12.04=13.00,0
10,0.578309,0.777589,98.27,104.97,10,10,8,0.95+11.00=11.95,0.94+12.09=13.03,0
10,0.578309,0.777589,110.23,118.01,10,10,9,0.96+10.99=11.96,0.96+12.08=13.04,0
10,0.578309,0.777589,122.14,130.96,10,10,10,0.95+10.96=11.91,0.94+12.01=12.95,0
10,0.660212,0.883890,14.58,14.07,10,10,1,3.57+10.98=14.55,2.13+11.92=14.05,0
8,0.647312,0.883687,26.42,26.95,10,10,2,0.85+10.98=11.83,0.85+12.03=12.88,0
8,0.655554,0.883591,38.08,39.71,10,10,3,0.81+10.86=11.66,0.79+11.97=12.76,0
8,0.634306,0.869904,49.75,52.50,10,10,4,0.80+10.86=11.67,0.80+11.99=12.79,0
8,0.634306,0.869904,61.48,65.29,10,10,5,0.82+10.91=11.73,0.82+11.97=12.79,0
8,0.634306,0.869904,73.19,78.04,10,10,6,0.80+10.90=11.70,0.79+11.96=12.75,0
8,0.634306,0.869904,84.92,90.83,10,10,7,0.79+10.93=11.73,0.78+12.01=12.79,0
8,0.634306,0.869904,96.63,103.63,10,10,8,0.80+10.92=11.72,0.78+12.02=12.80,0
8,0.634306,0.869904,108.37,116.33,10,10,9,0.80+10.93=11.73,0.79+11.91=12.70,0
8,0.634306,0.869904,120.08,129.16,10,10,10,0.80+10.92=11.72,0.80+12.03=12.83,0
10,0.631693,0.845910,14.56,14.03,10,10,1,3.60+10.92=14.52,2.14+11.85=13.99,0
9,0.621960,0.838886,26.42,27.02,10,10,2,0.86+11.00=11.86,0.86+12.13=12.99,0
9,0.630202,0.838789,38.34,39.94,10,10,3,0.90+11.02=11.92,0.88+12.04=12.92,0
9,0.608954,0.825103,50.23,52.86,10,10,4,0.84+11.05=11.89,0.83+12.09=12.92,0
9,0.608954,0.825103,62.12,65.83,10,10,5,0.84+11.05=11.89,0.83+12.14=12.97,0
9,0.608954,0.825103,73.99,78.76,10,10,6,0.84+11.04=11.88,0.82+12.11=12.93,0
9,0.608954,0.825103,85.97,91.77,10,10,7,0.84+11.13=11.97,0.84+12.17=13.01,0
9,0.608954,0.825103,97.80,104.78,10,10,8,0.83+11.00=11.83,0.83+12.18=13.01,0
9,0.608954,0.825103,109.72,117.79,10,10,9,0.85+11.08=11.92,0.84+12.17=13.01,0
9,0.608954,0.825103,121.64,130.84,10,10,10,0.84+11.08=11.92,0.83+12.22=13.05,0
10,0.631693,0.845910,14.63,14.18,10,10,1,3.61+10.97=14.59,2.16+11.99=14.15,0
9,0.621960,0.838886,26.48,27.14,10,10,2,0.86+11.00=11.86,0.85+12.11=12.96,0
9,0.630202,0.838789,38.36,40.09,10,10,3,0.88+11.00=11.87,0.87+12.08=12.95,0
9,0.608954,0.825103,50.19,53.07,10,10,4,0.82+11.01=11.83,0.81+12.17=12.98,0
9,0.608954,0.825103,62.14,66.11,10,10,5,0.86+11.09=11.94,0.84+12.20=13.04,0
9,0.608954,0.825103,74.05,79.08,10,10,6,0.83+11.08=11.92,0.83+12.14=12.97,0
9,0.608954,0.825103,85.93,92.09,10,10,7,0.84+11.04=11.87,0.84+12.17=13.01,0
9,0.608954,0.825103,97.80,105.02,10,10,8,0.84+11.04=11.87,0.83+12.10=12.93,0
9,0.608954,0.825103,109.68,117.97,10,10,9,0.82+11.06=11.88,0.82+12.13=12.95,0
9,0.608954,0.825103,121.52,130.88,10,10,10,0.83+11.01=11.84,0.82+12.09=12.91,0
10,0.631693,0.845910,14.64,14.15,10,10,1,3.68+10.92=14.60,2.16+11.95=14.11,0
9,0.621960,0.838886,26.60,27.10,10,10,2,0.87+11.09=11.97,0.85+12.10=12.95,0
9,0.630202,0.838789,38.49,40.11,10,10,3,0.92+10.97=11.89,0.91+12.10=13.01,0
9,0.608954,0.825103,50.34,53.07,10,10,4,0.85+11.01=11.85,0.83+12.13=12.96,0
9,0.608954,0.825103,62.21,65.95,10,10,5,0.84+11.02=11.86,0.83+12.05=12.88,0
9,0.608954,0.825103,74.09,78.89,10,10,6,0.85+11.04=11.89,0.84+12.10=12.94,0
9,0.608954,0.825103,85.98,91.77,10,10,7,0.86+11.03=11.89,0.84+12.04=12.88,0
9,0.608954,0.825103,97.87,104.63,10,10,8,0.86+11.03=11.89,0.85+12.01=12.86,0
9,0.608954,0.825103,109.72,117.56,10,10,9,0.85+11.00=11.85,0.83+12.10=12.93,0
9,0.608954,0.825103,121.60,130.49,10,10,10,0.87+11.01=11.88,0.85+12.08=12.93,0
10,0.631693,0.845910,14.56,14.10,10,10,1,3.60+10.93=14.52,2.14+11.93=14.07,0
9,0.621960,0.838886,26.51,27.01,10,10,2,0.89+11.07=11.96,0.87+12.04=12.91,0
9,0.630202,0.838789,38.38,39.90,10,10,3,0.90+10.97=11.87,0.89+12.00=12.89,0
9,0.608954,0.825103,50.19,52.75,10,10,4,0.83+10.97=11.80,0.82+12.03=12.85,0
9,0.608954,0.825103,62.04,65.64,10,10,5,0.85+11.01=11.86,0.84+12.05=12.89,0
9,0.608954,0.825103,73.87,78.58,10,10,6,0.85+10.98=11.83,0.83+12.11=12.94,0
9,0.608954,0.825103,85.83,91.53,10,10,7,0.85+11.11=11.96,0.85+12.10=12.95,0
9,0.608954,0.825103,97.70,104.41,10,10,8,0.85+11.01=11.86,0.84+12.04=12.88,0
9,0.608954,0.825103,109.56,117.24,10,10,9,0.85+11.01=11.86,0.84+11.99=12.83,0
9,0.608954,0.825103,121.41,130.22,10,10,10,0.86+10.99=11.85,0.85+12.13=12.98,0
10,0.631693,0.845910,14.77,14.29,10,10,1,3.61+11.13=14.74,2.16+12.10=14.26,0
9,0.621960,0.838886,26.61,27.14,10,10,2,0.87+10.97=11.84,0.85+12.00=12.85,0
9,0.630202,0.838789,38.58,40.19,10,10,3,0.89+11.08=11.97,0.88+12.17=13.05,0
9,0.608954,0.825103,50.55,53.24,10,10,4,0.84+11.13=11.97,0.82+12.23=13.05,0
9,0.608954,0.825103,62.57,66.29,10,10,5,0.86+11.16=12.02,0.84+12.21=13.05,0
9,0.608954,0.825103,74.51,79.26,10,10,6,0.84+11.11=11.95,0.83+12.14=12.97,0
9,0.608954,0.825103,86.45,92.19,10,10,7,0.84+11.10=11.94,0.84+12.09=12.93,0
9,0.608954,0.825103,98.38,105.12,10,10,8,0.84+11.09=11.93,0.83+12.10=12.93,0
9,0.608954,0.825103,110.34,118.09,10,10,9,0.84+11.12=11.96,0.82+12.15=12.97,0
9,0.608954,0.825103,122.28,131.08,10,10,10,0.83+11.11=11.94,0.83+12.16=12.99,0
10,0.631693,0.845910,14.50,14.05,10,10,1,3.63+10.83=14.47,2.14+11.88=14.02,0
9,0.621960,0.838886,26.34,26.89,10,10,2,0.87+10.97=11.84,0.87+11.97=12.84,0
9,0.630202,0.838789,38.18,39.74,10,10,3,0.90+10.94=11.84,0.88+11.97=12.85,0
9,0.608954,0.825103,49.98,52.69,10,10,4,0.83+10.97=11.79,0.82+12.13=12.95,0
9,0.608954,0.825103,61.82,65.62,10,10,5,0.86+10.98=11.84,0.84+12.09=12.93,0
9,0.608954,0.825103,73.69,78.49,10,10,6,0.84+11.03=11.87,0.82+12.05=12.87,0
9,0.608954,0.825103,85.50,91.33,10,10,7,0.82+10.99=11.81,0.82+12.02=12.84,0
9,0.608954,0.825103,97.42,104.32,10,10,8,0.83+11.08=11.92,0.83+12.16=12.99,0
9,0.608954,0.825103,109.31,117.29,10,10,9,0.83+11.06=11.89,0.82+12.15=12.97,0
9,0.608954,0.825103,121.18,130.25,10,10,10,0.84+11.04=11.88,0.82+12.14=12.96,0
10,0.631693,0.845910,14.51,14.02,10,10,1,3.60+10.87=14.47,2.14+11.85=13.99,0
9,0.621960,0.838886,26.37,26.91,10,10,2,0.87+11.00=11.87,0.85+12.04=12.89,0
9,0.630202,0.838789,38.19,39.80,10,10,3,0.90+10.92=11.82,0.89+12.00=12.89,0
9,0.608954,0.825103,50.13,52.77,10,10,4,0.85+11.09=11.94,0.84+12.13=12.97,0
9,0.608954,0.825103,61.96,65.60,10,10,5,0.84+10.99=11.83,0.83+12.00=12.83,0
9,0.608954,0.825103,73.73,78.45,10,10,6,0.83+10.94=11.77,0.82+12.03=12.85,0
9,0.608954,0.825103,85.61,91.43,10,10,7,0.84+11.05=11.88,0.83+12.15=12.98,0
9,0.608954,0.825103,97.43,104.22,10,10,8,0.84+10.98=11.82,0.83+11.96=12.79,0
9,0.608954,0.825103,109.27,117.06,10,10,9,0.85+10.99=11.84,0.84+12.00=12.84,0
9,0.608954,0.825103,121.12,130.05,10,10,10,0.85+11.00=11.85,0.83+12.16=12.99,0
10,0.631693,0.845910,14.63,14.26,10,10,1,3.55+11.03=14.58,2.12+12.10=14.22,0
9,0.621960,0.838886,26.58,27.19,10,10,2,0.89+11.06=11.95,0.87+12.06=12.93,0
9,0.630202,0.838789,38.41,40.07,10,10,3,0.89+10.94=11.83,0.87+12.01=12.88,0
9,0.608954,0.825103,50.24,52.96,10,10,4,0.84+10.99=11.83,0.83+12.06=12.89,0
9,0.608954,0.825103,62.11,65.90,10,10,5,0.85+11.01=11.87,0.84+12.10=12.94,0
9,0.608954,0.825103,73.92,78.82,10,10,6,0.83+10.98=11.81,0.83+12.09=12.92,0
9,0.608954,0.825103,85.80,91.72,10,10,7,0.84+11.04=11.89,0.83+12.07=12.90,0
9,0.608954,0.825103,97.64,104.58,10,10,8,0.82+11.02=11.84,0.81+12.05=12.86,0
9,0.608954,0.825103,109.51,117.52,10,10,9,0.84+11.03=11.86,0.83+12.11=12.94,0
9,0.608954,0.825103,121.34,130.46,10,10,10,0.83+11.01=11.83,0.82+12.12=12.94,0
10,0.660212,0.883890,14.68,14.19,10,10,1,3.62+11.02=14.64,2.15+12.00=14.15,0
8,0.647312,0.883687,26.54,27.07,10,10,2,0.88+10.98=11.86,0.87+12.01=12.88,0
8,0.655554,0.883591,38.26,39.83,10,10,3,0.85+10.87=11.72,0.83+11.93=12.76,0
8,0.634306,0.869904,49.99,52.62,10,10,4,0.81+10.91=11.72,0.81+11.98=12.79,0
8,0.634306,0.869904,61.71,65.37,10,10,5,0.82+10.90=11.72,0.80+11.95=12.75,0
8,0.634306,0.869904,73.48,78.21,10,10,6,0.84+10.93=11.77,0.83+12.01=12.84,0
8,0.634306,0.869904,85.29,91.07,10,10,7,0.82+10.99=11.81,0.81+12.05=12.86,0
8,0.634306,0.869904,97.01,103.86,10,10,8,0.82+10.91=11.73,0.81+11.98=12.79,0
8,0.634306,0.869904,108.70,116.55,10,10,9,0.82+10.87=11.69,0.81+11.88=12.69,0
8,0.634306,0.869904,120.49,129.36,10,10,10,0.83+10.96=11.78,0.83+11.98=12.81,0
