10,0.125101,0.340777,3.36,2.22,10,10,1,2.25+1.11=3.36,0.72+1.50=2.22,0
10,0.122003,0.337515,4.62,3.80,10,10,2,0.14+1.12=1.26,0.13+1.45=1.58,0
10,0.126940,0.344123,5.87,5.37,10,10,3,0.13+1.11=1.24,0.13+1.44=1.57,0
10,0.123378,0.339363,7.11,6.97,10,10,4,0.13+1.11=1.24,0.13+1.47=1.60,0
10,0.124866,0.341588,8.36,8.52,10,10,5,0.14+1.11=1.25,0.13+1.42=1.55,0
10,0.124342,0.341038,9.58,10.10,10,10,6,0.14+1.09=1.23,0.14+1.44=1.58,0
10,0.124432,0.341161,10.81,11.64,10,10,7,0.13+1.09=1.23,0.13+1.41=1.54,0
10,0.124435,0.341162,12.04,13.18,10,10,8,0.13+1.09=1.22,0.14+1.40=1.54,0
10,0.124435,0.341162,13.27,14.73,10,10,9,0.13+1.10=1.23,0.13+1.42=1.55,0
10,0.124435,0.341162,14.51,16.31,10,10,10,0.14+1.11=1.24,0.14+1.44=1.58,0
10,0.103858,0.307011,3.21,2.07,10,10,1,2.12+1.09=3.21,0.67+1.40=2.07,0
10,0.109402,0.316292,4.43,3.57,10,10,2,0.13+1.09=1.22,0.12+1.38=1.50,0
10,0.104742,0.309713,5.64,5.07,10,10,3,0.13+1.08=1.21,0.13+1.37=1.50,0
10,0.105863,0.311558,6.87,6.58,10,10,4,0.13+1.10=1.23,0.13+1.38=1.51,0
10,0.105423,0.310951,8.09,8.10,10,10,5,0.13+1.09=1.22,0.13+1.39=1.52,0
10,0.104545,0.309730,9.30,9.60,10,10,6,0.13+1.07=1.21,0.13+1.37=1.50,0
10,0.102906,0.307290,10.52,11.13,10,10,7,0.13+1.09=1.22,0.13+1.40=1.53,0
10,0.102704,0.307019,11.74,12.66,10,10,8,0.14+1.09=1.22,0.13+1.40=1.53,0
10,0.102857,0.307228,12.96,14.15,10,10,9,0.13+1.08=1.22,0.13+1.36=1.49,0
10,0.102854,0.307225,14.18,15.66,10,10,10,0.13+1.09=1.22,0.13+1.38=1.51,0
10,0.095308,0.292063,3.19,2.05,10,10,1,2.10+1.09=3.19,0.67+1.38=2.05,0
10,0.092647,0.288831,4.41,3.52,10,10,2,0.13+1.09=1.21,0.12+1.35=1.47,0
10,0.093394,0.289679,5.62,5.01,10,10,3,0.12+1.09=1.22,0.12+1.37=1.49,0
10,0.093114,0.289498,6.84,6.49,10,10,4,0.12+1.10=1.22,0.12+1.36=1.48,0
10,0.092810,0.288872,8.07,7.97,10,10,5,0.13+1.10=1.22,0.13+1.35=1.48,0
10,0.092529,0.288543,9.29,9.47,10,10,6,0.12+1.10=1.23,0.13+1.37=1.50,0
10,0.092533,0.288561,10.52,10.98,10,10,7,0.13+1.10=1.23,0.12+1.39=1.51,0
10,0.091595,0.287260,11.75,12.47,10,10,8,0.12+1.11=1.23,0.12+1.37=1.49,0
10,0.091177,0.286642,12.98,13.97,10,10,9,0.12+1.11=1.23,0.12+1.38=1.50,0
10,0.091323,0.287033,14.23,15.47,10,10,10,0.13+1.12=1.24,0.12+1.38=1.50,0
10,0.093477,0.289605,3.26,2.09,10,10,1,2.16+1.10=3.25,0.70+1.39=2.09,0
10,0.089636,0.284563,4.49,3.55,10,10,2,0.13+1.10=1.23,0.13+1.33=1.46,0
10,0.089217,0.284014,5.72,5.03,10,10,3,0.13+1.10=1.23,0.12+1.36=1.48,0
10,0.089982,0.284894,6.95,6.52,10,10,4,0.13+1.11=1.23,0.13+1.36=1.49,0
10,0.089531,0.283969,8.17,7.99,10,10,5,0.12+1.09=1.22,0.11+1.36=1.47,0
10,0.089354,0.283807,9.43,9.50,10,10,6,0.13+1.13=1.26,0.12+1.39=1.51,0
10,0.089353,0.283807,10.65,10.98,10,10,7,0.13+1.09=1.22,0.12+1.36=1.48,0
10,0.089353,0.283807,11.87,12.46,10,10,8,0.12+1.10=1.22,0.12+1.36=1.48,0
10,0.089353,0.283807,13.10,13.93,10,10,9,0.13+1.10=1.22,0.13+1.34=1.47,0
10,0.089353,0.283807,14.32,15.41,10,10,10,0.13+1.09=1.22,0.13+1.35=1.48,0
10,0.093724,0.289807,3.21,1.99,10,10,1,2.13+1.08=3.21,0.67+1.32=1.99,0
10,0.089725,0.284940,4.42,3.46,10,10,2,0.12+1.09=1.21,0.13+1.34=1.47,0
10,0.089084,0.284178,5.64,4.93,10,10,3,0.13+1.09=1.22,0.12+1.35=1.47,0
10,0.088846,0.283887,6.86,6.39,10,10,4,0.13+1.09=1.22,0.13+1.33=1.46,0
10,0.088423,0.282907,8.08,7.85,10,10,5,0.12+1.10=1.23,0.13+1.33=1.46,0
10,0.087359,0.281056,9.31,9.33,10,10,6,0.12+1.10=1.23,0.13+1.35=1.48,0
10,0.087324,0.281064,10.54,10.79,10,10,7,0.13+1.10=1.23,0.12+1.34=1.46,0
10,0.087352,0.281135,11.77,12.28,10,10,8,0.13+1.10=1.23,0.12+1.37=1.49,0
10,0.087350,0.281133,12.99,13.74,10,10,9,0.13+1.10=1.22,0.12+1.34=1.46,0
10,0.087350,0.281133,14.21,15.19,10,10,10,0.12+1.10=1.22,0.11+1.34=1.45,0
10,0.096016,0.295445,3.23,2.02,10,10,1,2.14+1.08=3.23,0.67+1.35=2.02,0
10,0.091646,0.289496,4.44,3.47,10,10,2,0.13+1.09=1.22,0.12+1.33=1.45,0
10,0.091184,0.288913,5.66,4.91,10,10,3,0.13+1.09=1.22,0.12+1.32=1.44,0
10,0.091095,0.288716,6.87,6.36,10,10,4,0.13+1.08=1.21,0.13+1.32=1.45,0
10,0.091199,0.288881,8.10,7.83,10,10,5,0.13+1.10=1.23,0.12+1.35=1.47,0
10,0.091044,0.288607,9.34,9.30,10,10,6,0.13+1.11=1.23,0.13+1.34=1.47,0
10,0.091036,0.288597,10.56,10.75,10,10,7,0.13+1.09=1.22,0.13+1.32=1.45,0
10,0.091036,0.288597,11.79,12.22,10,10,8,0.13+1.10=1.23,0.12+1.35=1.47,0
10,0.091036,0.288597,13.02,13.70,10,10,9,0.13+1.10=1.23,0.13+1.35=1.48,0
10,0.091036,0.288597,14.25,15.16,10,10,10,0.13+1.10=1.23,0.13+1.33=1.46,0
10,0.098661,0.299890,3.24,2.05,10,10,1,2.15+1.09=3.24,0.69+1.36=2.05,0
10,0.095123,0.295179,4.49,3.53,10,10,2,0.14+1.11=1.25,0.13+1.35=1.48,0
10,0.094915,0.295061,5.70,4.98,10,10,3,0.13+1.08=1.22,0.13+1.32=1.45,0
10,0.094973,0.295290,6.92,6.44,10,10,4,0.13+1.08=1.21,0.13+1.33=1.46,0
10,0.095209,0.295627,8.13,7.88,10,10,5,0.13+1.09=1.21,0.12+1.32=1.44,0
10,0.094736,0.294973,9.34,9.32,10,10,6,0.13+1.08=1.21,0.13+1.31=1.44,0
10,0.094327,0.294382,10.55,10.77,10,10,7,0.13+1.09=1.22,0.12+1.33=1.45,0
10,0.094122,0.294080,11.78,12.23,10,10,8,0.13+1.09=1.22,0.13+1.33=1.46,0
10,0.094014,0.293909,13.00,13.69,10,10,9,0.13+1.10=1.22,0.13+1.33=1.46,0
10,0.094001,0.293891,14.22,15.15,10,10,10,0.13+1.10=1.22,0.11+1.35=1.46,0
10,0.111824,0.322514,3.15,2.04,10,10,1,2.03+1.12=3.15,0.65+1.39=2.04,0
10,0.107943,0.317006,4.39,3.51,10,10,2,0.13+1.10=1.23,0.12+1.35=1.47,0
10,0.108309,0.317817,5.65,5.00,10,10,3,0.13+1.14=1.26,0.12+1.37=1.49,0
10,0.108272,0.317769,6.89,6.46,10,10,4,0.13+1.11=1.24,0.12+1.34=1.46,0
10,0.108272,0.317769,8.12,7.92,10,10,5,0.13+1.10=1.23,0.13+1.33=1.46,0
10,0.108272,0.317769,9.38,9.42,10,10,6,0.13+1.14=1.26,0.13+1.37=1.50,0
10,0.108272,0.317769,10.61,10.86,10,10,7,0.13+1.10=1.23,0.12+1.32=1.44,0
10,0.108272,0.317769,11.84,12.34,10,10,8,0.13+1.10=1.23,0.13+1.35=1.48,0
10,0.108272,0.317769,13.07,13.80,10,10,9,0.13+1.10=1.23,0.12+1.34=1.46,0
10,0.108272,0.317769,14.31,15.25,10,10,10,0.13+1.10=1.23,0.12+1.33=1.45,0
10,0.152892,0.383908,3.25,2.01,10,10,1,2.16+1.08=3.25,0.67+1.34=2.01,0
10,0.140832,0.369027,4.48,3.46,10,10,2,0.13+1.10=1.23,0.13+1.32=1.45,0
10,0.142495,0.371027,5.72,4.92,10,10,3,0.13+1.12=1.24,0.13+1.33=1.46,0
10,0.140254,0.366461,6.96,6.37,10,10,4,0.13+1.10=1.23,0.13+1.32=1.45,0
10,0.135351,0.361018,8.19,7.82,10,10,5,0.13+1.10=1.23,0.13+1.32=1.45,0
10,0.144186,0.373518,9.43,9.31,10,10,6,0.13+1.11=1.24,0.13+1.36=1.49,0
10,0.146591,0.376588,10.68,10.75,10,10,7,0.13+1.13=1.25,0.12+1.32=1.44,0
10,0.145603,0.375496,11.93,12.21,10,10,8,0.13+1.11=1.24,0.13+1.33=1.46,0
10,0.145528,0.375414,13.16,13.64,10,10,9,0.13+1.10=1.23,0.13+1.30=1.43,0
10,0.145528,0.375414,14.39,15.08,10,10,10,0.13+1.10=1.23,0.13+1.31=1.44,0
10,0.102854,0.305745,3.26,2.07,10,10,1,2.15+1.10=3.26,0.68+1.39=2.07,0
10,0.101702,0.304525,4.50,3.60,10,10,2,0.13+1.11=1.24,0.14+1.39=1.53,0
10,0.100611,0.303144,5.73,5.15,10,10,3,0.13+1.11=1.24,0.12+1.43=1.55,0
10,0.100349,0.302783,6.97,6.67,10,10,4,0.13+1.11=1.24,0.11+1.41=1.52,0
10,0.100050,0.302419,8.19,8.15,10,10,5,0.13+1.09=1.22,0.11+1.37=1.48,0
10,0.100653,0.302903,9.42,9.63,10,10,6,0.13+1.10=1.22,0.11+1.37=1.48,0
10,0.100294,0.302415,10.65,11.15,10,10,7,0.13+1.10=1.23,0.13+1.39=1.52,0
10,0.100264,0.302381,11.88,12.66,10,10,8,0.13+1.10=1.23,0.13+1.38=1.51,0
10,0.100264,0.302381,13.11,14.20,10,10,9,0.13+1.11=1.23,0.13+1.41=1.54,0
10,0.100264,0.302381,14.35,15.71,10,10,10,0.12+1.11=1.23,0.11+1.40=1.51,0
10,0.098858,0.298367,3.22,2.06,10,10,1,2.12+1.09=3.21,0.67+1.39=2.06,0
10,0.094789,0.292092,4.44,3.56,10,10,2,0.12+1.10=1.22,0.13+1.37=1.50,0
10,0.095012,0.292655,5.66,5.03,10,10,3,0.12+1.09=1.22,0.12+1.35=1.47,0
10,0.095544,0.293202,6.89,6.54,10,10,4,0.13+1.11=1.23,0.12+1.39=1.51,0
10,0.095254,0.292876,8.11,8.04,10,10,5,0.13+1.10=1.22,0.13+1.37=1.50,0
10,0.095306,0.292829,9.33,9.53,10,10,6,0.13+1.09=1.22,0.12+1.37=1.49,0
10,0.095417,0.292758,10.56,11.02,10,10,7,0.13+1.10=1.23,0.13+1.36=1.49,0
10,0.095351,0.292703,11.78,12.51,10,10,8,0.12+1.10=1.22,0.12+1.37=1.49,0
10,0.095351,0.292703,13.00,14.00,10,10,9,0.13+1.10=1.22,0.12+1.37=1.49,0
10,0.095351,0.292703,14.23,15.48,10,10,10,0.13+1.10=1.22,0.12+1.36=1.48,0
10,0.094708,0.290513,3.22,2.05,10,10,1,2.14+1.09=3.22,0.67+1.38=2.05,0
10,0.091503,0.285735,4.46,3.54,10,10,2,0.13+1.11=1.23,0.13+1.36=1.49,0
10,0.091086,0.285145,5.68,5.03,10,10,3,0.13+1.09=1.22,0.12+1.37=1.49,0
10,0.090931,0.284999,6.89,6.51,10,10,4,0.13+1.09=1.21,0.13+1.35=1.48,0
10,0.090900,0.284996,8.11,7.98,10,10,5,0.13+1.09=1.22,0.13+1.34=1.47,0
10,0.090798,0.284921,9.32,9.43,10,10,6,0.12+1.09=1.21,0.13+1.32=1.45,0
10,0.090435,0.284543,10.56,10.93,10,10,7,0.13+1.11=1.24,0.13+1.37=1.50,0
10,0.090205,0.284256,11.79,12.43,10,10,8,0.13+1.11=1.23,0.12+1.38=1.50,0
10,0.089638,0.283202,13.01,13.90,10,10,9,0.13+1.10=1.22,0.13+1.34=1.47,0
10,0.088951,0.282028,14.25,15.39,10,10,10,0.12+1.12=1.24,0.12+1.37=1.49,0
10,0.093245,0.288794,3.26,2.07,10,10,1,2.16+1.10=3.26,0.70+1.37=2.07,0
10,0.088999,0.282286,4.49,3.55,10,10,2,0.13+1.10=1.23,0.13+1.35=1.48,0
10,0.088564,0.281600,5.72,5.02,10,10,3,0.13+1.10=1.23,0.13+1.34=1.47,0
10,0.088520,0.281521,6.95,6.52,10,10,4,0.13+1.10=1.23,0.13+1.37=1.50,0
10,0.088515,0.281516,8.18,7.98,10,10,5,0.13+1.10=1.22,0.13+1.33=1.46,0
10,0.088515,0.281516,9.41,9.45,10,10,6,0.13+1.10=1.23,0.13+1.34=1.47,0
10,0.088515,0.281516,10.64,10.94,10,10,7,0.13+1.10=1.23,0.13+1.36=1.49,0
10,0.088515,0.281516,11.87,12.40,10,10,8,0.13+1.10=1.23,0.11+1.35=1.46,0
10,0.088515,0.281516,13.10,13.91,10,10,9,0.13+1.10=1.23,0.14+1.37=1.51,0
10,0.088515,0.281516,14.33,15.38,10,10,10,0.13+1.10=1.23,0.13+1.34=1.47,0
10,0.093830,0.290248,3.25,2.03,10,10,1,2.15+1.09=3.25,0.69+1.34=2.03,0
10,0.089317,0.284112,4.47,3.49,10,10,2,0.13+1.09=1.22,0.12+1.34=1.46,0
10,0.088890,0.283537,5.69,4.96,10,10,3,0.13+1.10=1.22,0.13+1.34=1.47,0
10,0.088872,0.283470,6.92,6.42,10,10,4,0.13+1.10=1.23,0.12+1.34=1.46,0
10,0.088858,0.283411,8.15,7.90,10,10,5,0.13+1.10=1.23,0.13+1.35=1.48,0
10,0.088854,0.283405,9.38,9.38,10,10,6,0.13+1.10=1.23,0.13+1.35=1.48,0
10,0.088854,0.283405,10.63,10.86,10,10,7,0.13+1.11=1.24,0.13+1.35=1.48,0
10,0.088854,0.283405,11.85,12.32,10,10,8,0.13+1.10=1.23,0.13+1.33=1.46,0
10,0.088854,0.283405,13.09,13.79,10,10,9,0.13+1.10=1.23,0.14+1.33=1.47,0
10,0.088854,0.283405,14.32,15.27,10,10,10,0.13+1.10=1.23,0.13+1.35=1.48,0
10,0.096322,0.294989,3.20,2.02,10,10,1,2.11+1.09=3.20,0.68+1.34=2.02,0
10,0.091671,0.288430,4.46,3.53,10,10,2,0.13+1.13=1.26,0.12+1.39=1.51,0
10,0.091379,0.287998,5.68,5.00,10,10,3,0.13+1.09=1.22,0.13+1.34=1.47,0
10,0.091043,0.287725,6.92,6.46,10,10,4,0.13+1.10=1.24,0.13+1.33=1.46,0
10,0.090958,0.287614,8.15,7.91,10,10,5,0.13+1.10=1.23,0.13+1.32=1.45,0
10,0.090958,0.287614,9.39,9.37,10,10,6,0.13+1.11=1.24,0.13+1.33=1.46,0
10,0.090958,0.287614,10.63,10.86,10,10,7,0.13+1.11=1.24,0.12+1.37=1.49,0
10,0.090958,0.287614,11.86,12.33,10,10,8,0.13+1.10=1.23,0.13+1.34=1.47,0
10,0.090958,0.287614,13.09,13.81,10,10,9,0.13+1.10=1.23,0.13+1.35=1.48,0
10,0.090958,0.287614,14.33,15.26,10,10,10,0.13+1.10=1.24,0.13+1.32=1.45,0
10,0.100413,0.302337,3.23,2.05,10,10,1,2.14+1.09=3.23,0.68+1.37=2.05,0
10,0.096658,0.296943,4.47,3.50,10,10,2,0.14+1.11=1.24,0.13+1.32=1.45,0
10,0.095087,0.294800,5.71,5.00,10,10,3,0.13+1.11=1.24,0.13+1.37=1.50,0
10,0.094855,0.294473,6.95,6.46,10,10,4,0.13+1.11=1.23,0.12+1.34=1.46,0
10,0.094854,0.294471,8.19,7.95,10,10,5,0.13+1.12=1.24,0.12+1.37=1.49,0
10,0.094854,0.294471,9.43,9.40,10,10,6,0.13+1.11=1.24,0.12+1.33=1.45,0
10,0.094854,0.294471,10.66,10.85,10,10,7,0.12+1.11=1.23,0.11+1.34=1.45,0
10,0.094854,0.294471,11.89,12.33,10,10,8,0.13+1.11=1.24,0.13+1.35=1.48,0
10,0.094854,0.294471,13.12,13.79,10,10,9,0.13+1.11=1.23,0.12+1.34=1.46,0
10,0.094854,0.294471,14.35,15.26,10,10,10,0.12+1.10=1.22,0.12+1.35=1.47,0
10,0.115203,0.329123,3.25,2.01,10,10,1,2.16+1.09=3.25,0.69+1.32=2.01,0
10,0.117538,0.330221,4.50,3.50,10,10,2,0.13+1.13=1.26,0.13+1.36=1.49,0
10,0.114050,0.325167,5.73,4.96,10,10,3,0.13+1.10=1.23,0.12+1.34=1.46,0
10,0.111878,0.323595,6.97,6.42,10,10,4,0.13+1.10=1.23,0.12+1.34=1.46,0
10,0.112790,0.324965,8.20,7.89,10,10,5,0.13+1.10=1.23,0.13+1.34=1.47,0
10,0.111248,0.323077,9.47,9.40,10,10,6,0.13+1.15=1.28,0.14+1.37=1.51,0
10,0.109502,0.320186,10.70,10.88,10,10,7,0.13+1.10=1.23,0.13+1.35=1.48,0
10,0.110081,0.320975,11.93,12.35,10,10,8,0.13+1.10=1.22,0.12+1.35=1.47,0
10,0.109944,0.320784,13.15,13.80,10,10,9,0.13+1.10=1.23,0.13+1.32=1.45,0
10,0.109944,0.320784,14.38,15.27,10,10,10,0.13+1.10=1.23,0.13+1.34=1.47,0
10,0.152892,0.383908,3.28,2.04,10,10,1,2.18+1.09=3.28,0.69+1.35=2.04,0
10,0.140832,0.369027,4.52,3.51,10,10,2,0.13+1.11=1.24,0.13+1.34=1.47,0
10,0.142495,0.371027,5.78,5.02,10,10,3,0.14+1.12=1.26,0.13+1.38=1.51,0
10,0.140254,0.366461,7.02,6.49,10,10,4,0.14+1.11=1.25,0.12+1.35=1.47,0
10,0.135351,0.361018,8.25,7.92,10,10,5,0.14+1.09=1.23,0.13+1.30=1.43,0
10,0.144186,0.373518,9.49,9.38,10,10,6,0.13+1.11=1.24,0.13+1.33=1.46,0
10,0.146591,0.376588,10.75,10.85,10,10,7,0.13+1.12=1.26,0.13+1.34=1.47,0
10,0.145603,0.375496,11.99,12.29,10,10,8,0.13+1.11=1.24,0.13+1.31=1.44,0
10,0.145528,0.375414,13.23,13.75,10,10,9,0.13+1.10=1.24,0.13+1.33=1.46,0
10,0.145528,0.375414,14.47,15.22,10,10,10,0.13+1.11=1.24,0.13+1.34=1.47,0
10,0.094776,0.291276,3.26,2.04,10,10,1,2.16+1.10=3.26,0.68+1.36=2.04,0
10,0.091564,0.285965,4.49,3.54,10,10,2,0.13+1.11=1.23,0.13+1.37=1.50,0
10,0.090985,0.285247,5.72,5.01,10,10,3,0.12+1.11=1.23,0.12+1.35=1.47,0
10,0.090913,0.285115,6.95,6.48,10,10,4,0.13+1.10=1.22,0.13+1.34=1.47,0
10,0.090838,0.285043,8.17,7.96,10,10,5,0.12+1.10=1.22,0.13+1.35=1.48,0
10,0.090824,0.285129,9.38,9.43,10,10,6,0.12+1.09=1.22,0.12+1.35=1.47,0
10,0.090595,0.284827,10.62,10.93,10,10,7,0.12+1.11=1.23,0.11+1.39=1.50,0
10,0.090536,0.284774,11.85,12.41,10,10,8,0.12+1.11=1.23,0.12+1.36=1.48,0
10,0.090487,0.284716,13.08,13.90,10,10,9,0.12+1.11=1.23,0.13+1.36=1.49,0
10,0.090487,0.284716,14.30,15.37,10,10,10,0.12+1.10=1.22,0.12+1.35=1.47,0
10,0.094776,0.291276,3.26,2.08,10,10,1,2.16+1.09=3.26,0.68+1.40=2.08,0
10,0.091541,0.285905,4.47,3.56,10,10,2,0.12+1.09=1.21,0.12+1.36=1.48,0
10,0.090944,0.285156,5.69,5.04,10,10,3,0.12+1.09=1.22,0.12+1.36=1.48,0
10,0.090774,0.284939,6.91,6.53,10,10,4,0.13+1.09=1.22,0.13+1.36=1.49,0
10,0.090718,0.284863,8.12,8.00,10,10,5,0.12+1.09=1.21,0.12+1.35=1.47,0
10,0.090704,0.284984,9.33,9.47,10,10,6,0.12+1.09=1.21,0.12+1.35=1.47,0
10,0.090472,0.284673,10.55,10.93,10,10,7,0.12+1.09=1.22,0.12+1.34=1.46,0
10,0.089800,0.283724,11.78,12.41,10,10,8,0.12+1.11=1.23,0.12+1.36=1.48,0
10,0.089628,0.283501,13.01,13.90,10,10,9,0.12+1.10=1.22,0.13+1.36=1.49,0
10,0.089516,0.283314,14.23,15.39,10,10,10,0.12+1.10=1.22,0.12+1.37=1.49,0
10,0.094617,0.289818,3.26,2.06,10,10,1,2.16+1.10=3.25,0.69+1.37=2.06,0
10,0.090442,0.284118,4.48,3.55,10,10,2,0.12+1.10=1.22,0.12+1.37=1.49,0
10,0.090232,0.284253,5.70,5.02,10,10,3,0.13+1.10=1.22,0.12+1.35=1.47,0
10,0.089518,0.283426,6.93,6.50,10,10,4,0.13+1.10=1.23,0.13+1.35=1.48,0
10,0.089254,0.283050,8.15,7.98,10,10,5,0.12+1.10=1.23,0.13+1.35=1.48,0
10,0.088982,0.282600,9.39,9.47,10,10,6,0.13+1.11=1.23,0.11+1.38=1.49,0
10,0.088952,0.282562,10.61,10.96,10,10,7,0.13+1.10=1.22,0.13+1.36=1.49,0
10,0.088952,0.282562,11.85,12.46,10,10,8,0.13+1.11=1.23,0.12+1.38=1.50,0
10,0.088952,0.282562,13.07,13.96,10,10,9,0.13+1.10=1.23,0.12+1.38=1.50,0
10,0.088952,0.282562,14.30,15.43,10,10,10,0.13+1.10=1.23,0.12+1.35=1.47,0
10,0.093207,0.287847,3.24,2.04,10,10,1,2.15+1.10=3.24,0.67+1.36=2.03,0
10,0.088871,0.281746,4.51,3.56,10,10,2,0.13+1.13=1.26,0.13+1.39=1.52,0
10,0.088357,0.280993,5.73,5.03,10,10,3,0.13+1.10=1.22,0.12+1.35=1.47,0
10,0.088342,0.280975,6.97,6.51,10,10,4,0.13+1.10=1.23,0.13+1.35=1.48,0
10,0.088342,0.280975,8.18,7.98,10,10,5,0.13+1.09=1.22,0.12+1.35=1.47,0
10,0.088342,0.280975,9.41,9.47,10,10,6,0.13+1.10=1.23,0.12+1.37=1.49,0
10,0.088342,0.280975,10.63,10.93,10,10,7,0.13+1.09=1.22,0.12+1.34=1.46,0
10,0.088342,0.280975,11.86,12.40,10,10,8,0.13+1.10=1.23,0.13+1.34=1.47,0
10,0.088342,0.280975,13.08,13.87,10,10,9,0.13+1.10=1.22,0.12+1.35=1.47,0
10,0.088342,0.280975,14.31,15.36,10,10,10,0.13+1.10=1.23,0.14+1.35=1.49,0
10,0.094027,0.290600,3.20,2.04,10,10,1,2.10+1.10=3.20,0.66+1.37=2.03,0
10,0.089277,0.284011,4.42,3.50,10,10,2,0.12+1.09=1.22,0.13+1.33=1.46,0
10,0.089141,0.283856,5.64,4.95,10,10,3,0.12+1.09=1.22,0.12+1.33=1.45,0
10,0.089131,0.283843,6.85,6.40,10,10,4,0.12+1.09=1.22,0.12+1.33=1.45,0
10,0.089131,0.283843,8.11,7.90,10,10,5,0.12+1.13=1.25,0.12+1.37=1.49,0
10,0.089131,0.283843,9.33,9.36,10,10,6,0.13+1.09=1.22,0.11+1.35=1.46,0
10,0.089131,0.283843,10.54,10.80,10,10,7,0.12+1.09=1.22,0.12+1.32=1.44,0
10,0.089131,0.283843,11.76,12.23,10,10,8,0.12+1.09=1.21,0.11+1.32=1.43,0
10,0.089131,0.283843,12.98,13.69,10,10,9,0.13+1.09=1.22,0.13+1.33=1.46,0
10,0.089131,0.283843,14.19,15.15,10,10,10,0.13+1.09=1.22,0.12+1.33=1.45,0
10,0.096210,0.294693,3.29,2.03,10,10,1,2.20+1.09=3.29,0.69+1.34=2.03,0
10,0.092220,0.288988,4.52,3.49,10,10,2,0.13+1.10=1.23,0.12+1.34=1.46,0
10,0.091727,0.288274,5.75,4.98,10,10,3,0.12+1.11=1.23,0.13+1.36=1.49,0
10,0.091659,0.288185,6.99,6.45,10,10,4,0.13+1.11=1.23,0.12+1.35=1.47,0
10,0.091659,0.288185,8.22,7.90,10,10,5,0.13+1.11=1.23,0.12+1.33=1.45,0
10,0.091659,0.288185,9.45,9.36,10,10,6,0.13+1.10=1.23,0.12+1.34=1.46,0
10,0.091659,0.288185,10.68,10.82,10,10,7,0.13+1.10=1.23,0.13+1.33=1.46,0
10,0.091659,0.288185,11.92,12.29,10,10,8,0.13+1.11=1.24,0.13+1.34=1.47,0
10,0.091659,0.288185,13.15,13.75,10,10,9,0.13+1.10=1.23,0.13+1.33=1.46,0
10,0.091659,0.288185,14.39,15.23,10,10,10,0.13+1.10=1.24,0.13+1.35=1.48,0
10,0.100393,0.302213,3.20,2.02,10,10,1,2.11+1.09=3.20,0.67+1.35=2.02,0
10,0.096790,0.297257,4.45,3.49,10,10,2,0.14+1.11=1.25,0.13+1.34=1.47,0
10,0.095553,0.295424,5.69,4.97,10,10,3,0.13+1.10=1.24,0.14+1.34=1.48,0
10,0.095389,0.295172,6.92,6.43,10,10,4,0.13+1.10=1.23,0.12+1.34=1.46,0
10,0.095654,0.295820,8.15,7.90,10,10,5,0.13+1.11=1.23,0.13+1.34=1.47,0
10,0.095642,0.295955,9.38,9.38,10,10,6,0.13+1.10=1.23,0.12+1.36=1.48,0
10,0.095967,0.296919,10.61,10.84,10,10,7,0.13+1.10=1.23,0.13+1.33=1.46,0
10,0.096952,0.298585,11.86,12.32,10,10,8,0.13+1.12=1.25,0.12+1.36=1.48,0
10,0.097822,0.299813,13.10,13.80,10,10,9,0.13+1.12=1.24,0.12+1.36=1.48,0
10,0.098038,0.300124,14.33,15.27,10,10,10,0.13+1.10=1.23,0.12+1.35=1.47,0
10,0.116797,0.331885,3.25,2.01,10,10,1,2.15+1.09=3.25,0.68+1.33=2.01,0
10,0.122217,0.337034,4.53,3.52,10,10,2,0.13+1.15=1.28,0.13+1.38=1.51,0
10,0.116648,0.330018,5.78,5.01,10,10,3,0.13+1.12=1.25,0.12+1.37=1.49,0
10,0.111607,0.323435,7.01,6.47,10,10,4,0.13+1.11=1.24,0.12+1.33=1.45,0
10,0.110869,0.322362,8.25,7.95,10,10,5,0.13+1.11=1.24,0.13+1.35=1.48,0
10,0.110827,0.322311,9.49,9.43,10,10,6,0.13+1.11=1.24,0.13+1.35=1.48,0
10,0.110827,0.322311,10.72,10.91,10,10,7,0.13+1.10=1.23,0.13+1.35=1.48,0
10,0.110827,0.322311,11.96,12.37,10,10,8,0.13+1.11=1.24,0.12+1.34=1.46,0
10,0.110827,0.322311,13.19,13.86,10,10,9,0.13+1.10=1.23,0.13+1.36=1.49,0
10,0.110827,0.322311,14.43,15.32,10,10,10,0.13+1.10=1.24,0.13+1.33=1.46,0
10,0.160237,0.394262,3.21,2.01,10,10,1,2.12+1.09=3.21,0.67+1.34=2.01,0
10,0.149067,0.380267,4.45,3.47,10,10,2,0.14+1.11=1.25,0.14+1.32=1.46,0
10,0.148960,0.379597,5.69,4.92,10,10,3,0.14+1.10=1.23,0.14+1.31=1.45,0
10,0.154175,0.387560,6.92,6.36,10,10,4,0.13+1.10=1.24,0.13+1.31=1.44,0
10,0.153500,0.386782,8.16,7.82,10,10,5,0.13+1.10=1.24,0.13+1.33=1.46,0
10,0.153597,0.386924,9.40,9.26,10,10,6,0.14+1.10=1.24,0.13+1.31=1.44,0
10,0.153575,0.386915,10.64,10.72,10,10,7,0.14+1.10=1.25,0.14+1.32=1.46,0
10,0.153520,0.386849,11.88,12.17,10,10,8,0.14+1.10=1.24,0.14+1.31=1.45,0
10,0.153520,0.386849,13.12,13.61,10,10,9,0.14+1.10=1.24,0.13+1.31=1.44,0
10,0.153520,0.386849,14.37,15.08,10,10,10,0.14+1.11=1.25,0.14+1.33=1.47,0
10,0.093144,0.287920,3.29,2.07,10,10,1,2.20+1.09=3.29,0.72+1.35=2.07,0
10,0.088863,0.281468,4.52,3.55,10,10,2,0.13+1.10=1.23,0.14+1.34=1.48,0
10,0.088406,0.280833,5.74,5.03,10,10,3,0.13+1.09=1.22,0.13+1.35=1.48,0
10,0.088302,0.280789,6.95,6.49,10,10,4,0.13+1.09=1.21,0.12+1.34=1.46,0
10,0.088245,0.280729,8.16,7.95,10,10,5,0.13+1.08=1.21,0.12+1.34=1.46,0
10,0.088243,0.280727,9.38,9.40,10,10,6,0.13+1.09=1.22,0.13+1.32=1.45,0
10,0.088243,0.280727,10.59,10.88,10,10,7,0.12+1.09=1.21,0.13+1.35=1.48,0
10,0.088243,0.280727,11.82,12.36,10,10,8,0.13+1.09=1.22,0.12+1.36=1.48,0
10,0.088243,0.280727,13.03,13.81,10,10,9,0.13+1.09=1.21,0.12+1.33=1.45,0
10,0.088243,0.280727,14.24,15.26,10,10,10,0.13+1.09=1.21,0.12+1.33=1.45,0
10,0.093144,0.287920,3.24,2.05,10,10,1,2.15+1.09=3.23,0.68+1.37=2.05,0
10,0.088863,0.281468,4.48,3.54,10,10,2,0.12+1.12=1.24,0.12+1.37=1.49,0
10,0.088406,0.280833,5.69,4.98,10,10,3,0.12+1.09=1.21,0.11+1.33=1.44,0
10,0.088302,0.280789,6.90,6.44,10,10,4,0.12+1.09=1.21,0.12+1.34=1.46,0
10,0.088245,0.280729,8.11,7.89,10,10,5,0.13+1.09=1.21,0.12+1.33=1.45,0
10,0.088243,0.280727,9.32,9.35,10,10,6,0.12+1.09=1.21,0.13+1.33=1.46,0
10,0.088243,0.280727,10.54,10.81,10,10,7,0.13+1.09=1.22,0.13+1.33=1.46,0
10,0.088243,0.280727,11.76,12.25,10,10,8,0.12+1.09=1.21,0.12+1.32=1.44,0
10,0.088243,0.280727,12.97,13.71,10,10,9,0.13+1.08=1.21,0.13+1.33=1.46,0
10,0.088243,0.280727,14.18,15.17,10,10,10,0.12+1.09=1.21,0.12+1.34=1.46,0
10,0.093268,0.287762,3.26,2.06,10,10,1,2.17+1.10=3.26,0.67+1.39=2.06,0
10,0.088803,0.281446,4.48,3.50,10,10,2,0.12+1.09=1.21,0.12+1.32=1.44,0
10,0.088406,0.280833,5.69,4.96,10,10,3,0.12+1.09=1.22,0.12+1.34=1.46,0
10,0.088299,0.280814,6.91,6.42,10,10,4,0.12+1.09=1.22,0.12+1.34=1.46,0
10,0.088244,0.280756,8.12,7.86,10,10,5,0.13+1.09=1.21,0.12+1.31=1.43,0
10,0.088241,0.280754,9.34,9.34,10,10,6,0.13+1.09=1.22,0.13+1.35=1.48,0
10,0.088241,0.280754,10.55,10.80,10,10,7,0.13+1.09=1.21,0.12+1.34=1.46,0
10,0.088241,0.280754,11.77,12.25,10,10,8,0.13+1.09=1.21,0.12+1.33=1.45,0
10,0.088241,0.280754,12.99,13.71,10,10,9,0.13+1.09=1.22,0.13+1.33=1.46,0
10,0.088241,0.280754,14.20,15.15,10,10,10,0.12+1.09=1.21,0.12+1.32=1.44,0
10,0.093319,0.288021,3.26,2.09,10,10,1,2.17+1.09=3.25,0.71+1.38=2.09,0
10,0.088859,0.281783,4.52,3.59,10,10,2,0.14+1.12=1.26,0.13+1.37=1.50,0
10,0.088655,0.281414,5.74,5.06,10,10,3,0.13+1.09=1.22,0.12+1.35=1.47,0
10,0.088627,0.281373,6.96,6.51,10,10,4,0.13+1.09=1.22,0.12+1.33=1.45,0
10,0.088627,0.281373,8.18,8.00,10,10,5,0.13+1.09=1.22,0.13+1.36=1.49,0
10,0.088627,0.281373,9.40,9.48,10,10,6,0.12+1.10=1.22,0.12+1.36=1.48,0
10,0.088627,0.281373,10.64,10.94,10,10,7,0.12+1.11=1.23,0.12+1.34=1.46,0
10,0.088627,0.281373,11.86,12.41,10,10,8,0.12+1.10=1.22,0.12+1.35=1.47,0
10,0.088627,0.281373,13.08,13.88,10,10,9,0.12+1.10=1.22,0.12+1.35=1.47,0
10,0.088627,0.281373,14.30,15.37,10,10,10,0.12+1.10=1.22,0.12+1.37=1.49,0
10,0.094288,0.291156,3.25,2.06,10,10,1,2.16+1.09=3.25,0.70+1.36=2.06,0
10,0.089609,0.284527,4.47,3.52,10,10,2,0.13+1.09=1.22,0.12+1.34=1.46,0
10,0.089482,0.284361,5.69,4.97,10,10,3,0.13+1.09=1.22,0.13+1.32=1.45,0
10,0.089464,0.284335,6.90,6.42,10,10,4,0.12+1.09=1.21,0.11+1.34=1.45,0
10,0.089446,0.284314,8.12,7.88,10,10,5,0.13+1.09=1.22,0.12+1.34=1.46,0
10,0.089446,0.284314,9.34,9.32,10,10,6,0.12+1.09=1.22,0.13+1.31=1.44,0
10,0.089446,0.284314,10.55,10.77,10,10,7,0.13+1.09=1.22,0.13+1.32=1.45,0
10,0.089446,0.284314,11.78,12.24,10,10,8,0.13+1.10=1.23,0.13+1.34=1.47,0
10,0.089446,0.284314,13.01,13.70,10,10,9,0.13+1.10=1.23,0.13+1.33=1.46,0
10,0.089446,0.284314,14.24,15.16,10,10,10,0.13+1.10=1.23,0.13+1.33=1.46,0
10,0.097043,0.296110,3.23,2.04,10,10,1,2.14+1.09=3.23,0.69+1.35=2.04,0
10,0.092646,0.290155,4.45,3.49,10,10,2,0.13+1.09=1.21,0.12+1.33=1.45,0
10,0.092032,0.289466,5.67,4.96,10,10,3,0.13+1.10=1.23,0.12+1.35=1.47,0
10,0.091896,0.289292,6.90,6.42,10,10,4,0.13+1.10=1.23,0.12+1.34=1.46,0
10,0.091896,0.289292,8.13,7.88,10,10,5,0.13+1.10=1.23,0.13+1.33=1.46,0
10,0.091896,0.289292,9.36,9.34,10,10,6,0.13+1.10=1.23,0.14+1.32=1.46,0
10,0.091896,0.289292,10.59,10.79,10,10,7,0.13+1.10=1.23,0.12+1.33=1.45,0
10,0.091896,0.289292,11.82,12.26,10,10,8,0.13+1.10=1.23,0.14+1.33=1.47,0
10,0.091896,0.289292,13.05,13.74,10,10,9,0.13+1.10=1.23,0.13+1.35=1.48,0
10,0.091896,0.289292,14.29,15.23,10,10,10,0.13+1.10=1.23,0.13+1.36=1.49,0
10,0.103283,0.307455,3.21,2.03,10,10,1,2.10+1.11=3.21,0.67+1.36=2.03,0
10,0.099451,0.302935,4.46,3.52,10,10,2,0.13+1.12=1.25,0.13+1.36=1.49,0
10,0.101163,0.305250,5.71,5.00,10,10,3,0.13+1.12=1.25,0.12+1.36=1.48,0
10,0.100963,0.305124,6.99,6.52,10,10,4,0.13+1.16=1.28,0.12+1.40=1.52,0
10,0.102052,0.306712,8.23,7.98,10,10,5,0.13+1.11=1.24,0.12+1.34=1.46,0
10,0.101973,0.306306,9.47,9.45,10,10,6,0.13+1.11=1.24,0.13+1.34=1.47,0
10,0.099887,0.304301,10.71,10.92,10,10,7,0.13+1.11=1.24,0.13+1.34=1.47,0
10,0.099887,0.304300,11.96,12.39,10,10,8,0.13+1.12=1.25,0.12+1.35=1.47,0
10,0.099887,0.304300,13.21,13.87,10,10,9,0.13+1.12=1.25,0.13+1.35=1.48,0
10,0.099887,0.304300,14.45,15.36,10,10,10,0.13+1.11=1.24,0.13+1.36=1.49,0
10,0.119805,0.336397,3.22,2.02,10,10,1,2.12+1.10=3.22,0.66+1.36=2.02,0
10,0.123095,0.339060,4.47,3.50,10,10,2,0.13+1.11=1.25,0.13+1.35=1.48,0
10,0.120452,0.334844,5.72,4.98,10,10,3,0.13+1.12=1.25,0.13+1.35=1.48,0
10,0.117574,0.332290,6.95,6.44,10,10,4,0.13+1.10=1.23,0.13+1.33=1.46,0
10,0.117940,0.333203,8.18,7.90,10,10,5,0.13+1.10=1.23,0.13+1.33=1.46,0
10,0.119688,0.335806,9.41,9.35,10,10,6,0.13+1.10=1.23,0.13+1.32=1.45,0
10,0.119059,0.335539,10.64,10.80,10,10,7,0.13+1.10=1.22,0.13+1.32=1.45,0
10,0.119893,0.336783,11.89,12.25,10,10,8,0.13+1.11=1.25,0.12+1.33=1.45,0
10,0.122861,0.340295,13.12,13.72,10,10,9,0.13+1.11=1.23,0.13+1.34=1.47,0
10,0.121499,0.338690,14.34,15.14,10,10,10,0.13+1.09=1.22,0.13+1.29=1.42,0
10,0.160491,0.394641,3.27,2.02,10,10,1,2.18+1.09=3.26,0.70+1.32=2.02,0
10,0.149517,0.380804,4.52,3.49,10,10,2,0.14+1.11=1.25,0.14+1.33=1.47,0
10,0.149033,0.379644,5.75,4.92,10,10,3,0.13+1.10=1.23,0.12+1.31=1.43,0
10,0.153832,0.387158,6.99,6.37,10,10,4,0.13+1.11=1.24,0.13+1.32=1.45,0
10,0.153639,0.386921,8.24,7.84,10,10,5,0.13+1.12=1.25,0.14+1.33=1.47,0
10,0.153077,0.386189,9.48,9.30,10,10,6,0.13+1.12=1.24,0.13+1.33=1.46,0
10,0.153595,0.386914,10.73,10.75,10,10,7,0.13+1.12=1.25,0.13+1.32=1.45,0
10,0.153410,0.386666,11.98,12.22,10,10,8,0.13+1.12=1.25,0.13+1.34=1.47,0
10,0.153410,0.386666,13.23,13.68,10,10,9,0.13+1.12=1.25,0.13+1.33=1.46,0
10,0.153410,0.386666,14.48,15.15,10,10,10,0.13+1.12=1.25,0.13+1.34=1.47,0
10,0.093958,0.290654,3.25,2.07,10,10,1,2.16+1.09=3.25,0.69+1.37=2.06,0
10,0.089277,0.284052,4.47,3.53,10,10,2,0.13+1.09=1.22,0.14+1.32=1.46,0
10,0.089080,0.283745,5.70,5.00,10,10,3,0.14+1.10=1.23,0.12+1.35=1.47,0
10,0.089079,0.283719,6.93,6.46,10,10,4,0.13+1.09=1.22,0.12+1.34=1.46,0
10,0.089077,0.283716,8.15,7.96,10,10,5,0.13+1.09=1.22,0.13+1.37=1.50,0
10,0.089077,0.283716,9.39,9.44,10,10,6,0.12+1.12=1.25,0.13+1.35=1.48,0
10,0.089077,0.283716,10.61,10.89,10,10,7,0.13+1.09=1.22,0.12+1.33=1.45,0
10,0.089077,0.283716,11.83,12.35,10,10,8,0.13+1.08=1.21,0.12+1.34=1.46,0
10,0.089077,0.283716,13.04,13.80,10,10,9,0.13+1.09=1.22,0.12+1.33=1.45,0
10,0.089077,0.283716,14.26,15.26,10,10,10,0.13+1.09=1.22,0.13+1.33=1.46,0
10,0.093958,0.290654,3.25,2.03,10,10,1,2.16+1.09=3.25,0.69+1.34=2.03,0
10,0.089277,0.284052,4.47,3.48,10,10,2,0.12+1.09=1.22,0.12+1.33=1.45,0
10,0.089085,0.283766,5.69,4.94,10,10,3,0.13+1.09=1.22,0.13+1.33=1.46,0
10,0.089085,0.283762,6.91,6.39,10,10,4,0.12+1.09=1.22,0.12+1.33=1.45,0
10,0.089083,0.283760,8.13,7.83,10,10,5,0.13+1.09=1.22,0.13+1.31=1.44,0
10,0.089083,0.283760,9.35,9.31,10,10,6,0.13+1.10=1.22,0.12+1.36=1.48,0
10,0.089083,0.283760,10.58,10.76,10,10,7,0.13+1.10=1.23,0.12+1.33=1.45,0
10,0.089083,0.283760,11.80,12.21,10,10,8,0.13+1.09=1.22,0.13+1.32=1.45,0
10,0.089083,0.283760,13.02,13.69,10,10,9,0.12+1.10=1.22,0.13+1.35=1.48,0
10,0.089083,0.283760,14.24,15.15,10,10,10,0.12+1.10=1.22,0.12+1.34=1.46,0
10,0.093958,0.290654,3.21,1.99,10,10,1,2.12+1.09=3.21,0.64+1.34=1.98,0
10,0.089277,0.284052,4.43,3.46,10,10,2,0.12+1.09=1.22,0.13+1.34=1.47,0
10,0.089085,0.283766,5.69,4.96,10,10,3,0.13+1.13=1.26,0.13+1.37=1.50,0
10,0.089085,0.283762,6.91,6.41,10,10,4,0.13+1.09=1.22,0.12+1.33=1.45,0
10,0.089083,0.283760,8.13,7.85,10,10,5,0.13+1.09=1.22,0.12+1.32=1.44,0
10,0.089083,0.283760,9.35,9.31,10,10,6,0.12+1.10=1.22,0.13+1.33=1.46,0
10,0.089083,0.283760,10.57,10.77,10,10,7,0.12+1.10=1.22,0.12+1.34=1.46,0
10,0.089083,0.283760,11.79,12.23,10,10,8,0.13+1.09=1.22,0.13+1.33=1.46,0
10,0.089083,0.283760,13.01,13.69,10,10,9,0.13+1.09=1.22,0.12+1.34=1.46,0
10,0.089083,0.283760,14.23,15.14,10,10,10,0.12+1.09=1.22,0.13+1.32=1.45,0
10,0.093958,0.290654,3.25,2.06,10,10,1,2.15+1.10=3.24,0.69+1.37=2.06,0
10,0.089276,0.284081,4.48,3.52,10,10,2,0.13+1.10=1.24,0.12+1.34=1.46,0
10,0.089084,0.283796,5.71,4.99,10,10,3,0.13+1.09=1.23,0.13+1.34=1.47,0
10,0.089084,0.283792,6.93,6.47,10,10,4,0.12+1.10=1.22,0.12+1.36=1.48,0
10,0.089082,0.283790,8.17,7.95,10,10,5,0.13+1.11=1.24,0.11+1.37=1.48,0
10,0.089082,0.283790,9.41,9.42,10,10,6,0.13+1.12=1.24,0.12+1.35=1.47,0
10,0.089082,0.283790,10.65,10.89,10,10,7,0.13+1.11=1.24,0.12+1.35=1.47,0
10,0.089082,0.283790,11.88,12.36,10,10,8,0.12+1.11=1.23,0.11+1.36=1.47,0
10,0.089082,0.283790,13.12,13.83,10,10,9,0.12+1.11=1.23,0.12+1.35=1.47,0
10,0.089082,0.283790,14.35,15.31,10,10,10,0.12+1.11=1.23,0.12+1.36=1.48,0
10,0.095030,0.292621,3.24,2.01,10,10,1,2.15+1.09=3.24,0.69+1.32=2.01,0
10,0.090307,0.285689,4.47,3.46,10,10,2,0.12+1.11=1.23,0.12+1.33=1.45,0
10,0.089579,0.284623,5.69,4.93,10,10,3,0.12+1.10=1.22,0.12+1.35=1.47,0
10,0.089529,0.284548,6.91,6.37,10,10,4,0.12+1.09=1.21,0.11+1.33=1.44,0
10,0.089529,0.284548,8.12,7.81,10,10,5,0.13+1.09=1.22,0.12+1.32=1.44,0
10,0.089529,0.284548,9.34,9.24,10,10,6,0.12+1.09=1.21,0.13+1.30=1.43,0
10,0.089529,0.284548,10.55,10.68,10,10,7,0.12+1.09=1.21,0.13+1.31=1.44,0
10,0.089529,0.284548,11.77,12.14,10,10,8,0.12+1.09=1.22,0.12+1.34=1.46,0
10,0.089529,0.284548,12.98,13.58,10,10,9,0.13+1.09=1.21,0.12+1.32=1.44,0
10,0.089529,0.284548,14.19,15.03,10,10,10,0.12+1.09=1.21,0.13+1.32=1.45,0
10,0.098093,0.297970,3.18,2.00,10,10,1,2.09+1.09=3.18,0.66+1.34=2.00,0
10,0.093555,0.292232,4.42,3.46,10,10,2,0.13+1.11=1.23,0.13+1.33=1.46,0
10,0.093766,0.293022,5.63,4.91,10,10,3,0.13+1.09=1.22,0.13+1.32=1.45,0
10,0.093874,0.293366,6.87,6.38,10,10,4,0.13+1.11=1.23,0.13+1.34=1.47,0
10,0.094328,0.294070,8.10,7.83,10,10,5,0.13+1.11=1.23,0.11+1.34=1.45,0
10,0.093911,0.293467,9.34,9.30,10,10,6,0.13+1.11=1.24,0.13+1.34=1.47,0
10,0.093913,0.293431,10.58,10.77,10,10,7,0.13+1.11=1.23,0.12+1.35=1.47,0
10,0.094160,0.293865,11.82,12.26,10,10,8,0.13+1.12=1.25,0.13+1.36=1.49,0
10,0.093739,0.293311,13.07,13.74,10,10,9,0.14+1.11=1.25,0.14+1.34=1.48,0
10,0.093032,0.292797,14.32,15.21,10,10,10,0.13+1.12=1.25,0.13+1.34=1.47,0
10,0.103289,0.307494,3.16,2.04,10,10,1,2.04+1.12=3.16,0.65+1.37=2.02,0
10,0.099435,0.302897,4.41,3.50,10,10,2,0.14+1.10=1.24,0.12+1.34=1.46,0
10,0.101015,0.304481,5.65,4.98,10,10,3,0.13+1.12=1.24,0.13+1.35=1.48,0
10,0.103431,0.307345,6.89,6.44,10,10,4,0.13+1.11=1.24,0.13+1.33=1.46,0
10,0.099669,0.303830,8.13,7.90,10,10,5,0.12+1.12=1.24,0.13+1.33=1.46,0
10,0.099731,0.303973,9.37,9.35,10,10,6,0.13+1.11=1.24,0.13+1.32=1.45,0
10,0.099593,0.303792,10.61,10.80,10,10,7,0.13+1.10=1.23,0.14+1.31=1.45,0
10,0.099593,0.303792,11.85,12.26,10,10,8,0.14+1.10=1.24,0.13+1.33=1.46,0
10,0.099593,0.303792,13.08,13.71,10,10,9,0.13+1.10=1.23,0.12+1.33=1.45,0
10,0.099593,0.303792,14.32,15.17,10,10,10,0.14+1.10=1.23,0.13+1.33=1.46,0
10,0.121920,0.339761,3.25,2.02,10,10,1,2.16+1.08=3.24,0.69+1.33=2.02,0
10,0.125462,0.342228,4.49,3.49,10,10,2,0.13+1.12=1.25,0.12+1.35=1.47,0
10,0.121090,0.336473,5.72,4.94,10,10,3,0.13+1.09=1.22,0.14+1.31=1.45,0
10,0.120897,0.336785,6.97,6.42,10,10,4,0.14+1.11=1.25,0.13+1.35=1.48,0
10,0.120083,0.335491,8.25,7.93,10,10,5,0.13+1.15=1.28,0.13+1.38=1.51,0
10,0.119099,0.334519,9.50,9.40,10,10,6,0.13+1.12=1.25,0.13+1.34=1.47,0
10,0.118975,0.334341,10.74,10.87,10,10,7,0.13+1.11=1.24,0.13+1.34=1.47,0
10,0.118851,0.334183,11.99,12.33,10,10,8,0.13+1.11=1.24,0.12+1.34=1.46,0
10,0.118962,0.334317,13.23,13.78,10,10,9,0.13+1.11=1.24,0.12+1.33=1.45,0
10,0.118704,0.334011,14.47,15.26,10,10,10,0.13+1.12=1.25,0.13+1.35=1.48,0
10,0.165734,0.401662,3.22,2.02,10,10,1,2.13+1.09=3.22,0.68+1.34=2.02,0
10,0.160287,0.394207,4.47,3.49,10,10,2,0.13+1.12=1.25,0.12+1.35=1.47,0
9,0.155594,0.388790,5.70,4.94,10,10,3,0.13+1.10=1.23,0.13+1.32=1.45,0
9,0.159995,0.395074,6.96,6.43,10,10,4,0.13+1.13=1.26,0.13+1.36=1.49,0
9,0.158704,0.393594,8.22,7.89,10,10,5,0.13+1.13=1.26,0.12+1.34=1.46,0
9,0.158591,0.393450,9.47,9.37,10,10,6,0.13+1.13=1.25,0.13+1.35=1.48,0
9,0.158481,0.393337,10.74,10.87,10,10,7,0.13+1.14=1.27,0.13+1.37=1.50,0
9,0.158581,0.393442,12.00,12.35,10,10,8,0.13+1.13=1.26,0.13+1.35=1.48,0
9,0.158481,0.393337,13.27,13.84,10,10,9,0.13+1.15=1.27,0.12+1.37=1.49,0
9,0.158581,0.393442,14.53,15.31,10,10,10,0.13+1.13=1.26,0.13+1.34=1.47,0
10,0.096384,0.295275,3.21,2.02,10,10,1,2.11+1.10=3.21,0.66+1.36=2.02,0
10,0.092335,0.289547,4.44,3.46,10,10,2,0.13+1.09=1.22,0.13+1.31=1.44,0
10,0.091695,0.288503,5.68,4.92,10,10,3,0.13+1.12=1.24,0.12+1.34=1.46,0
10,0.091774,0.288639,6.91,6.38,10,10,4,0.13+1.11=1.24,0.13+1.33=1.46,0
10,0.091714,0.288561,8.15,7.86,10,10,5,0.13+1.11=1.24,0.13+1.35=1.48,0
10,0.091714,0.288561,9.39,9.33,10,10,6,0.13+1.12=1.24,0.12+1.35=1.47,0
10,0.091714,0.288561,10.63,10.79,10,10,7,0.12+1.12=1.24,0.12+1.34=1.46,0
10,0.091714,0.288561,11.87,12.27,10,10,8,0.12+1.11=1.23,0.13+1.35=1.48,0
10,0.091714,0.288561,13.11,13.73,10,10,9,0.13+1.12=1.24,0.13+1.33=1.46,0
10,0.091714,0.288561,14.35,15.20,10,10,10,0.12+1.11=1.24,0.12+1.35=1.47,0
10,0.096384,0.295275,3.26,2.03,10,10,1,2.18+1.08=3.26,0.69+1.34=2.03,0
10,0.092335,0.289547,4.48,3.48,10,10,2,0.13+1.08=1.21,0.13+1.32=1.45,0
10,0.091695,0.288503,5.74,4.97,10,10,3,0.13+1.13=1.26,0.12+1.37=1.49,0
10,0.091774,0.288639,6.97,6.42,10,10,4,0.13+1.10=1.23,0.13+1.32=1.45,0
10,0.091714,0.288561,8.19,7.89,10,10,5,0.13+1.10=1.22,0.13+1.34=1.47,0
10,0.091714,0.288561,9.42,9.34,10,10,6,0.13+1.10=1.23,0.13+1.32=1.45,0
10,0.091714,0.288561,10.64,10.77,10,10,7,0.13+1.09=1.22,0.12+1.31=1.43,0
10,0.091714,0.288561,11.86,12.21,10,10,8,0.13+1.09=1.23,0.14+1.30=1.44,0
10,0.091714,0.288561,13.09,13.68,10,10,9,0.13+1.10=1.23,0.13+1.34=1.47,0
10,0.091714,0.288561,14.32,15.15,10,10,10,0.13+1.10=1.23,0.12+1.35=1.47,0
10,0.096384,0.295275,3.21,2.00,10,10,1,2.13+1.09=3.21,0.68+1.32=2.00,0
10,0.092335,0.289547,4.43,3.46,10,10,2,0.13+1.08=1.21,0.13+1.33=1.46,0
10,0.091695,0.288503,5.66,4.91,10,10,3,0.13+1.09=1.23,0.13+1.32=1.45,0
10,0.091774,0.288639,6.89,6.36,10,10,4,0.14+1.10=1.23,0.13+1.32=1.45,0
10,0.091714,0.288561,8.12,7.85,10,10,5,0.13+1.10=1.23,0.14+1.35=1.49,0
10,0.091714,0.288561,9.35,9.30,10,10,6,0.13+1.10=1.23,0.13+1.32=1.45,0
10,0.091714,0.288561,10.58,10.78,10,10,7,0.13+1.10=1.23,0.13+1.35=1.48,0
10,0.091714,0.288561,11.82,12.22,10,10,8,0.14+1.10=1.23,0.12+1.32=1.44,0
10,0.091714,0.288561,13.05,13.69,10,10,9,0.13+1.10=1.23,0.14+1.33=1.47,0
10,0.091714,0.288561,14.28,15.18,10,10,10,0.13+1.10=1.23,0.14+1.35=1.49,0
10,0.096384,0.295275,3.23,2.04,10,10,1,2.13+1.10=3.23,0.68+1.36=2.04,0
10,0.092335,0.289547,4.47,3.50,10,10,2,0.14+1.10=1.24,0.14+1.32=1.46,0
10,0.091695,0.288503,5.73,4.98,10,10,3,0.13+1.13=1.26,0.13+1.35=1.48,0
10,0.091774,0.288639,6.96,6.43,10,10,4,0.13+1.10=1.23,0.13+1.32=1.45,0
10,0.091714,0.288561,8.19,7.89,10,10,5,0.13+1.11=1.23,0.13+1.33=1.46,0
10,0.091714,0.288561,9.42,9.35,10,10,6,0.12+1.11=1.23,0.13+1.33=1.46,0
10,0.091714,0.288561,10.65,10.81,10,10,7,0.13+1.11=1.23,0.13+1.33=1.46,0
10,0.091714,0.288561,11.89,12.29,10,10,8,0.13+1.11=1.23,0.13+1.35=1.48,0
10,0.091714,0.288561,13.12,13.74,10,10,9,0.12+1.11=1.23,0.12+1.33=1.45,0
10,0.091714,0.288561,14.35,15.20,10,10,10,0.13+1.10=1.23,0.13+1.33=1.46,0
10,0.096384,0.295275,3.14,2.00,10,10,1,2.04+1.10=3.14,0.65+1.35=2.00,0
10,0.092335,0.289547,4.35,3.45,10,10,2,0.12+1.09=1.21,0.12+1.33=1.45,0
10,0.091929,0.288858,5.58,4.91,10,10,3,0.13+1.10=1.23,0.13+1.33=1.46,0
10,0.091778,0.288635,6.81,6.38,10,10,4,0.12+1.11=1.23,0.12+1.35=1.47,0
10,0.091811,0.288696,8.04,7.84,10,10,5,0.13+1.10=1.23,0.13+1.33=1.46,0
10,0.091802,0.288684,9.27,9.30,10,10,6,0.13+1.11=1.23,0.12+1.34=1.46,0
10,0.091802,0.288684,10.51,10.77,10,10,7,0.13+1.11=1.24,0.13+1.34=1.47,0
10,0.091802,0.288684,11.74,12.23,10,10,8,0.13+1.11=1.23,0.12+1.34=1.46,0
10,0.091802,0.288684,12.98,13.72,10,10,9,0.13+1.11=1.24,0.13+1.36=1.49,0
10,0.091802,0.288684,14.22,15.18,10,10,10,0.12+1.11=1.24,0.11+1.35=1.46,0
10,0.098452,0.298804,3.23,2.04,10,10,1,2.14+1.09=3.23,0.68+1.36=2.04,0
10,0.094944,0.294761,4.46,3.50,10,10,2,0.13+1.10=1.23,0.12+1.34=1.46,0
10,0.095623,0.296004,5.71,4.99,10,10,3,0.13+1.11=1.25,0.13+1.36=1.49,0
10,0.093964,0.294114,6.96,6.49,10,10,4,0.14+1.11=1.25,0.15+1.35=1.50,0
10,0.093623,0.293677,8.20,7.96,10,10,5,0.14+1.11=1.24,0.13+1.34=1.47,0
10,0.093675,0.293767,9.44,9.43,10,10,6,0.14+1.11=1.24,0.13+1.34=1.47,0
10,0.093667,0.293757,10.69,10.90,10,10,7,0.14+1.11=1.24,0.14+1.33=1.47,0
10,0.093667,0.293757,11.93,12.38,10,10,8,0.14+1.10=1.24,0.13+1.35=1.48,0
10,0.093667,0.293757,13.17,13.85,10,10,9,0.14+1.11=1.24,0.13+1.34=1.47,0
10,0.093667,0.293757,14.41,15.34,10,10,10,0.14+1.11=1.24,0.14+1.35=1.49,0
10,0.109600,0.320252,3.26,2.03,10,10,1,2.17+1.09=3.26,0.70+1.33=2.03,0
10,0.107247,0.315662,4.50,3.50,10,10,2,0.14+1.10=1.24,0.12+1.35=1.47,0
10,0.104190,0.309976,5.73,4.93,10,10,3,0.13+1.09=1.23,0.14+1.29=1.43,0
10,0.103841,0.310038,6.95,6.39,10,10,4,0.13+1.09=1.22,0.13+1.33=1.46,0
10,0.103157,0.309135,8.17,7.81,10,10,5,0.13+1.09=1.22,0.12+1.30=1.42,0
10,0.104039,0.310264,9.38,9.23,10,10,6,0.13+1.09=1.22,0.12+1.30=1.42,0
10,0.104357,0.310648,10.61,10.70,10,10,7,0.13+1.10=1.23,0.13+1.34=1.47,0
10,0.104073,0.310066,11.82,12.15,10,10,8,0.13+1.09=1.21,0.12+1.33=1.45,0
10,0.103312,0.309165,13.03,13.59,10,10,9,0.13+1.08=1.21,0.12+1.32=1.44,0
10,0.103291,0.309138,14.23,15.01,10,10,10,0.12+1.08=1.20,0.11+1.31=1.42,0
10,0.122099,0.340061,3.26,2.00,10,10,1,2.18+1.09=3.26,0.68+1.32=2.00,0
10,0.125436,0.342218,4.51,3.48,10,10,2,0.13+1.12=1.25,0.12+1.36=1.48,0
10,0.126579,0.341491,5.74,4.95,10,10,3,0.13+1.10=1.23,0.12+1.35=1.47,0
10,0.119639,0.335206,6.98,6.41,10,10,4,0.13+1.11=1.24,0.12+1.34=1.46,0
10,0.120651,0.336263,8.23,7.88,10,10,5,0.13+1.12=1.25,0.12+1.35=1.47,0
10,0.118587,0.333875,9.47,9.34,10,10,6,0.13+1.11=1.25,0.14+1.32=1.46,0
10,0.118544,0.333818,10.72,10.82,10,10,7,0.13+1.12=1.25,0.14+1.34=1.48,0
10,0.118544,0.333818,11.97,12.29,10,10,8,0.13+1.12=1.25,0.13+1.34=1.47,0
10,0.118544,0.333818,13.22,13.76,10,10,9,0.13+1.11=1.25,0.14+1.33=1.47,0
10,0.118544,0.333818,14.47,15.22,10,10,10,0.13+1.12=1.26,0.12+1.34=1.46,0
10,0.165734,0.401662,3.20,1.97,10,10,1,2.12+1.08=3.20,0.67+1.30=1.97,0
10,0.160287,0.394207,4.45,3.42,10,10,2,0.13+1.11=1.24,0.12+1.33=1.45,0
9,0.155594,0.388790,5.67,4.85,10,10,3,0.13+1.09=1.22,0.13+1.30=1.43,0
9,0.159995,0.395074,6.92,6.32,10,10,4,0.13+1.13=1.25,0.13+1.34=1.47,0
9,0.158891,0.393789,8.17,7.77,10,10,5,0.12+1.13=1.25,0.12+1.33=1.45,0
9,0.158684,0.393546,9.42,9.23,10,10,6,0.13+1.12=1.24,0.14+1.32=1.46,0
9,0.158674,0.393538,10.67,10.70,10,10,7,0.13+1.13=1.25,0.12+1.35=1.47,0
9,0.158674,0.393538,11.93,12.18,10,10,8,0.13+1.13=1.26,0.12+1.36=1.48,0
9,0.158674,0.393538,13.18,13.65,10,10,9,0.13+1.13=1.25,0.12+1.35=1.47,0
9,0.158674,0.393538,14.43,15.12,10,10,10,0.12+1.13=1.25,0.13+1.34=1.47,0
10,0.104073,0.310332,3.22,2.03,10,10,1,2.13+1.09=3.22,0.68+1.34=2.02,0
10,0.100532,0.304529,4.47,3.52,10,10,2,0.14+1.11=1.25,0.14+1.35=1.49,0
10,0.100386,0.303924,5.73,5.00,10,10,3,0.13+1.12=1.25,0.14+1.34=1.48,0
10,0.101465,0.305325,6.98,6.49,10,10,4,0.13+1.13=1.26,0.13+1.36=1.49,0
10,0.101996,0.306495,8.22,7.94,10,10,5,0.13+1.10=1.23,0.12+1.33=1.45,0
10,0.099419,0.303421,9.46,9.40,10,10,6,0.13+1.11=1.24,0.13+1.33=1.46,0
10,0.099254,0.303358,10.71,10.90,10,10,7,0.14+1.11=1.25,0.14+1.36=1.50,0
10,0.099500,0.303709,11.96,12.37,10,10,8,0.14+1.11=1.25,0.13+1.34=1.47,0
10,0.099855,0.304183,13.22,13.87,10,10,9,0.15+1.12=1.26,0.15+1.35=1.50,0
10,0.099911,0.304251,14.48,15.36,10,10,10,0.15+1.11=1.25,0.14+1.35=1.49,0
10,0.104073,0.310332,3.19,2.00,10,10,1,2.10+1.08=3.18,0.68+1.32=2.00,0
10,0.100532,0.304529,4.42,3.47,10,10,2,0.13+1.11=1.23,0.13+1.34=1.47,0
10,0.100386,0.303924,5.66,4.94,10,10,3,0.13+1.11=1.24,0.13+1.34=1.47,0
10,0.101465,0.305325,6.90,6.40,10,10,4,0.12+1.12=1.24,0.12+1.34=1.46,0
10,0.101996,0.306495,8.12,7.83,10,10,5,0.13+1.09=1.22,0.13+1.30=1.43,0
10,0.099419,0.303421,9.35,9.31,10,10,6,0.12+1.10=1.23,0.13+1.35=1.48,0
10,0.099254,0.303358,10.59,10.78,10,10,7,0.13+1.11=1.24,0.13+1.34=1.47,0
10,0.099500,0.303709,11.84,12.26,10,10,8,0.13+1.12=1.25,0.13+1.35=1.48,0
10,0.099855,0.304183,13.11,13.74,10,10,9,0.13+1.14=1.27,0.13+1.35=1.48,0
10,0.099911,0.304251,14.35,15.23,10,10,10,0.14+1.11=1.24,0.14+1.35=1.49,0
10,0.104073,0.310332,3.25,1.99,10,10,1,2.16+1.09=3.25,0.68+1.31=1.99,0
10,0.100532,0.304529,4.49,3.45,10,10,2,0.13+1.11=1.24,0.13+1.33=1.46,0
10,0.100386,0.303924,5.74,4.95,10,10,3,0.13+1.12=1.25,0.13+1.37=1.50,0
10,0.101465,0.305325,6.99,6.43,10,10,4,0.13+1.12=1.25,0.13+1.35=1.48,0
10,0.101996,0.306495,8.22,7.88,10,10,5,0.13+1.10=1.23,0.13+1.32=1.45,0
10,0.099419,0.303421,9.45,9.35,10,10,6,0.13+1.10=1.23,0.13+1.34=1.47,0
10,0.099254,0.303358,10.70,10.83,10,10,7,0.13+1.12=1.25,0.13+1.35=1.48,0
10,0.099500,0.303709,11.94,12.32,10,10,8,0.13+1.11=1.25,0.13+1.36=1.49,0
10,0.099855,0.304183,13.22,13.84,10,10,9,0.14+1.15=1.28,0.13+1.39=1.52,0
10,0.099911,0.304251,14.49,15.32,10,10,10,0.14+1.12=1.26,0.13+1.35=1.48,0
10,0.104073,0.310332,3.28,2.03,10,10,1,2.19+1.09=3.28,0.69+1.34=2.03,0
10,0.100532,0.304529,4.52,3.48,10,10,2,0.14+1.10=1.24,0.13+1.32=1.45,0
10,0.100386,0.303924,5.77,4.94,10,10,3,0.13+1.11=1.25,0.12+1.34=1.46,0
10,0.101465,0.305325,7.01,6.44,10,10,4,0.13+1.11=1.25,0.13+1.37=1.50,0
10,0.101996,0.306495,8.28,7.94,10,10,5,0.14+1.13=1.27,0.12+1.38=1.50,0
10,0.099419,0.303421,9.52,9.41,10,10,6,0.14+1.10=1.24,0.13+1.34=1.47,0
10,0.099254,0.303358,10.76,10.87,10,10,7,0.13+1.10=1.23,0.14+1.32=1.46,0
10,0.099500,0.303709,11.99,12.32,10,10,8,0.13+1.10=1.23,0.13+1.32=1.45,0
10,0.099855,0.304183,13.26,13.83,10,10,9,0.13+1.14=1.27,0.13+1.38=1.51,0
10,0.099911,0.304251,14.51,15.31,10,10,10,0.13+1.11=1.25,0.12+1.36=1.48,0
10,0.104073,0.310332,3.27,2.00,10,10,1,2.17+1.09=3.26,0.68+1.32=2.00,0
10,0.100532,0.304529,4.51,3.47,10,10,2,0.13+1.11=1.24,0.12+1.35=1.47,0
10,0.100386,0.303924,5.76,4.96,10,10,3,0.13+1.12=1.25,0.12+1.37=1.49,0
10,0.101465,0.305325,7.02,6.45,10,10,4,0.13+1.13=1.25,0.12+1.37=1.49,0
10,0.101996,0.306495,8.27,7.91,10,10,5,0.13+1.12=1.25,0.12+1.34=1.46,0
10,0.099419,0.303421,9.51,9.37,10,10,6,0.13+1.11=1.24,0.13+1.33=1.46,0
10,0.099254,0.303358,10.75,10.87,10,10,7,0.13+1.11=1.24,0.14+1.36=1.50,0
10,0.099500,0.303709,11.99,12.33,10,10,8,0.13+1.11=1.24,0.12+1.34=1.46,0
10,0.099855,0.304183,13.24,13.82,10,10,9,0.13+1.11=1.25,0.13+1.36=1.49,0
10,0.099911,0.304251,14.49,15.30,10,10,10,0.14+1.11=1.24,0.13+1.35=1.48,0
10,0.104299,0.310729,3.27,2.02,10,10,1,2.17+1.09=3.27,0.68+1.34=2.02,0
10,0.100647,0.304684,4.51,3.50,10,10,2,0.13+1.11=1.24,0.13+1.35=1.48,0
10,0.100730,0.304376,5.76,4.98,10,10,3,0.12+1.13=1.25,0.12+1.36=1.48,0
10,0.101965,0.306015,7.01,6.48,10,10,4,0.12+1.13=1.25,0.13+1.37=1.50,0
10,0.100553,0.304931,8.24,7.94,10,10,5,0.13+1.10=1.23,0.13+1.33=1.46,0
10,0.098953,0.302899,9.48,9.40,10,10,6,0.12+1.11=1.23,0.12+1.34=1.46,0
10,0.099300,0.303401,10.74,10.88,10,10,7,0.13+1.13=1.26,0.13+1.35=1.48,0
10,0.099191,0.303261,11.98,12.34,10,10,8,0.14+1.10=1.24,0.14+1.32=1.46,0
10,0.099191,0.303261,13.23,13.81,10,10,9,0.14+1.11=1.25,0.14+1.33=1.47,0
10,0.099191,0.303261,14.47,15.31,10,10,10,0.14+1.11=1.25,0.14+1.36=1.50,0
10,0.110116,0.321057,3.22,2.05,10,10,1,2.13+1.09=3.22,0.69+1.35=2.04,0
10,0.106013,0.312792,4.47,3.52,10,10,2,0.13+1.12=1.25,0.12+1.35=1.47,0
10,0.104113,0.309873,5.71,4.99,10,10,3,0.13+1.10=1.23,0.13+1.34=1.47,0
10,0.103960,0.310339,6.96,6.49,10,10,4,0.14+1.12=1.26,0.12+1.38=1.50,0
10,0.102374,0.308497,8.21,7.97,10,10,5,0.14+1.11=1.24,0.13+1.35=1.48,0
10,0.103453,0.309867,9.44,9.43,10,10,6,0.13+1.10=1.23,0.12+1.34=1.46,0
10,0.104893,0.311761,10.67,10.90,10,10,7,0.13+1.11=1.24,0.13+1.34=1.47,0
10,0.104427,0.310937,11.90,12.36,10,10,8,0.13+1.10=1.23,0.13+1.33=1.46,0
10,0.103560,0.309899,13.13,13.79,10,10,9,0.13+1.09=1.22,0.12+1.31=1.43,0
10,0.103523,0.309849,14.35,15.23,10,10,10,0.13+1.09=1.22,0.12+1.32=1.44,0
10,0.126394,0.346643,3.26,2.00,10,10,1,2.16+1.09=3.26,0.67+1.33=2.00,0
10,0.127434,0.344442,4.51,3.49,10,10,2,0.13+1.12=1.25,0.13+1.36=1.49,0
10,0.125130,0.343481,5.74,4.95,10,10,3,0.14+1.10=1.23,0.13+1.33=1.46,0
10,0.125599,0.343099,6.97,6.40,10,10,4,0.13+1.10=1.23,0.12+1.33=1.45,0
10,0.126654,0.343899,8.21,7.88,10,10,5,0.13+1.11=1.24,0.12+1.36=1.48,0
10,0.123884,0.340863,9.46,9.34,10,10,6,0.13+1.11=1.24,0.12+1.34=1.46,0
10,0.123820,0.340783,10.70,10.79,10,10,7,0.13+1.11=1.24,0.13+1.32=1.45,0
10,0.123820,0.340783,11.94,12.25,10,10,8,0.13+1.12=1.25,0.13+1.33=1.46,0
10,0.123820,0.340783,13.18,13.70,10,10,9,0.13+1.11=1.24,0.13+1.32=1.45,0
10,0.123820,0.340783,14.42,15.15,10,10,10,0.13+1.11=1.24,0.12+1.33=1.45,0
10,0.167905,0.404706,3.27,2.02,10,10,1,2.18+1.09=3.27,0.70+1.32=2.02,0
10,0.159940,0.393603,4.53,3.48,10,10,2,0.13+1.12=1.25,0.13+1.33=1.46,0
10,0.157597,0.391862,5.77,4.94,10,10,3,0.13+1.11=1.24,0.14+1.32=1.46,0
10,0.159380,0.394379,7.02,6.40,10,10,4,0.14+1.11=1.25,0.14+1.32=1.46,0
10,0.160009,0.395162,8.30,7.89,10,10,5,0.13+1.14=1.28,0.13+1.36=1.49,0
10,0.159768,0.394862,9.57,9.38,10,10,6,0.13+1.14=1.27,0.14+1.35=1.49,0
10,0.159548,0.394598,10.82,10.82,10,10,7,0.14+1.11=1.25,0.13+1.31=1.44,0
10,0.159676,0.394759,12.09,12.29,10,10,8,0.14+1.12=1.26,0.13+1.34=1.47,0
10,0.159667,0.394749,13.34,13.73,10,10,9,0.13+1.12=1.25,0.13+1.31=1.44,0
10,0.159667,0.394749,14.59,15.20,10,10,10,0.14+1.12=1.25,0.14+1.33=1.47,0
10,0.119921,0.336699,3.28,2.05,10,10,1,2.19+1.10=3.28,0.69+1.36=2.05,0
10,0.126749,0.342761,4.55,3.54,10,10,2,0.14+1.13=1.26,0.13+1.36=1.49,0
10,0.118128,0.332992,5.80,5.01,10,10,3,0.14+1.11=1.25,0.13+1.34=1.47,0
10,0.118284,0.333233,7.06,6.49,10,10,4,0.13+1.12=1.26,0.13+1.35=1.48,0
10,0.122022,0.339058,8.30,7.96,10,10,5,0.13+1.11=1.24,0.13+1.34=1.47,0
10,0.119548,0.335069,9.54,9.43,10,10,6,0.13+1.11=1.24,0.12+1.35=1.47,0
10,0.118723,0.333947,10.78,10.89,10,10,7,0.13+1.11=1.24,0.13+1.33=1.46,0
10,0.118831,0.334108,12.02,12.37,10,10,8,0.13+1.11=1.24,0.14+1.34=1.48,0
10,0.118796,0.334065,13.26,13.81,10,10,9,0.13+1.11=1.24,0.12+1.32=1.44,0
10,0.118796,0.334065,14.49,15.24,10,10,10,0.13+1.11=1.23,0.12+1.31=1.43,0
10,0.119921,0.336699,3.24,2.04,10,10,1,2.15+1.09=3.24,0.69+1.35=2.04,0
10,0.126749,0.342761,4.51,3.52,10,10,2,0.13+1.13=1.26,0.13+1.35=1.48,0
10,0.118128,0.332992,5.74,4.99,10,10,3,0.13+1.11=1.24,0.13+1.34=1.47,0
10,0.118284,0.333233,6.98,6.46,10,10,4,0.13+1.11=1.24,0.13+1.34=1.47,0
10,0.122022,0.339058,8.23,7.96,10,10,5,0.13+1.12=1.25,0.13+1.37=1.50,0
10,0.119548,0.335069,9.48,9.42,10,10,6,0.13+1.12=1.25,0.13+1.33=1.46,0
10,0.118723,0.333947,10.73,10.90,10,10,7,0.13+1.12=1.25,0.13+1.35=1.48,0
10,0.118831,0.334108,11.97,12.36,10,10,8,0.13+1.11=1.24,0.13+1.33=1.46,0
10,0.118796,0.334065,13.22,13.82,10,10,9,0.13+1.11=1.25,0.12+1.34=1.46,0
10,0.118796,0.334065,14.46,15.30,10,10,10,0.13+1.12=1.25,0.13+1.35=1.48,0
10,0.119921,0.336699,3.26,2.04,10,10,1,2.16+1.09=3.25,0.69+1.35=2.04,0
10,0.126749,0.342761,4.51,3.51,10,10,2,0.13+1.13=1.25,0.13+1.34=1.47,0
10,0.118128,0.332992,5.75,4.98,10,10,3,0.13+1.11=1.24,0.13+1.34=1.47,0
10,0.118284,0.333233,6.99,6.48,10,10,4,0.13+1.10=1.24,0.14+1.36=1.50,0
10,0.122022,0.339058,8.23,7.95,10,10,5,0.14+1.11=1.24,0.13+1.34=1.47,0
10,0.119548,0.335069,9.47,9.41,10,10,6,0.13+1.11=1.24,0.13+1.33=1.46,0
10,0.118723,0.333947,10.71,10.86,10,10,7,0.13+1.11=1.24,0.13+1.32=1.45,0
10,0.118831,0.334108,11.95,12.32,10,10,8,0.13+1.11=1.24,0.12+1.34=1.46,0
10,0.118796,0.334065,13.19,13.76,10,10,9,0.13+1.11=1.24,0.12+1.32=1.44,0
10,0.118796,0.334065,14.42,15.20,10,10,10,0.13+1.11=1.23,0.13+1.31=1.44,0
10,0.119921,0.336699,3.26,2.04,10,10,1,2.17+1.09=3.26,0.70+1.34=2.04,0
10,0.126749,0.342761,4.52,3.53,10,10,2,0.14+1.12=1.26,0.13+1.36=1.49,0
10,0.118128,0.332992,5.78,5.01,10,10,3,0.13+1.12=1.26,0.13+1.35=1.48,0
10,0.118284,0.333233,7.02,6.48,10,10,4,0.13+1.11=1.25,0.13+1.34=1.47,0
10,0.122022,0.339058,8.26,7.94,10,10,5,0.13+1.11=1.24,0.13+1.33=1.46,0
10,0.119548,0.335069,9.51,9.40,10,10,6,0.13+1.12=1.25,0.12+1.34=1.46,0
10,0.118723,0.333947,10.76,10.86,10,10,7,0.13+1.11=1.24,0.13+1.33=1.46,0
10,0.118831,0.334108,11.99,12.29,10,10,8,0.13+1.10=1.23,0.14+1.29=1.43,0
10,0.118796,0.334065,13.24,13.76,10,10,9,0.13+1.12=1.25,0.13+1.34=1.47,0
10,0.118796,0.334065,14.48,15.23,10,10,10,0.13+1.12=1.24,0.13+1.34=1.47,0
10,0.119921,0.336699,3.22,2.00,10,10,1,2.13+1.09=3.22,0.65+1.34=1.99,0
10,0.126749,0.342761,4.48,3.48,10,10,2,0.13+1.13=1.26,0.12+1.36=1.48,0
10,0.118128,0.332992,5.72,4.96,10,10,3,0.13+1.11=1.24,0.13+1.35=1.48,0
10,0.118284,0.333233,6.97,6.42,10,10,4,0.14+1.11=1.25,0.13+1.33=1.46,0
10,0.122022,0.339058,8.21,7.91,10,10,5,0.13+1.11=1.25,0.14+1.35=1.49,0
10,0.119548,0.335069,9.45,9.38,10,10,6,0.13+1.11=1.24,0.13+1.34=1.47,0
10,0.118723,0.333947,10.71,10.86,10,10,7,0.13+1.12=1.25,0.14+1.34=1.48,0
10,0.118831,0.334108,11.94,12.31,10,10,8,0.13+1.11=1.24,0.13+1.32=1.45,0
10,0.118796,0.334065,13.18,13.76,10,10,9,0.13+1.11=1.24,0.13+1.32=1.45,0
10,0.118796,0.334065,14.42,15.20,10,10,10,0.13+1.11=1.24,0.12+1.32=1.44,0
10,0.120153,0.337074,3.22,2.01,10,10,1,2.13+1.09=3.22,0.67+1.34=2.01,0
10,0.126784,0.342825,4.48,3.49,10,10,2,0.13+1.12=1.25,0.13+1.35=1.48,0
10,0.118128,0.332992,5.72,4.95,10,10,3,0.13+1.11=1.24,0.12+1.34=1.46,0
10,0.118284,0.333233,6.96,6.43,10,10,4,0.13+1.11=1.24,0.14+1.34=1.48,0
10,0.122045,0.339091,8.20,7.89,10,10,5,0.13+1.12=1.24,0.12+1.34=1.46,0
10,0.119532,0.335047,9.44,9.36,10,10,6,0.13+1.11=1.24,0.13+1.34=1.47,0
10,0.118829,0.334097,10.68,10.83,10,10,7,0.13+1.12=1.24,0.12+1.35=1.47,0
10,0.118859,0.334128,11.93,12.30,10,10,8,0.13+1.12=1.25,0.13+1.34=1.47,0
10,0.118644,0.333873,13.17,13.76,10,10,9,0.13+1.11=1.24,0.12+1.34=1.46,0
10,0.118518,0.333735,14.41,15.22,10,10,10,0.13+1.11=1.24,0.12+1.34=1.46,0
10,0.120224,0.337222,3.26,2.02,10,10,1,2.17+1.09=3.26,0.69+1.33=2.02,0
10,0.128536,0.347661,4.53,3.50,10,10,2,0.14+1.13=1.27,0.12+1.36=1.48,0
10,0.122922,0.342342,5.78,4.98,10,10,3,0.13+1.12=1.25,0.13+1.35=1.48,0
10,0.123005,0.342454,7.03,6.45,10,10,4,0.13+1.12=1.25,0.13+1.34=1.47,0
10,0.123791,0.343224,8.28,7.91,10,10,5,0.13+1.11=1.25,0.13+1.33=1.46,0
10,0.123844,0.343338,9.53,9.38,10,10,6,0.13+1.12=1.25,0.12+1.35=1.47,0
10,0.121259,0.339934,10.78,10.85,10,10,7,0.13+1.12=1.25,0.12+1.35=1.47,0
10,0.122132,0.341047,12.03,12.35,10,10,8,0.13+1.12=1.25,0.12+1.37=1.49,0
10,0.122072,0.340965,13.29,13.82,10,10,9,0.13+1.13=1.26,0.13+1.34=1.47,0
10,0.122072,0.340965,14.55,15.28,10,10,10,0.13+1.12=1.25,0.14+1.32=1.46,0
10,0.126771,0.347215,3.17,1.96,10,10,1,2.08+1.09=3.17,0.67+1.29=1.96,0
10,0.130223,0.350650,4.39,3.39,10,10,2,0.13+1.10=1.22,0.11+1.32=1.43,0
10,0.130090,0.353327,5.63,4.84,10,10,3,0.13+1.10=1.23,0.13+1.32=1.45,0
10,0.133856,0.357922,6.87,6.30,10,10,4,0.13+1.11=1.24,0.13+1.33=1.46,0
10,0.127337,0.348146,8.12,7.74,10,10,5,0.13+1.11=1.25,0.14+1.30=1.44,0
10,0.128404,0.350435,9.35,9.21,10,10,6,0.13+1.11=1.24,0.13+1.34=1.47,0
10,0.130345,0.353669,10.60,10.68,10,10,7,0.13+1.12=1.25,0.12+1.35=1.47,0
10,0.130642,0.354135,11.85,12.14,10,10,8,0.13+1.12=1.25,0.13+1.33=1.46,0
10,0.130624,0.354113,13.10,13.59,10,10,9,0.13+1.11=1.25,0.13+1.32=1.45,0
10,0.130624,0.354113,14.34,15.04,10,10,10,0.13+1.11=1.24,0.13+1.32=1.45,0
10,0.179265,0.418483,3.22,2.03,10,10,1,2.12+1.09=3.21,0.70+1.33=2.03,0
10,0.180505,0.415641,4.46,3.50,10,10,2,0.14+1.10=1.24,0.14+1.33=1.47,0
10,0.169873,0.406634,5.70,4.96,10,10,3,0.14+1.10=1.24,0.13+1.33=1.46,0
10,0.167439,0.403600,6.95,6.43,10,10,4,0.14+1.11=1.25,0.13+1.34=1.47,0
10,0.167922,0.404282,8.20,7.89,10,10,5,0.14+1.11=1.25,0.15+1.31=1.46,0
10,0.167873,0.404189,9.45,9.35,10,10,6,0.14+1.11=1.25,0.14+1.32=1.46,0
10,0.167858,0.404178,10.71,10.80,10,10,7,0.14+1.11=1.26,0.14+1.31=1.45,0
10,0.167858,0.404178,11.96,12.27,10,10,8,0.14+1.11=1.25,0.15+1.32=1.47,0
10,0.167858,0.404178,13.21,13.75,10,10,9,0.14+1.11=1.25,0.14+1.34=1.48,0
10,0.167858,0.404178,14.46,15.21,10,10,10,0.14+1.11=1.25,0.14+1.32=1.46,0
10,0.164257,0.399585,3.22,2.01,10,10,1,2.12+1.09=3.21,0.69+1.32=2.01,0
10,0.165231,0.398641,4.49,3.50,10,10,2,0.14+1.13=1.27,0.14+1.35=1.49,0
10,0.160032,0.393116,5.75,4.98,10,10,3,0.14+1.12=1.26,0.14+1.34=1.48,0
10,0.169507,0.405547,7.00,6.42,10,10,4,0.14+1.10=1.25,0.13+1.31=1.44,0
10,0.165441,0.400871,8.24,7.88,10,10,5,0.13+1.11=1.24,0.13+1.33=1.46,0
10,0.165402,0.400834,9.52,9.36,10,10,6,0.14+1.14=1.27,0.13+1.35=1.48,0
10,0.165402,0.400834,10.76,10.82,10,10,7,0.14+1.11=1.25,0.14+1.32=1.46,0
10,0.165402,0.400834,12.01,12.26,10,10,8,0.13+1.11=1.24,0.13+1.31=1.44,0
10,0.165402,0.400834,13.25,13.72,10,10,9,0.14+1.11=1.25,0.14+1.32=1.46,0
10,0.165402,0.400834,14.50,15.19,10,10,10,0.14+1.11=1.25,0.13+1.34=1.47,0
10,0.164257,0.399585,3.20,2.01,10,10,1,2.11+1.09=3.20,0.68+1.33=2.01,0
10,0.165231,0.398641,4.47,3.49,10,10,2,0.13+1.14=1.27,0.13+1.35=1.48,0
10,0.160032,0.393116,5.72,4.94,10,10,3,0.13+1.12=1.25,0.13+1.32=1.45,0
10,0.169507,0.405547,6.97,6.43,10,10,4,0.13+1.11=1.25,0.14+1.35=1.49,0
10,0.165441,0.400871,8.22,7.88,10,10,5,0.14+1.11=1.25,0.13+1.32=1.45,0
10,0.165402,0.400834,9.47,9.34,10,10,6,0.13+1.12=1.25,0.13+1.33=1.46,0
10,0.165402,0.400834,10.72,10.80,10,10,7,0.13+1.11=1.25,0.13+1.33=1.46,0
10,0.165402,0.400834,11.98,12.26,10,10,8,0.13+1.12=1.26,0.14+1.32=1.46,0
10,0.165402,0.400834,13.22,13.73,10,10,9,0.13+1.11=1.25,0.14+1.33=1.47,0
10,0.165402,0.400834,14.48,15.18,10,10,10,0.13+1.12=1.25,0.13+1.32=1.45,0
10,0.164257,0.399585,3.19,2.02,10,10,1,2.09+1.09=3.19,0.68+1.34=2.02,0
10,0.165231,0.398641,4.46,3.48,10,10,2,0.14+1.13=1.27,0.14+1.32=1.46,0
10,0.160032,0.393116,5.70,4.93,10,10,3,0.13+1.11=1.25,0.13+1.32=1.45,0
10,0.169507,0.405547,6.94,6.39,10,10,4,0.13+1.10=1.24,0.14+1.32=1.46,0
10,0.165441,0.400871,8.20,7.86,10,10,5,0.14+1.12=1.25,0.13+1.34=1.47,0
10,0.165402,0.400834,9.47,9.34,10,10,6,0.14+1.13=1.27,0.13+1.35=1.48,0
10,0.165402,0.400834,10.71,10.80,10,10,7,0.14+1.11=1.24,0.14+1.32=1.46,0
10,0.165402,0.400834,11.96,12.27,10,10,8,0.14+1.11=1.25,0.15+1.32=1.47,0
10,0.165402,0.400834,13.22,13.74,10,10,9,0.14+1.13=1.26,0.13+1.34=1.47,0
10,0.165402,0.400834,14.47,15.21,10,10,10,0.14+1.11=1.25,0.13+1.34=1.47,0
10,0.164257,0.399585,3.28,2.05,10,10,1,2.19+1.09=3.28,0.71+1.34=2.05,0
10,0.165231,0.398641,4.55,3.54,10,10,2,0.13+1.13=1.27,0.13+1.36=1.49,0
10,0.160032,0.393116,5.81,5.01,10,10,3,0.14+1.12=1.26,0.14+1.33=1.47,0
10,0.169507,0.405547,7.05,6.46,10,10,4,0.14+1.10=1.24,0.14+1.31=1.45,0
10,0.165441,0.400871,8.30,7.91,10,10,5,0.14+1.11=1.25,0.13+1.32=1.45,0
10,0.165402,0.400834,9.54,9.37,10,10,6,0.14+1.11=1.25,0.14+1.32=1.46,0
10,0.165402,0.400834,10.78,10.84,10,10,7,0.14+1.10=1.24,0.14+1.33=1.47,0
10,0.165402,0.400834,12.03,12.30,10,10,8,0.14+1.11=1.24,0.14+1.32=1.46,0
10,0.165402,0.400834,13.27,13.73,10,10,9,0.14+1.11=1.24,0.13+1.30=1.43,0
10,0.165402,0.400834,14.53,15.21,10,10,10,0.14+1.13=1.26,0.14+1.34=1.48,0
10,0.164257,0.399585,3.25,2.02,10,10,1,2.16+1.09=3.25,0.68+1.34=2.02,0
10,0.165231,0.398641,4.51,3.49,10,10,2,0.13+1.13=1.27,0.12+1.35=1.47,0
10,0.160032,0.393116,5.76,4.95,10,10,3,0.13+1.12=1.25,0.13+1.33=1.46,0
10,0.169507,0.405547,7.00,6.39,10,10,4,0.14+1.10=1.24,0.13+1.31=1.44,0
10,0.165441,0.400871,8.24,7.84,10,10,5,0.14+1.10=1.24,0.14+1.31=1.45,0
10,0.165402,0.400834,9.49,9.29,10,10,6,0.14+1.11=1.25,0.14+1.31=1.45,0
10,0.165402,0.400834,10.73,10.73,10,10,7,0.14+1.11=1.24,0.13+1.31=1.44,0
10,0.165402,0.400834,11.97,12.18,10,10,8,0.14+1.10=1.24,0.14+1.31=1.45,0
10,0.165402,0.400834,13.22,13.64,10,10,9,0.14+1.11=1.25,0.14+1.32=1.46,0
10,0.165402,0.400834,14.47,15.10,10,10,10,0.14+1.11=1.25,0.14+1.32=1.46,0
10,0.164587,0.399986,3.25,2.01,10,10,1,2.16+1.09=3.25,0.68+1.33=2.01,0
10,0.165356,0.398794,4.55,3.52,10,10,2,0.13+1.17=1.30,0.13+1.38=1.51,0
10,0.160046,0.393122,5.79,4.96,10,10,3,0.14+1.11=1.25,0.14+1.30=1.44,0
10,0.169507,0.405547,7.03,6.41,10,10,4,0.14+1.10=1.24,0.14+1.31=1.45,0
10,0.165441,0.400871,8.28,7.87,10,10,5,0.14+1.11=1.25,0.14+1.32=1.46,0
10,0.165402,0.400834,9.53,9.30,10,10,6,0.14+1.11=1.25,0.13+1.30=1.43,0
10,0.165402,0.400834,10.77,10.76,10,10,7,0.14+1.11=1.25,0.13+1.33=1.46,0
10,0.165402,0.400834,12.02,12.23,10,10,8,0.14+1.11=1.25,0.13+1.34=1.47,0
10,0.165402,0.400834,13.27,13.68,10,10,9,0.14+1.11=1.25,0.13+1.32=1.45,0
10,0.165402,0.400834,14.52,15.13,10,10,10,0.14+1.11=1.25,0.13+1.32=1.45,0
10,0.166040,0.401639,3.25,2.02,10,10,1,2.16+1.09=3.25,0.68+1.34=2.02,0
10,0.166082,0.399512,4.52,3.50,10,10,2,0.15+1.13=1.28,0.14+1.34=1.48,0
10,0.159669,0.392750,5.78,4.97,10,10,3,0.14+1.12=1.26,0.14+1.33=1.47,0
10,0.169673,0.405879,7.03,6.43,10,10,4,0.15+1.10=1.25,0.14+1.32=1.46,0
10,0.166391,0.402209,8.28,7.90,10,10,5,0.14+1.11=1.25,0.13+1.34=1.47,0
10,0.166559,0.402474,9.54,9.36,10,10,6,0.14+1.11=1.26,0.14+1.32=1.46,0
10,0.166771,0.402693,10.79,10.82,10,10,7,0.14+1.12=1.25,0.14+1.32=1.46,0
10,0.166632,0.402539,12.05,12.30,10,10,8,0.13+1.12=1.26,0.14+1.34=1.48,0
10,0.166589,0.402491,13.31,13.76,10,10,9,0.14+1.12=1.26,0.13+1.33=1.46,0
10,0.166589,0.402491,14.57,15.22,10,10,10,0.14+1.12=1.26,0.13+1.33=1.46,0
10,0.166952,0.402655,3.26,2.02,10,10,1,2.16+1.09=3.26,0.68+1.34=2.02,0
10,0.163782,0.397019,4.53,3.52,10,10,2,0.13+1.14=1.27,0.12+1.38=1.50,0
10,0.159718,0.392728,5.78,4.99,10,10,3,0.14+1.11=1.25,0.13+1.34=1.47,0
10,0.169935,0.405940,7.03,6.46,10,10,4,0.14+1.11=1.25,0.13+1.34=1.47,0
10,0.167947,0.404121,8.29,7.91,10,10,5,0.14+1.12=1.26,0.14+1.31=1.45,0
10,0.168283,0.404630,9.55,9.38,10,10,6,0.14+1.13=1.27,0.13+1.34=1.47,0
10,0.168228,0.404476,10.81,10.85,10,10,7,0.14+1.13=1.26,0.14+1.33=1.47,0
10,0.167586,0.403836,12.08,12.34,10,10,8,0.14+1.13=1.27,0.13+1.36=1.49,0
10,0.167817,0.404094,13.35,13.82,10,10,9,0.14+1.13=1.27,0.13+1.35=1.48,0
10,0.167798,0.404079,14.63,15.31,10,10,10,0.14+1.14=1.27,0.13+1.36=1.49,0
10,0.200647,0.437692,3.22,2.02,10,10,1,2.13+1.09=3.22,0.68+1.34=2.02,0
10,0.173001,0.410083,4.49,3.51,10,10,2,0.13+1.13=1.27,0.13+1.36=1.49,0
10,0.173986,0.410521,5.74,4.97,10,10,3,0.13+1.11=1.24,0.13+1.33=1.46,0
10,0.183345,0.420515,6.98,6.43,10,10,4,0.13+1.11=1.24,0.13+1.33=1.46,0
10,0.178439,0.416298,8.23,7.90,10,10,5,0.14+1.11=1.25,0.13+1.34=1.47,0
10,0.177977,0.415918,9.46,9.35,10,10,6,0.14+1.10=1.24,0.14+1.31=1.45,0
10,0.178325,0.416302,10.73,10.81,10,10,7,0.14+1.12=1.26,0.14+1.32=1.46,0
10,0.178487,0.416435,11.99,12.28,10,10,8,0.14+1.12=1.26,0.13+1.34=1.47,0
10,0.177723,0.415706,13.25,13.75,10,10,9,0.14+1.13=1.26,0.14+1.33=1.47,0
10,0.177821,0.415829,14.51,15.23,10,10,10,0.14+1.12=1.26,0.14+1.34=1.48,0
